-- MySQL dump 10.17  Distrib 10.3.25-MariaDB, for debian-linux-gnu (x86_64)
--
-- Host: localhost    Database: order
-- ------------------------------------------------------
-- Server version	10.3.25-MariaDB-0ubuntu0.20.04.1

/*!40101 SET @OLD_CHARACTER_SET_CLIENT=@@CHARACTER_SET_CLIENT */;
/*!40101 SET @OLD_CHARACTER_SET_RESULTS=@@CHARACTER_SET_RESULTS */;
/*!40101 SET @OLD_COLLATION_CONNECTION=@@COLLATION_CONNECTION */;
/*!40101 SET NAMES utf8 */;
/*!40103 SET @OLD_TIME_ZONE=@@TIME_ZONE */;
/*!40103 SET TIME_ZONE='+00:00' */;
/*!40014 SET @OLD_FOREIGN_KEY_CHECKS=@@FOREIGN_KEY_CHECKS, FOREIGN_KEY_CHECKS=0 */;
/*!40101 SET @OLD_SQL_MODE=@@SQL_MODE, SQL_MODE='NO_AUTO_VALUE_ON_ZERO' */;
/*!40111 SET @OLD_SQL_NOTES=@@SQL_NOTES, SQL_NOTES=0 */;

--
-- Dumping data for table `customers`
--

LOCK TABLES `customers` WRITE;
/*!40000 ALTER TABLE `customers` DISABLE KEYS */;
INSERT INTO `customers` VALUES (103,'Atelier graphique','Schmitt','Carine ','40.32.2555','54, rue Royale','adr2','Nantes','','44000','France',1370,21000.00),(112,'Signal Gift Stores','King','Jean','7025551838','8489 Strong St.',NULL,'Las Vegas','NV','83030','USA',1166,71800.00),(114,'Australian Collectors, Co.','Ferguson','Peter','03 9520 4555','636 St Kilda Road','Level 3','Melbourne','Victoria','3004','Australia',1611,117300.00),(119,'La Rochelle Gifts','Labrune','Janine ','40.67.8555','67, rue des Cinquante Otages',NULL,'Nantes',NULL,'44000','France',1370,118200.00),(121,'Baane Mini Imports','Bergulfsen','Jonas ','07-98 9555','Erling Skakkes gate 78',NULL,'Stavern',NULL,'4110','Norway',1504,81700.00),(124,'Mini Gifts Distributors Ltd.','Nelson','Susan','4155551450','5677 Strong St.',NULL,'San Rafael','CA','97562','USA',1165,210500.00),(125,'Havel & Zbyszek Co','Piestrzeniewicz','Zbyszek ','(26) 642-7555','ul. Filtrowa 68',NULL,'Warszawa',NULL,'01-012','Poland',NULL,0.00),(128,'Blauer See Auto, Co.','Keitel','Roland','+49 69 66 90 2555','Lyonerstr. 34',NULL,'Frankfurt',NULL,'60528','Germany',1504,59700.00),(129,'Mini Wheels Co.','Murphy','Julie','6505555787','5557 North Pendale Street',NULL,'San Francisco','CA','94217','USA',1165,64600.00),(131,'Land of Toys Inc.','Lee','Kwai','2125557818','897 Long Airport Avenue',NULL,'NYC','NY','10022','USA',1323,114900.00),(141,'Euro+ Shopping Channel','Freyre','Diego ','(91) 555 94 44','C/ Moralzarzal, 86',NULL,'Madrid',NULL,'28034','Spain',1370,227600.00),(144,'Volvo Model Replicas, Co','Berglund','Christina ','0921-12 3555','Berguvsvägen  8',NULL,'Luleå',NULL,'S-958 22','Sweden',1504,53100.00),(145,'Danish Wholesale Imports','Petersen','Jytte ','31 12 3555','Vinbæltet 34',NULL,'Kobenhavn',NULL,'1734','Denmark',1401,83400.00),(146,'Saveley & Henriot, Co.','Saveley','Mary ','78.32.5555','2, rue du Commerce',NULL,'Lyon',NULL,'69004','France',1337,123900.00),(148,'Dragon Souveniers, Ltd.','Natividad','Eric','+65 221 7555','Bronz Sok.','Bronz Apt. 3/6 Tesvikiye','Singapore',NULL,'079903','Singapore',1621,103800.00),(151,'Muscle Machine Inc','Young','Jeff','2125557413','4092 Furth Circle','Suite 400','NYC','NY','10022','USA',1286,138500.00),(157,'Diecast Classics Inc.','Leong','Kelvin','2155551555','7586 Pompton St.',NULL,'Allentown','PA','70267','USA',1216,100600.00),(161,'Technics Stores Inc.','Hashimoto','Juri','6505556809','9408 Furth Circle',NULL,'Burlingame','CA','94217','USA',1165,84600.00),(166,'Handji Gifts& Co','Victorino','Wendy','+65 224 1555','106 Linden Road Sandown','2nd Floor','Singapore',NULL,'069045','Singapore',1612,97900.00),(167,'Herkku Gifts','Oeztan','Veysel','+47 2267 3215','Brehmen St. 121','PR 334 Sentrum','Bergen',NULL,'N 5804','Norway  ',1504,96800.00),(168,'American Souvenirs Inc','Franco','Keith','2035557845','149 Spinnaker Dr.','Suite 101','New Haven','CT','97823','USA',1286,0.00),(169,'Porto Imports Co.','de Castro','Isabel ','(1) 356-5555','Estrada da saúde n. 58',NULL,'Lisboa',NULL,'1756','Portugal',NULL,0.00),(171,'Daedalus Designs Imports','Rancé','Martine ','20.16.1555','184, chaussée de Tournai',NULL,'Lille',NULL,'59000','France',1370,82900.00),(172,'La Corne D\'abondance, Co.','Bertrand','Marie','(1) 42.34.2555','265, boulevard Charonne',NULL,'Paris',NULL,'75012','France',1337,84300.00),(173,'Cambridge Collectables Co.','Tseng','Jerry','6175555555','4658 Baden Av.',NULL,'Cambridge','MA','51247','USA',1188,43400.00),(175,'Gift Depot Inc.','King','Julie','2035552570','25593 South Bay Ln.',NULL,'Bridgewater','CT','97562','USA',1323,84300.00),(177,'Osaka Souveniers Co.','Kentary','Mory','+81 06 6342 5555','1-6-20 Dojima',NULL,'Kita-ku','Osaka',' 530-0003','Japan',1621,81200.00),(181,'Vitachrome Inc.','Frick','Michael','2125551500','2678 Kingston Rd.','Suite 101','NYC','NY','10022','USA',1286,76400.00),(186,'Toys of Finland, Co.','Karttunen','Matti','90-224 8555','Keskuskatu 45',NULL,'Helsinki',NULL,'21240','Finland',1501,96500.00),(187,'AV Stores, Co.','Ashworth','Rachel','(171) 555-1555','Fauntleroy Circus',NULL,'Manchester',NULL,'EC2 5NT','UK',1501,136800.00),(189,'Clover Collections, Co.','Cassidy','Dean','+353 1862 1555','25 Maiden Lane','Floor No. 4','Dublin',NULL,'2','Ireland',1504,69400.00),(198,'Auto-Moto Classics Inc.','Taylor','Leslie','6175558428','16780 Pompton St.',NULL,'Brickhaven','MA','58339','USA',1216,23000.00),(201,'UK Collectables, Ltd.','Devon','Elizabeth','(171) 555-2282','12, Berkeley Gardens Blvd',NULL,'Liverpool',NULL,'WX1 6LT','UK',1501,92700.00),(202,'Canadian Gift Exchange Network','Tamuri','Yoshi ','(604) 555-3392','1900 Oak St.',NULL,'Vancouver','BC','V3F 2K1','Canada',1323,90300.00),(204,'Online Mini Collectables','Barajas','Miguel','6175557555','7635 Spinnaker Dr.',NULL,'Brickhaven','MA','58339','USA',1188,68700.00),(205,'Toys4GrownUps.com','Young','Julie','6265557265','78934 Hillside Dr.',NULL,'Pasadena','CA','90003','USA',1166,90700.00),(206,'Asian Shopping Network, Co','Walker','Brydey','+612 9411 1555','Suntec Tower Three','8 Temasek','Singapore',NULL,'038988','Singapore',NULL,0.00),(209,'Mini Caravy','Citeaux','Frédérique ','88.60.1555','24, place Kléber',NULL,'Strasbourg',NULL,'67000','France',1370,53800.00),(211,'King Kong Collectables, Co.','Gao','Mike','+852 2251 1555','Bank of China Tower','1 Garden Road','Central Hong Kong',NULL,NULL,'Hong Kong',1621,58600.00),(216,'Enaco Distributors','Saavedra','Eduardo ','(93) 203 4555','Rambla de Cataluña, 23',NULL,'Barcelona',NULL,'08022','Spain',1702,60300.00),(219,'Boards & Toys Co.','Young','Mary','3105552373','4097 Douglas Av.',NULL,'Glendale','CA','92561','USA',1166,11000.00),(223,'Natürlich Autos','Kloss','Horst ','0372-555188','Taucherstraße 10',NULL,'Cunewalde',NULL,'01307','Germany',NULL,0.00),(227,'Heintze Collectables','Ibsen','Palle','86 21 3555','Smagsloget 45',NULL,'Århus',NULL,'8200','Denmark',1401,120800.00),(233,'Québec Home Shopping Network','Fresnière','Jean ','(514) 555-8054','43 rue St. Laurent',NULL,'Montréal','Québec','H1J 1C3','Canada',1286,48700.00),(237,'ANG Resellers','Camino','Alejandra ','(91) 745 6555','Gran Vía, 1',NULL,'Madrid',NULL,'28001','Spain',NULL,0.00),(239,'Collectable Mini Designs Co.','Thompson','Valarie','7605558146','361 Furth Circle',NULL,'San Diego','CA','91217','USA',1166,105000.00),(240,'giftsbymail.co.uk','Bennett','Helen ','(198) 555-8888','Garden House','Crowther Way 23','Cowes','Isle of Wight','PO31 7PJ','UK',1501,93900.00),(242,'Alpha Cognac','Roulet','Annette ','61.77.6555','1 rue Alsace-Lorraine',NULL,'Toulouse',NULL,'31000','France',1370,61100.00),(247,'Messner Shopping Network','Messner','Renate ','069-0555984','Magazinweg 7',NULL,'Frankfurt',NULL,'60528','Germany',NULL,0.00),(249,'Amica Models & Co.','Accorti','Paolo ','011-4988555','Via Monte Bianco 34',NULL,'Torino',NULL,'10100','Italy',1401,113000.00),(250,'Lyon Souveniers','Da Silva','Daniel','+33 1 46 62 7555','27 rue du Colonel Pierre Avia',NULL,'Paris',NULL,'75508','France',1337,68100.00),(256,'Auto Associés & Cie.','Tonini','Daniel ','30.59.8555','67, avenue de l\'Europe',NULL,'Versailles',NULL,'78000','France',1370,77900.00),(259,'Toms Spezialitäten, Ltd','Pfalzheim','Henriette ','0221-5554327','Mehrheimerstr. 369',NULL,'Köln',NULL,'50739','Germany',1504,120400.00),(260,'Royal Canadian Collectables, Ltd.','Lincoln','Elizabeth ','(604) 555-4555','23 Tsawassen Blvd.',NULL,'Tsawassen','BC','T2F 8M4','Canada',1323,89600.00),(273,'Franken Gifts, Co','Franken','Peter ','089-0877555','Berliner Platz 43',NULL,'München',NULL,'80805','Germany',NULL,0.00),(276,'Anna\'s Decorations, Ltd','O\'Hara','Anna','02 9936 8555','201 Miller Street','Level 15','North Sydney','NSW','2060','Australia',1611,107800.00),(278,'Rovelli Gifts','Rovelli','Giovanni ','035-640555','Via Ludovico il Moro 22',NULL,'Bergamo',NULL,'24100','Italy',1401,119600.00),(282,'Souveniers And Things Co.','Huxley','Adrian','+61 2 9495 8555','Monitor Money Building','815 Pacific Hwy','Chatswood','NSW','2067','Australia',1611,93300.00),(286,'Marta\'s Replicas Co.','Hernandez','Marta','6175558555','39323 Spinnaker Dr.',NULL,'Cambridge','MA','51247','USA',1216,123700.00),(293,'BG&E Collectables','Harrison','Ed','+41 26 425 50 01','Rte des Arsenaux 41 ',NULL,'Fribourg',NULL,'1700','Switzerland',NULL,0.00),(298,'Vida Sport, Ltd','Holz','Mihael','0897-034555','Grenzacherweg 237',NULL,'Genève',NULL,'1203','Switzerland',1702,141300.00),(299,'Norway Gifts By Mail, Co.','Klaeboe','Jan','+47 2212 1555','Drammensveien 126A','PB 211 Sentrum','Oslo',NULL,'N 0106','Norway  ',1504,95100.00),(303,'Schuyler Imports','Schuyler','Bradley','+31 20 491 9555','Kingsfordweg 151',NULL,'Amsterdam',NULL,'1043 GR','Netherlands',NULL,0.00),(307,'Der Hund Imports','Andersen','Mel','030-0074555','Obere Str. 57',NULL,'Berlin',NULL,'12209','Germany',NULL,0.00),(311,'Oulu Toy Supplies, Inc.','Koskitalo','Pirkko','981-443655','Torikatu 38',NULL,'Oulu',NULL,'90110','Finland',1501,90500.00),(314,'Petit Auto','Dewey','Catherine ','(02) 5554 67','Rue Joseph-Bens 532',NULL,'Bruxelles',NULL,'B-1180','Belgium',1401,79900.00),(319,'Mini Classics','Frick','Steve','9145554562','3758 North Pendale Street',NULL,'White Plains','NY','24067','USA',1323,102700.00),(320,'Mini Creations Ltd.','Huang','Wing','5085559555','4575 Hillside Dr.',NULL,'New Bedford','MA','50553','USA',1188,94500.00),(321,'Corporate Gift Ideas Co.','Brown','Julie','6505551386','7734 Strong St.',NULL,'San Francisco','CA','94217','USA',1165,105000.00),(323,'Down Under Souveniers, Inc','Graham','Mike','+64 9 312 5555','162-164 Grafton Road','Level 2','Auckland  ',NULL,NULL,'New Zealand',1612,88000.00),(324,'Stylish Desk Decors, Co.','Brown','Ann ','(171) 555-0297','35 King George',NULL,'London',NULL,'WX3 6FW','UK',1501,77000.00),(328,'Tekni Collectables Inc.','Brown','William','2015559350','7476 Moss Rd.',NULL,'Newark','NJ','94019','USA',1323,43000.00),(333,'Australian Gift Network, Co','Calaghan','Ben','61-7-3844-6555','31 Duncan St. West End',NULL,'South Brisbane','Queensland','4101','Australia',1611,51600.00),(334,'Suominen Souveniers','Suominen','Kalle','+358 9 8045 555','Software Engineering Center','SEC Oy','Espoo',NULL,'FIN-02271','Finland',1501,98800.00),(335,'Cramer Spezialitäten, Ltd','Cramer','Philip ','0555-09555','Maubelstr. 90',NULL,'Brandenburg',NULL,'14776','Germany',NULL,0.00),(339,'Classic Gift Ideas, Inc','Cervantes','Francisca','2155554695','782 First Street',NULL,'Philadelphia','PA','71270','USA',1188,81100.00),(344,'CAF Imports','Fernandez','Jesus','+34 913 728 555','Merchants House','27-30 Merchant\'s Quay','Madrid',NULL,'28023','Spain',1702,59600.00),(347,'Men \'R\' US Retailers, Ltd.','Chandler','Brian','2155554369','6047 Douglas Av.',NULL,'Los Angeles','CA','91003','USA',1166,57700.00),(348,'Asian Treasures, Inc.','McKenna','Patricia ','2967 555','8 Johnstown Road',NULL,'Cork','Co. Cork',NULL,'Ireland',NULL,0.00),(350,'Marseille Mini Autos','Lebihan','Laurence ','91.24.4555','12, rue des Bouchers',NULL,'Marseille',NULL,'13008','France',1337,65000.00),(353,'Reims Collectables','Henriot','Paul ','26.47.1555','59 rue de l\'Abbaye',NULL,'Reims',NULL,'51100','France',1337,81100.00),(356,'SAR Distributors, Co','Kuger','Armand','+27 21 550 3555','1250 Pretorius Street',NULL,'Hatfield','Pretoria','0028','South Africa',NULL,0.00),(357,'GiftsForHim.com','MacKinlay','Wales','64-9-3763555','199 Great North Road',NULL,'Auckland',NULL,NULL,'New Zealand',1612,77700.00),(361,'Kommission Auto','Josephs','Karin','0251-555259','Luisenstr. 48',NULL,'Münster',NULL,'44087','Germany',NULL,0.00),(362,'Gifts4AllAges.com','Yoshido','Juri','6175559555','8616 Spinnaker Dr.',NULL,'Boston','MA','51003','USA',1216,41900.00),(363,'Online Diecast Creations Co.','Young','Dorothy','6035558647','2304 Long Airport Avenue',NULL,'Nashua','NH','62005','USA',1216,114200.00),(369,'Lisboa Souveniers, Inc','Rodriguez','Lino ','(1) 354-2555','Jardim das rosas n. 32',NULL,'Lisboa',NULL,'1675','Portugal',NULL,0.00),(376,'Precious Collectables','Urs','Braun','0452-076555','Hauptstr. 29',NULL,'Bern',NULL,'3012','Switzerland',1702,0.00),(379,'Collectables For Less Inc.','Nelson','Allen','6175558555','7825 Douglas Av.',NULL,'Brickhaven','MA','58339','USA',1188,70700.00),(381,'Royale Belge','Cartrain','Pascale ','(071) 23 67 2555','Boulevard Tirou, 255',NULL,'Charleroi',NULL,'B-6000','Belgium',1401,23500.00),(382,'Salzburg Collectables','Pipps','Georg ','6562-9555','Geislweg 14',NULL,'Salzburg',NULL,'5020','Austria',1401,71700.00),(385,'Cruz & Sons Co.','Cruz','Arnold','+63 2 555 3587','15 McCallum Street','NatWest Center #13-03','Makati City',NULL,'1227 MM','Philippines',1621,81500.00),(386,'L\'ordine Souveniers','Moroni','Maurizio ','0522-556555','Strada Provinciale 124',NULL,'Reggio Emilia',NULL,'42100','Italy',1401,121400.00),(398,'Tokyo Collectables, Ltd','Shimamura','Akiko','+81 3 3584 0555','2-2-8 Roppongi',NULL,'Minato-ku','Tokyo','106-0032','Japan',1621,94400.00),(406,'Auto Canal+ Petit','Perrier','Dominique','(1) 47.55.6555','25, rue Lauriston',NULL,'Paris',NULL,'75016','France',1337,95000.00),(409,'Stuttgart Collectable Exchange','Müller','Rita ','0711-555361','Adenauerallee 900',NULL,'Stuttgart',NULL,'70563','Germany',NULL,0.00),(412,'Extreme Desk Decorations, Ltd','McRoy','Sarah','04 499 9555','101 Lambton Quay','Level 11','Wellington',NULL,NULL,'New Zealand',1612,86800.00),(415,'Bavarian Collectables Imports, Co.','Donnermeyer','Michael',' +49 89 61 08 9555','Hansastr. 15',NULL,'Munich',NULL,'80686','Germany',1504,77000.00),(424,'Classic Legends Inc.','Hernandez','Maria','2125558493','5905 Pompton St.','Suite 750','NYC','NY','10022','USA',1286,67500.00),(443,'Feuer Online Stores, Inc','Feuer','Alexander ','0342-555176','Heerstr. 22',NULL,'Leipzig',NULL,'04179','Germany',NULL,0.00),(447,'Gift Ideas Corp.','Lewis','Dan','2035554407','2440 Pompton St.',NULL,'Glendale','CT','97561','USA',1323,49700.00),(448,'Scandinavian Gift Ideas','Larsson','Martha','0695-34 6555','Åkergatan 24',NULL,'Bräcke',NULL,'S-844 67','Sweden',1504,116400.00),(450,'The Sharp Gifts Warehouse','Frick','Sue','4085553659','3086 Ingle Ln.',NULL,'San Jose','CA','94217','USA',1165,77600.00),(452,'Mini Auto Werke','Mendel','Roland ','7675-3555','Kirchgasse 6',NULL,'Graz',NULL,'8010','Austria',1401,45300.00),(455,'Super Scale Inc.','Murphy','Leslie','2035559545','567 North Pendale Street',NULL,'New Haven','CT','97823','USA',1286,95400.00),(456,'Microscale Inc.','Choi','Yu','2125551957','5290 North Pendale Street','Suite 200','NYC','NY','10022','USA',1286,39800.00),(458,'Corrida Auto Replicas, Ltd','Sommer','Martín ','(91) 555 22 82','C/ Araquil, 67',NULL,'Madrid',NULL,'28023','Spain',1702,104600.00),(459,'Warburg Exchange','Ottlieb','Sven ','0241-039123','Walserweg 21',NULL,'Aachen',NULL,'52066','Germany',NULL,0.00),(462,'FunGiftIdeas.com','Benitez','Violeta','5085552555','1785 First Street',NULL,'New Bedford','MA','50553','USA',1216,85800.00),(465,'Anton Designs, Ltd.','Anton','Carmen','+34 913 728555','c/ Gobelas, 19-1 Urb. La Florida',NULL,'Madrid',NULL,'28023','Spain',NULL,0.00),(471,'Australian Collectables, Ltd','Clenahan','Sean','61-9-3844-6555','7 Allen Street',NULL,'Glen Waverly','Victoria','3150','Australia',1611,60300.00),(473,'Frau da Collezione','Ricotti','Franco','+39 022515555','20093 Cologno Monzese','Alessandro Volta 16','Milan',NULL,NULL,'Italy',1401,34800.00),(475,'West Coast Collectables Co.','Thompson','Steve','3105553722','3675 Furth Circle',NULL,'Burbank','CA','94019','USA',1166,55400.00),(477,'Mit Vergnügen & Co.','Moos','Hanna ','0621-08555','Forsterstr. 57',NULL,'Mannheim',NULL,'68306','Germany',NULL,0.00),(480,'Kremlin Collectables, Co.','Semenov','Alexander ','+7 812 293 0521','2 Pobedy Square',NULL,'Saint Petersburg',NULL,'196143','Russia',NULL,0.00),(481,'Raanan Stores, Inc','Altagar,G M','Raanan','+ 972 9 959 8555','3 Hagalim Blv.',NULL,'Herzlia',NULL,'47625','Israel',NULL,0.00),(484,'Iberia Gift Imports, Corp.','Roel','José Pedro ','(95) 555 82 82','C/ Romero, 33',NULL,'Sevilla',NULL,'41101','Spain',1702,65700.00),(486,'Motor Mint Distributors Inc.','Salazar','Rosa','2155559857','11328 Douglas Av.',NULL,'Philadelphia','PA','71270','USA',1323,72600.00),(487,'Signal Collectibles Ltd.','Taylor','Sue','4155554312','2793 Furth Circle',NULL,'Brisbane','CA','94217','USA',1165,60300.00),(489,'Double Decker Gift Stores, Ltd','Smith','Thomas ','(171) 555-7555','120 Hanover Sq.',NULL,'London',NULL,'WA1 1DP','UK',1501,43300.00),(495,'Diecast Collectables','Franco','Valarie','6175552555','6251 Ingle Ln.',NULL,'Boston','MA','51003','USA',1188,85100.00),(496,'Kelly\'s Gift Shop','Snowden','Tony','+989126430078','Adr1','Adr2','Tehran','teh','123456789','Iran',1612,110000.00);
/*!40000 ALTER TABLE `customers` ENABLE KEYS */;
UNLOCK TABLES;

--
-- Dumping data for table `employees`
--

LOCK TABLES `employees` WRITE;
/*!40000 ALTER TABLE `employees` DISABLE KEYS */;
INSERT INTO `employees` VALUES (1002,'Murphy','Diane','x5800','dmurphy@classicmodelcars.com','1',NULL,'President'),(1056,'Patterson','Mary','x4611','mpatterso@classicmodelcars.com','1',1002,'VP Sales'),(1076,'Firrelli','Jeff','x9273','jfirrelli@classicmodelcars.com','1',1002,'VP Marketing'),(1088,'Patterson','William','x4871','wpatterson@classicmodelcars.com','6',1056,'Sales Manager (APAC)'),(1102,'Bondur','Gerard','x5408','gbondur@classicmodelcars.com','4',1056,'Sale Manager (EMEA)'),(1143,'Bow','Anthony','x5428','abow@classicmodelcars.com','1',1056,'Sales Manager (NA)'),(1165,'Jennings','Leslie','x3291','ljennings@classicmodelcars.com','1',1143,'Sales Rep'),(1166,'Thompson','Leslie','x4065','lthompson@classicmodelcars.com','1',1143,'Sales Rep'),(1188,'Firrelli','Julie','x2173','jfirrelli@classicmodelcars.com','2',1143,'Sales Rep'),(1216,'Patterson','Steve','x4334','spatterson@classicmodelcars.com','2',1143,'Sales Rep'),(1286,'Tseng','Foon Yue','x2248','ftseng@classicmodelcars.com','3',1143,'Sales Rep'),(1323,'Vanauf','George','x4102','gvanauf@classicmodelcars.com','3',1143,'Sales Rep'),(1337,'Bondur','Loui','x6493','lbondur@classicmodelcars.com','4',1102,'Sales Rep'),(1370,'Hernandez','Gerard','x2028','ghernande@classicmodelcars.com','4',1102,'Sales Rep'),(1401,'Castillo','Pamela','x2759','pcastillo@classicmodelcars.com','4',1102,'Sales Rep'),(1501,'Bott','Larry','x2311','lbott@classicmodelcars.com','7',1102,'Sales Rep'),(1504,'Jones','Barry','x102','bjones@classicmodelcars.com','7',1102,'Sales Rep'),(1611,'Fixter','Andy','x101','afixter@classicmodelcars.com','6',1088,'Sales Rep'),(1612,'Marsh','Peter','x102','pmarsh@classicmodelcars.com','6',1088,'Sales Rep'),(1619,'King','Tom','x103','tking@classicmodelcars.com','6',1088,'Sales Rep'),(1621,'Nishi','Mami','x101','mnishi@classicmodelcars.com','5',1056,'Sales Rep'),(1625,'Kato','Yoshimi','x102','ykato@classicmodelcars.com','5',1621,'Sales Rep'),(1702,'Gerard','Martin','x2312','mgerard@classicmodelcars.com','4',1102,'Sales Rep'),(1703,'afshin','parhizkari','X5530','parhizkari.afshin@gmail.com','5',1702,'It manager');
/*!40000 ALTER TABLE `employees` ENABLE KEYS */;
UNLOCK TABLES;

--
-- Dumping data for table `offices`
--

LOCK TABLES `offices` WRITE;
/*!40000 ALTER TABLE `offices` DISABLE KEYS */;
INSERT INTO `offices` VALUES ('1','San Francisco','+1 650 219 4782','100 Market Street','Suite 300','CA','USA','94080','NA'),('2','Boston','+1 215 837 0825','1550 Court Place','Suite 102','MA','USA','02107','NA'),('3','NYC','+1 212 555 3000','523 East 53rd Street','apt. 5A','NY','USA','10022','NA'),('4','Paris','+33 14 723 4404','43 Rue Jouffroy D\'abbans',NULL,NULL,'France','75017','EMEA'),('5','Tokyo','+81 33 224 5000','4-1 Kioicho',NULL,'Chiyoda-Ku','Japan','102-8578','Japan'),('6','Sydney','+61 2 9264 2441','5-11 Wentworth Avenue','Floor #2',NULL,'Australia','NSW 2010','APAC'),('7','London','+44 20 7877 2041','25 Old Broad Street','Level 7',NULL,'UK','EC2N 1HN','EMEA');
/*!40000 ALTER TABLE `offices` ENABLE KEYS */;
UNLOCK TABLES;

--
-- Dumping data for table `orderdetails`
--

LOCK TABLES `orderdetails` WRITE;
/*!40000 ALTER TABLE `orderdetails` DISABLE KEYS */;
INSERT INTO `orderdetails` VALUES (10100,'S18_1749',30,136.00,4),(10100,'S18_2248',50,55.09,2),(10100,'S18_4409',22,75.46,4),(10100,'S24_3969',49,35.29,1),(10101,'S18_2325',25,108.06,4),(10101,'S18_2795',26,167.06,1),(10101,'S24_1937',45,32.53,3),(10101,'S24_2022',46,44.35,2),(10102,'S18_1342',39,95.55,2),(10102,'S18_1367',41,43.13,1),(10103,'S10_1949',26,214.30,11),(10103,'S10_4962',42,119.67,4),(10103,'S12_1666',27,121.64,8),(10103,'S18_1097',35,94.50,10),(10103,'S18_2432',22,58.34,2),(10103,'S18_2949',27,92.19,12),(10103,'S18_2957',35,61.84,14),(10103,'S18_3136',25,86.92,13),(10103,'S18_3320',46,86.31,16),(10103,'S18_4600',36,98.07,5),(10103,'S18_4668',41,40.75,9),(10103,'S24_2300',36,107.34,1),(10103,'S24_4258',25,88.62,15),(10103,'S32_1268',31,92.46,3),(10103,'S32_3522',45,63.35,7),(10103,'S700_2824',42,94.07,6),(10104,'S12_3148',34,131.44,1),(10104,'S12_4473',41,111.39,9),(10104,'S18_2238',24,135.90,8),(10104,'S18_2319',29,122.73,12),(10104,'S18_3232',23,165.95,13),(10104,'S18_4027',38,119.20,3),(10104,'S24_1444',35,52.02,6),(10104,'S24_2840',44,30.41,10),(10104,'S24_4048',26,106.45,5),(10104,'S32_2509',35,51.95,11),(10104,'S32_3207',49,56.55,4),(10104,'S50_1392',33,114.59,7),(10104,'S50_1514',32,53.31,2),(10105,'S10_4757',50,127.84,2),(10105,'S12_1108',41,205.72,15),(10105,'S12_3891',29,141.88,14),(10105,'S18_3140',22,136.59,11),(10105,'S18_3259',38,87.73,13),(10105,'S18_4522',41,75.48,10),(10105,'S24_2011',43,117.97,9),(10105,'S24_3151',44,73.46,4),(10105,'S24_3816',50,75.47,1),(10105,'S700_1138',41,54.00,5),(10105,'S700_1938',29,86.61,12),(10105,'S700_2610',31,60.72,3),(10105,'S700_3505',39,92.16,6),(10105,'S700_3962',22,99.31,7),(10105,'S72_3212',25,44.77,8),(10106,'S18_1662',36,134.04,12),(10106,'S18_2581',34,81.10,2),(10106,'S18_3029',41,80.86,18),(10106,'S18_3856',41,94.22,17),(10106,'S24_1785',28,107.23,4),(10106,'S24_2841',49,65.77,13),(10106,'S24_3420',31,55.89,14),(10106,'S24_3949',50,55.96,11),(10106,'S24_4278',26,71.00,3),(10106,'S32_4289',33,65.35,5),(10106,'S50_1341',39,35.78,6),(10106,'S700_1691',31,91.34,7),(10106,'S700_2047',30,85.09,16),(10106,'S700_2466',34,99.72,9),(10106,'S700_2834',32,113.90,1),(10106,'S700_3167',44,76.00,8),(10106,'S700_4002',48,70.33,10),(10106,'S72_1253',48,43.70,15),(10107,'S10_1678',30,81.35,2),(10107,'S10_2016',39,105.86,5),(10107,'S10_4698',27,172.36,4),(10107,'S12_2823',21,122.00,1),(10107,'S18_2625',29,52.70,6),(10107,'S24_1578',25,96.92,3),(10107,'S24_2000',38,73.12,7),(10107,'S32_1374',20,88.90,8),(10108,'S12_1099',33,165.38,6),(10108,'S12_3380',45,96.30,4),(10108,'S12_3990',39,75.81,7),(10108,'S12_4675',36,107.10,3),(10108,'S18_1889',38,67.76,2),(10108,'S18_3278',26,73.17,9),(10108,'S18_3482',29,132.29,8),(10108,'S18_3782',43,52.84,12),(10108,'S18_4721',44,139.87,11),(10108,'S24_2360',35,64.41,15),(10108,'S24_3371',30,60.01,5),(10108,'S24_3856',40,132.00,1),(10108,'S24_4620',31,67.10,10),(10108,'S32_2206',27,36.21,13),(10108,'S32_4485',31,87.76,16),(10108,'S50_4713',34,74.85,14),(10109,'S18_1129',26,117.48,4),(10109,'S18_1984',38,137.98,3),(10109,'S18_2870',26,126.72,1),(10109,'S18_3232',46,160.87,5),(10109,'S18_3685',47,125.74,2),(10109,'S24_2972',29,32.10,6),(10110,'S18_1589',37,118.22,16),(10110,'S18_1749',42,153.00,7),(10110,'S18_2248',32,51.46,6),(10110,'S18_2325',33,115.69,4),(10110,'S18_2795',31,163.69,1),(10110,'S18_4409',28,81.91,8),(10110,'S18_4933',42,62.00,9),(10110,'S24_1046',36,72.02,13),(10110,'S24_1628',29,43.27,15),(10110,'S24_1937',20,28.88,3),(10110,'S24_2022',39,40.77,2),(10110,'S24_2766',43,82.69,11),(10110,'S24_2887',46,112.74,10),(10110,'S24_3191',27,80.47,12),(10110,'S24_3432',37,96.37,14),(10110,'S24_3969',48,35.29,5),(10111,'S18_1342',33,87.33,6),(10111,'S18_1367',48,48.52,5),(10111,'S18_2957',28,53.09,2),(10111,'S18_3136',43,94.25,1),(10111,'S18_3320',39,91.27,4),(10111,'S24_4258',26,85.70,3),(10112,'S10_1949',29,197.16,1),(10112,'S18_2949',23,85.10,2),(10113,'S12_1666',21,121.64,2),(10113,'S18_1097',49,101.50,4),(10113,'S18_4668',50,43.27,3),(10113,'S32_3522',23,58.82,1),(10114,'S10_4962',31,128.53,8),(10114,'S18_2319',39,106.78,3),(10114,'S18_2432',45,53.48,6),(10114,'S18_3232',48,169.34,4),(10114,'S18_4600',41,105.34,9),(10114,'S24_2300',21,102.23,5),(10114,'S24_2840',24,28.64,1),(10114,'S32_1268',32,88.61,7),(10114,'S32_2509',28,43.83,2),(10114,'S700_2824',42,82.94,10),(10115,'S12_4473',46,111.39,5),(10115,'S18_2238',46,140.81,4),(10115,'S24_1444',47,56.64,2),(10115,'S24_4048',44,106.45,1),(10115,'S50_1392',27,100.70,3),(10116,'S32_3207',27,60.28,1),(10117,'S12_1108',33,195.33,9),(10117,'S12_3148',43,148.06,10),(10117,'S12_3891',39,173.02,8),(10117,'S18_3140',26,121.57,5),(10117,'S18_3259',21,81.68,7),(10117,'S18_4027',22,122.08,12),(10117,'S18_4522',23,73.73,4),(10117,'S24_2011',41,119.20,3),(10117,'S50_1514',21,55.65,11),(10117,'S700_1938',38,75.35,6),(10117,'S700_3962',45,89.38,1),(10117,'S72_3212',50,52.42,2),(10118,'S700_3505',36,86.15,1),(10119,'S10_4757',46,112.88,11),(10119,'S18_1662',43,151.38,3),(10119,'S18_3029',21,74.84,9),(10119,'S18_3856',27,95.28,8),(10119,'S24_2841',41,64.40,4),(10119,'S24_3151',35,72.58,13),(10119,'S24_3420',20,63.12,5),(10119,'S24_3816',35,82.18,10),(10119,'S24_3949',28,62.10,2),(10119,'S700_1138',25,57.34,14),(10119,'S700_2047',29,74.23,7),(10119,'S700_2610',38,67.22,12),(10119,'S700_4002',26,63.67,1),(10119,'S72_1253',28,40.22,6),(10120,'S10_2016',29,118.94,3),(10120,'S10_4698',46,158.80,2),(10120,'S18_2581',29,82.79,8),(10120,'S18_2625',46,57.54,4),(10120,'S24_1578',35,110.45,1),(10120,'S24_1785',39,93.01,10),(10120,'S24_2000',34,72.36,5),(10120,'S24_4278',29,71.73,9),(10120,'S32_1374',22,94.90,6),(10120,'S32_4289',29,68.79,11),(10120,'S50_1341',49,41.46,12),(10120,'S700_1691',47,91.34,13),(10120,'S700_2466',24,81.77,15),(10120,'S700_2834',24,106.79,7),(10120,'S700_3167',43,72.00,14),(10121,'S10_1678',34,86.13,5),(10121,'S12_2823',50,126.52,4),(10121,'S24_2360',32,58.18,2),(10121,'S32_4485',25,95.93,3),(10121,'S50_4713',44,72.41,1),(10122,'S12_1099',42,155.66,10),(10122,'S12_3380',37,113.92,8),(10122,'S12_3990',32,65.44,11),(10122,'S12_4675',20,104.80,7),(10122,'S18_1129',34,114.65,2),(10122,'S18_1889',43,62.37,6),(10122,'S18_1984',31,113.80,1),(10122,'S18_3232',25,137.17,3),(10122,'S18_3278',21,69.15,13),(10122,'S18_3482',21,133.76,12),(10122,'S18_3782',35,59.06,16),(10122,'S18_4721',28,145.82,15),(10122,'S24_2972',39,34.74,4),(10122,'S24_3371',34,50.82,9),(10122,'S24_3856',43,136.22,5),(10122,'S24_4620',29,67.10,14),(10122,'S32_2206',31,33.79,17),(10123,'S18_1589',26,120.71,2),(10123,'S18_2870',46,114.84,3),(10123,'S18_3685',34,117.26,4),(10123,'S24_1628',50,43.27,1),(10124,'S18_1749',21,153.00,6),(10124,'S18_2248',42,58.12,5),(10124,'S18_2325',42,111.87,3),(10124,'S18_4409',36,75.46,7),(10124,'S18_4933',23,66.28,8),(10124,'S24_1046',22,62.47,12),(10124,'S24_1937',45,30.53,2),(10124,'S24_2022',22,36.29,1),(10124,'S24_2766',32,74.51,10),(10124,'S24_2887',25,93.95,9),(10124,'S24_3191',49,76.19,11),(10124,'S24_3432',43,101.73,13),(10124,'S24_3969',46,36.11,4),(10125,'S18_1342',32,89.38,1),(10125,'S18_2795',34,138.38,2),(10126,'S10_1949',38,205.73,11),(10126,'S10_4962',22,122.62,4),(10126,'S12_1666',21,135.30,8),(10126,'S18_1097',38,116.67,10),(10126,'S18_1367',42,51.21,17),(10126,'S18_2432',43,51.05,2),(10126,'S18_2949',31,93.21,12),(10126,'S18_2957',46,61.84,14),(10126,'S18_3136',30,93.20,13),(10126,'S18_3320',38,94.25,16),(10126,'S18_4600',50,102.92,5),(10126,'S18_4668',43,47.29,9),(10126,'S24_2300',27,122.68,1),(10126,'S24_4258',34,83.76,15),(10126,'S32_1268',43,82.83,3),(10126,'S32_3522',26,62.05,7),(10126,'S700_2824',45,97.10,6),(10127,'S12_1108',46,193.25,2),(10127,'S12_3148',46,140.50,3),(10127,'S12_3891',42,169.56,1),(10127,'S12_4473',24,100.73,11),(10127,'S18_2238',45,140.81,10),(10127,'S18_2319',45,114.14,14),(10127,'S18_3232',22,149.02,15),(10127,'S18_4027',25,126.39,5),(10127,'S24_1444',20,50.86,8),(10127,'S24_2840',39,34.30,12),(10127,'S24_4048',20,107.63,7),(10127,'S32_2509',45,46.53,13),(10127,'S32_3207',29,60.90,6),(10127,'S50_1392',46,111.12,9),(10127,'S50_1514',46,55.65,4),(10128,'S18_3140',41,120.20,2),(10128,'S18_3259',41,80.67,4),(10128,'S18_4522',43,77.24,1),(10128,'S700_1938',32,72.75,3),(10129,'S10_4757',33,123.76,2),(10129,'S24_2011',45,113.06,9),(10129,'S24_3151',41,81.43,4),(10129,'S24_3816',50,76.31,1),(10129,'S700_1138',31,58.67,5),(10129,'S700_2610',45,72.28,3),(10129,'S700_3505',42,90.15,6),(10129,'S700_3962',30,94.34,7),(10129,'S72_3212',32,44.23,8),(10130,'S18_3029',40,68.82,2),(10130,'S18_3856',33,99.52,1),(10131,'S18_1662',21,141.92,4),(10131,'S24_2841',35,60.97,5),(10131,'S24_3420',29,52.60,6),(10131,'S24_3949',50,54.59,3),(10131,'S700_2047',22,76.94,8),(10131,'S700_2466',40,86.76,1),(10131,'S700_4002',26,63.67,2),(10131,'S72_1253',21,40.22,7),(10132,'S700_3167',36,80.00,1),(10133,'S18_2581',49,80.26,3),(10133,'S24_1785',41,109.42,5),(10133,'S24_4278',46,61.58,4),(10133,'S32_1374',23,80.91,1),(10133,'S32_4289',49,67.41,6),(10133,'S50_1341',27,37.09,7),(10133,'S700_1691',24,76.73,8),(10133,'S700_2834',27,115.09,2),(10134,'S10_1678',41,90.92,2),(10134,'S10_2016',27,116.56,5),(10134,'S10_4698',31,187.85,4),(10134,'S12_2823',20,131.04,1),(10134,'S18_2625',30,51.48,6),(10134,'S24_1578',35,94.67,3),(10134,'S24_2000',43,75.41,7),(10135,'S12_1099',42,173.17,7),(10135,'S12_3380',48,110.39,5),(10135,'S12_3990',24,72.62,8),(10135,'S12_4675',29,103.64,4),(10135,'S18_1889',48,66.99,3),(10135,'S18_3278',45,65.94,10),(10135,'S18_3482',42,139.64,9),(10135,'S18_3782',45,49.74,13),(10135,'S18_4721',31,133.92,12),(10135,'S24_2360',29,67.18,16),(10135,'S24_2972',20,34.36,1),(10135,'S24_3371',27,52.05,6),(10135,'S24_3856',47,139.03,2),(10135,'S24_4620',23,76.80,11),(10135,'S32_2206',33,38.62,14),(10135,'S32_4485',30,91.85,17),(10135,'S50_4713',44,78.92,15),(10136,'S18_1129',25,117.48,2),(10136,'S18_1984',36,120.91,1),(10136,'S18_3232',41,169.34,3),(10137,'S18_1589',44,115.73,2),(10137,'S18_2870',37,110.88,3),(10137,'S18_3685',31,118.68,4),(10137,'S24_1628',26,40.25,1),(10138,'S18_1749',33,149.60,6),(10138,'S18_2248',22,51.46,5),(10138,'S18_2325',38,114.42,3),(10138,'S18_4409',47,79.15,7),(10138,'S18_4933',23,64.86,8),(10138,'S24_1046',45,59.53,12),(10138,'S24_1937',22,33.19,2),(10138,'S24_2022',33,38.53,1),(10138,'S24_2766',28,73.60,10),(10138,'S24_2887',30,96.30,9),(10138,'S24_3191',49,77.05,11),(10138,'S24_3432',21,99.58,13),(10138,'S24_3969',29,32.82,4),(10139,'S18_1342',31,89.38,7),(10139,'S18_1367',49,52.83,6),(10139,'S18_2795',41,151.88,8),(10139,'S18_2949',46,91.18,1),(10139,'S18_2957',20,52.47,3),(10139,'S18_3136',20,101.58,2),(10139,'S18_3320',30,81.35,5),(10139,'S24_4258',29,93.49,4),(10140,'S10_1949',37,186.44,11),(10140,'S10_4962',26,131.49,4),(10140,'S12_1666',38,118.90,8),(10140,'S18_1097',32,95.67,10),(10140,'S18_2432',46,51.05,2),(10140,'S18_4600',40,100.50,5),(10140,'S18_4668',29,40.25,9),(10140,'S24_2300',47,118.84,1),(10140,'S32_1268',26,87.64,3),(10140,'S32_3522',28,62.05,7),(10140,'S700_2824',36,101.15,6),(10141,'S12_4473',21,114.95,5),(10141,'S18_2238',39,160.46,4),(10141,'S18_2319',47,103.09,8),(10141,'S18_3232',34,143.94,9),(10141,'S24_1444',20,50.86,2),(10141,'S24_2840',21,32.18,6),(10141,'S24_4048',40,104.09,1),(10141,'S32_2509',24,53.03,7),(10141,'S50_1392',44,94.92,3),(10142,'S12_1108',33,166.24,12),(10142,'S12_3148',33,140.50,13),(10142,'S12_3891',46,167.83,11),(10142,'S18_3140',47,129.76,8),(10142,'S18_3259',22,95.80,10),(10142,'S18_4027',24,122.08,15),(10142,'S18_4522',24,79.87,7),(10142,'S24_2011',33,114.29,6),(10142,'S24_3151',49,74.35,1),(10142,'S32_3207',42,60.90,16),(10142,'S50_1514',42,56.24,14),(10142,'S700_1138',41,55.34,2),(10142,'S700_1938',43,77.08,9),(10142,'S700_3505',21,92.16,3),(10142,'S700_3962',38,91.37,4),(10142,'S72_3212',39,46.96,5),(10143,'S10_4757',49,133.28,15),(10143,'S18_1662',32,126.15,7),(10143,'S18_3029',46,70.54,13),(10143,'S18_3856',34,99.52,12),(10143,'S24_2841',27,63.71,8),(10143,'S24_3420',33,59.83,9),(10143,'S24_3816',23,74.64,14),(10143,'S24_3949',28,55.96,6),(10143,'S50_1341',34,34.91,1),(10143,'S700_1691',36,86.77,2),(10143,'S700_2047',26,87.80,11),(10143,'S700_2466',26,79.78,4),(10143,'S700_2610',31,69.39,16),(10143,'S700_3167',28,70.40,3),(10143,'S700_4002',34,65.15,5),(10143,'S72_1253',37,49.66,10),(10144,'S32_4289',20,56.41,1),(10145,'S10_1678',45,76.56,6),(10145,'S10_2016',37,104.67,9),(10145,'S10_4698',33,154.93,8),(10145,'S12_2823',49,146.10,5),(10145,'S18_2581',30,71.81,14),(10145,'S18_2625',30,52.70,10),(10145,'S24_1578',43,103.68,7),(10145,'S24_1785',40,87.54,16),(10145,'S24_2000',47,63.98,11),(10145,'S24_2360',27,56.10,3),(10145,'S24_4278',33,71.73,15),(10145,'S32_1374',33,99.89,12),(10145,'S32_2206',31,39.43,1),(10145,'S32_4485',27,95.93,4),(10145,'S50_4713',38,73.22,2),(10145,'S700_2834',20,113.90,13),(10146,'S18_3782',47,60.30,2),(10146,'S18_4721',29,130.94,1),(10147,'S12_1099',48,161.49,7),(10147,'S12_3380',31,110.39,5),(10147,'S12_3990',21,74.21,8),(10147,'S12_4675',33,97.89,4),(10147,'S18_1889',26,70.84,3),(10147,'S18_3278',36,74.78,10),(10147,'S18_3482',37,129.35,9),(10147,'S24_2972',25,33.23,1),(10147,'S24_3371',30,48.98,6),(10147,'S24_3856',23,123.58,2),(10147,'S24_4620',31,72.76,11),(10148,'S18_1129',23,114.65,13),(10148,'S18_1589',47,108.26,9),(10148,'S18_1984',25,136.56,12),(10148,'S18_2870',27,113.52,10),(10148,'S18_3232',32,143.94,14),(10148,'S18_3685',28,135.63,11),(10148,'S18_4409',34,83.75,1),(10148,'S18_4933',29,66.28,2),(10148,'S24_1046',25,65.41,6),(10148,'S24_1628',47,46.29,8),(10148,'S24_2766',21,77.24,4),(10148,'S24_2887',34,115.09,3),(10148,'S24_3191',31,71.91,5),(10148,'S24_3432',27,96.37,7),(10149,'S18_1342',50,87.33,4),(10149,'S18_1367',30,48.52,3),(10149,'S18_1749',34,156.40,11),(10149,'S18_2248',24,50.85,10),(10149,'S18_2325',33,125.86,8),(10149,'S18_2795',23,167.06,5),(10149,'S18_3320',42,89.29,2),(10149,'S24_1937',36,31.20,7),(10149,'S24_2022',49,39.87,6),(10149,'S24_3969',26,38.57,9),(10149,'S24_4258',20,90.57,1),(10150,'S10_1949',45,182.16,8),(10150,'S10_4962',20,121.15,1),(10150,'S12_1666',30,135.30,5),(10150,'S18_1097',34,95.67,7),(10150,'S18_2949',47,93.21,9),(10150,'S18_2957',30,56.21,11),(10150,'S18_3136',26,97.39,10),(10150,'S18_4600',49,111.39,2),(10150,'S18_4668',30,47.29,6),(10150,'S32_3522',49,62.05,4),(10150,'S700_2824',20,95.08,3),(10151,'S12_4473',24,114.95,3),(10151,'S18_2238',43,152.27,2),(10151,'S18_2319',49,106.78,6),(10151,'S18_2432',39,58.34,9),(10151,'S18_3232',21,167.65,7),(10151,'S24_2300',42,109.90,8),(10151,'S24_2840',30,29.35,4),(10151,'S32_1268',27,84.75,10),(10151,'S32_2509',41,43.29,5),(10151,'S50_1392',26,108.81,1),(10152,'S18_4027',35,117.77,1),(10152,'S24_1444',25,49.13,4),(10152,'S24_4048',23,112.37,3),(10152,'S32_3207',33,57.17,2),(10153,'S12_1108',20,201.57,11),(10153,'S12_3148',42,128.42,12),(10153,'S12_3891',49,155.72,10),(10153,'S18_3140',31,125.66,7),(10153,'S18_3259',29,82.69,9),(10153,'S18_4522',22,82.50,6),(10153,'S24_2011',40,111.83,5),(10153,'S50_1514',31,53.31,13),(10153,'S700_1138',43,58.00,1),(10153,'S700_1938',31,80.55,8),(10153,'S700_3505',50,87.15,2),(10153,'S700_3962',20,85.41,3),(10153,'S72_3212',50,51.87,4),(10154,'S24_3151',31,75.23,2),(10154,'S700_2610',36,59.27,1),(10155,'S10_4757',32,129.20,13),(10155,'S18_1662',38,138.77,5),(10155,'S18_3029',44,83.44,11),(10155,'S18_3856',29,105.87,10),(10155,'S24_2841',23,62.34,6),(10155,'S24_3420',34,56.55,7),(10155,'S24_3816',37,76.31,12),(10155,'S24_3949',44,58.69,4),(10155,'S700_2047',32,89.61,9),(10155,'S700_2466',20,87.75,2),(10155,'S700_3167',43,76.80,1),(10155,'S700_4002',44,70.33,3),(10155,'S72_1253',34,49.16,8),(10156,'S50_1341',20,43.64,1),(10156,'S700_1691',48,77.64,2),(10157,'S18_2581',33,69.27,3),(10157,'S24_1785',40,89.72,5),(10157,'S24_4278',33,66.65,4),(10157,'S32_1374',34,83.91,1),(10157,'S32_4289',28,56.41,6),(10157,'S700_2834',48,109.16,2),(10158,'S24_2000',22,67.79,1),(10159,'S10_1678',49,81.35,14),(10159,'S10_2016',37,101.10,17),(10159,'S10_4698',22,170.42,16),(10159,'S12_1099',41,188.73,2),(10159,'S12_2823',38,131.04,13),(10159,'S12_3990',24,67.03,3),(10159,'S18_2625',42,51.48,18),(10159,'S18_3278',21,66.74,5),(10159,'S18_3482',25,129.35,4),(10159,'S18_3782',21,54.71,8),(10159,'S18_4721',32,142.85,7),(10159,'S24_1578',44,100.30,15),(10159,'S24_2360',27,67.18,11),(10159,'S24_3371',50,49.60,1),(10159,'S24_4620',23,80.84,6),(10159,'S32_2206',35,39.43,9),(10159,'S32_4485',23,86.74,12),(10159,'S50_4713',31,78.11,10),(10160,'S12_3380',46,96.30,6),(10160,'S12_4675',50,93.28,5),(10160,'S18_1889',38,70.84,4),(10160,'S18_3232',20,140.55,1),(10160,'S24_2972',42,30.59,2),(10160,'S24_3856',35,130.60,3),(10161,'S18_1129',28,121.72,12),(10161,'S18_1589',43,102.04,8),(10161,'S18_1984',48,139.41,11),(10161,'S18_2870',23,125.40,9),(10161,'S18_3685',36,132.80,10),(10161,'S18_4933',25,62.72,1),(10161,'S24_1046',37,73.49,5),(10161,'S24_1628',23,47.29,7),(10161,'S24_2766',20,82.69,3),(10161,'S24_2887',25,108.04,2),(10161,'S24_3191',20,72.77,4),(10161,'S24_3432',30,94.23,6),(10162,'S18_1342',48,87.33,2),(10162,'S18_1367',45,45.28,1),(10162,'S18_1749',29,141.10,9),(10162,'S18_2248',27,53.28,8),(10162,'S18_2325',38,113.15,6),(10162,'S18_2795',48,156.94,3),(10162,'S18_4409',39,86.51,10),(10162,'S24_1937',37,27.55,5),(10162,'S24_2022',43,38.98,4),(10162,'S24_3969',37,32.82,7),(10163,'S10_1949',21,212.16,1),(10163,'S18_2949',31,101.31,2),(10163,'S18_2957',48,59.96,4),(10163,'S18_3136',40,101.58,3),(10163,'S18_3320',43,80.36,6),(10163,'S24_4258',42,96.42,5),(10164,'S10_4962',21,143.31,2),(10164,'S12_1666',49,121.64,6),(10164,'S18_1097',36,103.84,8),(10164,'S18_4600',45,107.76,3),(10164,'S18_4668',25,46.29,7),(10164,'S32_1268',24,91.49,1),(10164,'S32_3522',49,57.53,5),(10164,'S700_2824',39,86.99,4),(10165,'S12_1108',44,168.32,3),(10165,'S12_3148',34,123.89,4),(10165,'S12_3891',27,152.26,2),(10165,'S12_4473',48,109.02,12),(10165,'S18_2238',29,134.26,11),(10165,'S18_2319',46,120.28,15),(10165,'S18_2432',31,60.77,18),(10165,'S18_3232',47,154.10,16),(10165,'S18_3259',50,84.71,1),(10165,'S18_4027',28,123.51,6),(10165,'S24_1444',25,46.82,9),(10165,'S24_2300',32,117.57,17),(10165,'S24_2840',27,31.12,13),(10165,'S24_4048',24,106.45,8),(10165,'S32_2509',48,50.86,14),(10165,'S32_3207',44,55.30,7),(10165,'S50_1392',48,106.49,10),(10165,'S50_1514',38,49.21,5),(10166,'S18_3140',43,136.59,2),(10166,'S18_4522',26,72.85,1),(10166,'S700_1938',29,76.22,3),(10167,'S10_4757',44,123.76,9),(10167,'S18_1662',43,141.92,1),(10167,'S18_3029',46,69.68,7),(10167,'S18_3856',34,84.70,6),(10167,'S24_2011',33,110.60,16),(10167,'S24_2841',21,54.81,2),(10167,'S24_3151',20,77.00,11),(10167,'S24_3420',32,64.44,3),(10167,'S24_3816',29,73.80,8),(10167,'S700_1138',43,66.00,12),(10167,'S700_2047',29,87.80,5),(10167,'S700_2610',46,62.16,10),(10167,'S700_3505',24,85.14,13),(10167,'S700_3962',28,83.42,14),(10167,'S72_1253',40,42.71,4),(10167,'S72_3212',38,43.68,15),(10168,'S10_1678',36,94.74,1),(10168,'S10_2016',27,97.53,4),(10168,'S10_4698',20,160.74,3),(10168,'S18_2581',21,75.19,9),(10168,'S18_2625',46,49.06,5),(10168,'S24_1578',50,103.68,2),(10168,'S24_1785',49,93.01,11),(10168,'S24_2000',29,72.36,6),(10168,'S24_3949',27,57.32,18),(10168,'S24_4278',48,68.10,10),(10168,'S32_1374',28,89.90,7),(10168,'S32_4289',31,57.78,12),(10168,'S50_1341',48,39.71,13),(10168,'S700_1691',28,91.34,14),(10168,'S700_2466',31,87.75,16),(10168,'S700_2834',36,94.92,8),(10168,'S700_3167',48,72.00,15),(10168,'S700_4002',39,67.37,17),(10169,'S12_1099',30,163.44,2),(10169,'S12_2823',35,126.52,13),(10169,'S12_3990',36,71.82,3),(10169,'S18_3278',32,65.13,5),(10169,'S18_3482',36,136.70,4),(10169,'S18_3782',38,52.84,8),(10169,'S18_4721',33,120.53,7),(10169,'S24_2360',38,66.49,11),(10169,'S24_3371',34,53.27,1),(10169,'S24_4620',24,77.61,6),(10169,'S32_2206',26,37.01,9),(10169,'S32_4485',34,83.68,12),(10169,'S50_4713',48,75.66,10),(10170,'S12_3380',47,116.27,4),(10170,'S12_4675',41,93.28,3),(10170,'S18_1889',20,70.07,2),(10170,'S24_3856',34,130.60,1),(10171,'S18_1129',35,134.46,2),(10171,'S18_1984',35,128.03,1),(10171,'S18_3232',39,165.95,3),(10171,'S24_2972',36,34.74,4),(10172,'S18_1589',42,109.51,6),(10172,'S18_2870',39,117.48,7),(10172,'S18_3685',48,139.87,8),(10172,'S24_1046',32,61.00,3),(10172,'S24_1628',34,43.27,5),(10172,'S24_2766',22,79.97,1),(10172,'S24_3191',24,77.91,2),(10172,'S24_3432',22,87.81,4),(10173,'S18_1342',43,101.71,6),(10173,'S18_1367',48,51.75,5),(10173,'S18_1749',24,168.30,13),(10173,'S18_2248',26,55.09,12),(10173,'S18_2325',31,127.13,10),(10173,'S18_2795',22,140.06,7),(10173,'S18_2957',28,56.84,2),(10173,'S18_3136',31,86.92,1),(10173,'S18_3320',29,90.28,4),(10173,'S18_4409',21,77.31,14),(10173,'S18_4933',39,58.44,15),(10173,'S24_1937',31,29.87,9),(10173,'S24_2022',27,39.42,8),(10173,'S24_2887',23,98.65,16),(10173,'S24_3969',35,35.70,11),(10173,'S24_4258',22,93.49,3),(10174,'S10_1949',34,207.87,4),(10174,'S12_1666',43,113.44,1),(10174,'S18_1097',48,108.50,3),(10174,'S18_2949',46,100.30,5),(10174,'S18_4668',49,44.27,2),(10175,'S10_4962',33,119.67,9),(10175,'S12_4473',26,109.02,1),(10175,'S18_2319',48,101.87,4),(10175,'S18_2432',41,59.55,7),(10175,'S18_3232',29,150.71,5),(10175,'S18_4600',47,102.92,10),(10175,'S24_2300',28,121.40,6),(10175,'S24_2840',37,32.18,2),(10175,'S32_1268',22,89.57,8),(10175,'S32_2509',50,50.86,3),(10175,'S32_3522',29,56.24,12),(10175,'S700_2824',42,80.92,11),(10176,'S12_1108',33,166.24,2),(10176,'S12_3148',47,145.04,3),(10176,'S12_3891',50,160.91,1),(10176,'S18_2238',20,139.17,10),(10176,'S18_4027',36,140.75,5),(10176,'S24_1444',27,55.49,8),(10176,'S24_4048',29,101.72,7),(10176,'S32_3207',22,62.14,6),(10176,'S50_1392',23,109.96,9),(10176,'S50_1514',38,52.14,4),(10177,'S18_3140',23,113.37,9),(10177,'S18_3259',29,92.77,11),(10177,'S18_4522',35,82.50,8),(10177,'S24_2011',50,115.52,7),(10177,'S24_3151',45,79.66,2),(10177,'S700_1138',24,58.67,3),(10177,'S700_1938',31,77.95,10),(10177,'S700_2610',32,64.33,1),(10177,'S700_3505',44,88.15,4),(10177,'S700_3962',24,83.42,5),(10177,'S72_3212',40,52.96,6),(10178,'S10_4757',24,131.92,12),(10178,'S18_1662',42,127.73,4),(10178,'S18_3029',41,70.54,10),(10178,'S18_3856',48,104.81,9),(10178,'S24_2841',34,67.82,5),(10178,'S24_3420',27,65.75,6),(10178,'S24_3816',21,68.77,11),(10178,'S24_3949',30,64.15,3),(10178,'S700_2047',34,86.90,8),(10178,'S700_2466',22,91.74,1),(10178,'S700_4002',45,68.11,2),(10178,'S72_1253',45,41.71,7),(10179,'S18_2581',24,82.79,3),(10179,'S24_1785',47,105.04,5),(10179,'S24_4278',27,66.65,4),(10179,'S32_1374',45,86.90,1),(10179,'S32_4289',24,63.97,6),(10179,'S50_1341',34,43.20,7),(10179,'S700_1691',23,75.81,8),(10179,'S700_2834',25,98.48,2),(10179,'S700_3167',39,80.00,9),(10180,'S10_1678',29,76.56,9),(10180,'S10_2016',42,99.91,12),(10180,'S10_4698',41,164.61,11),(10180,'S12_2823',40,131.04,8),(10180,'S18_2625',25,48.46,13),(10180,'S18_3782',21,59.06,3),(10180,'S18_4721',44,147.31,2),(10180,'S24_1578',48,98.05,10),(10180,'S24_2000',28,61.70,14),(10180,'S24_2360',35,60.95,6),(10180,'S24_4620',28,68.71,1),(10180,'S32_2206',34,33.39,4),(10180,'S32_4485',22,102.05,7),(10180,'S50_4713',21,74.85,5),(10181,'S12_1099',27,155.66,14),(10181,'S12_3380',28,113.92,12),(10181,'S12_3990',20,67.03,15),(10181,'S12_4675',36,107.10,11),(10181,'S18_1129',44,124.56,6),(10181,'S18_1589',42,124.44,2),(10181,'S18_1889',22,74.69,10),(10181,'S18_1984',21,129.45,5),(10181,'S18_2870',27,130.68,3),(10181,'S18_3232',45,147.33,7),(10181,'S18_3278',30,73.17,17),(10181,'S18_3482',22,120.53,16),(10181,'S18_3685',39,137.04,4),(10181,'S24_1628',34,45.28,1),(10181,'S24_2972',37,32.85,8),(10181,'S24_3371',23,54.49,13),(10181,'S24_3856',25,122.17,9),(10182,'S18_1342',25,83.22,3),(10182,'S18_1367',32,44.21,2),(10182,'S18_1749',44,159.80,10),(10182,'S18_2248',38,54.49,9),(10182,'S18_2325',20,105.52,7),(10182,'S18_2795',21,135.00,4),(10182,'S18_3320',33,86.31,1),(10182,'S18_4409',36,88.35,11),(10182,'S18_4933',44,61.29,12),(10182,'S24_1046',47,63.20,16),(10182,'S24_1937',39,31.86,6),(10182,'S24_2022',31,39.87,5),(10182,'S24_2766',36,87.24,14),(10182,'S24_2887',20,116.27,13),(10182,'S24_3191',33,73.62,15),(10182,'S24_3432',49,95.30,17),(10182,'S24_3969',23,34.88,8),(10183,'S10_1949',23,180.01,8),(10183,'S10_4962',28,127.06,1),(10183,'S12_1666',41,114.80,5),(10183,'S18_1097',21,108.50,7),(10183,'S18_2949',37,91.18,9),(10183,'S18_2957',39,51.22,11),(10183,'S18_3136',22,90.06,10),(10183,'S18_4600',21,118.66,2),(10183,'S18_4668',40,42.26,6),(10183,'S24_4258',47,81.81,12),(10183,'S32_3522',49,52.36,4),(10183,'S700_2824',23,85.98,3),(10184,'S12_4473',37,105.47,6),(10184,'S18_2238',46,145.72,5),(10184,'S18_2319',46,119.05,9),(10184,'S18_2432',44,60.77,12),(10184,'S18_3232',28,165.95,10),(10184,'S24_1444',31,57.22,3),(10184,'S24_2300',24,117.57,11),(10184,'S24_2840',42,30.06,7),(10184,'S24_4048',49,114.73,2),(10184,'S32_1268',46,84.75,13),(10184,'S32_2509',33,52.49,8),(10184,'S32_3207',48,59.03,1),(10184,'S50_1392',45,92.60,4),(10185,'S12_1108',21,195.33,13),(10185,'S12_3148',33,146.55,14),(10185,'S12_3891',43,147.07,12),(10185,'S18_3140',28,124.30,9),(10185,'S18_3259',49,94.79,11),(10185,'S18_4027',39,127.82,16),(10185,'S18_4522',47,87.77,8),(10185,'S24_2011',30,105.69,7),(10185,'S24_3151',33,83.20,2),(10185,'S50_1514',20,46.86,15),(10185,'S700_1138',21,64.67,3),(10185,'S700_1938',30,79.68,10),(10185,'S700_2610',39,61.44,1),(10185,'S700_3505',37,99.17,4),(10185,'S700_3962',22,93.35,5),(10185,'S72_3212',28,47.50,6),(10186,'S10_4757',26,108.80,9),(10186,'S18_1662',32,137.19,1),(10186,'S18_3029',32,73.12,7),(10186,'S18_3856',46,98.46,6),(10186,'S24_2841',22,60.29,2),(10186,'S24_3420',21,59.83,3),(10186,'S24_3816',36,68.77,8),(10186,'S700_2047',24,80.56,5),(10186,'S72_1253',28,42.71,4),(10187,'S18_2581',45,70.12,1),(10187,'S24_1785',46,96.29,3),(10187,'S24_3949',43,55.96,10),(10187,'S24_4278',33,64.48,2),(10187,'S32_4289',31,61.22,4),(10187,'S50_1341',41,39.71,5),(10187,'S700_1691',34,84.95,6),(10187,'S700_2466',44,95.73,8),(10187,'S700_3167',34,72.00,7),(10187,'S700_4002',44,70.33,9),(10188,'S10_1678',48,95.70,1),(10188,'S10_2016',38,111.80,4),(10188,'S10_4698',45,182.04,3),(10188,'S18_2625',32,52.09,5),(10188,'S24_1578',25,95.80,2),(10188,'S24_2000',40,61.70,6),(10188,'S32_1374',44,81.91,7),(10188,'S700_2834',29,96.11,8),(10189,'S12_2823',28,138.57,1),(10190,'S24_2360',42,58.87,3),(10190,'S32_2206',46,38.62,1),(10190,'S32_4485',42,89.80,4),(10190,'S50_4713',40,67.53,2),(10191,'S12_1099',21,155.66,3),(10191,'S12_3380',40,104.52,1),(10191,'S12_3990',30,70.22,4),(10191,'S18_3278',36,75.59,6),(10191,'S18_3482',23,119.06,5),(10191,'S18_3782',43,60.93,9),(10191,'S18_4721',32,136.90,8),(10191,'S24_3371',48,53.27,2),(10191,'S24_4620',44,77.61,7),(10192,'S12_4675',27,99.04,16),(10192,'S18_1129',22,140.12,11),(10192,'S18_1589',29,100.80,7),(10192,'S18_1889',45,70.84,15),(10192,'S18_1984',47,128.03,10),(10192,'S18_2870',38,110.88,8),(10192,'S18_3232',26,137.17,12),(10192,'S18_3685',45,125.74,9),(10192,'S24_1046',37,72.02,4),(10192,'S24_1628',47,49.30,6),(10192,'S24_2766',46,86.33,2),(10192,'S24_2887',23,112.74,1),(10192,'S24_2972',30,33.23,13),(10192,'S24_3191',32,69.34,3),(10192,'S24_3432',46,93.16,5),(10192,'S24_3856',45,112.34,14),(10193,'S18_1342',28,92.47,7),(10193,'S18_1367',46,46.36,6),(10193,'S18_1749',21,153.00,14),(10193,'S18_2248',42,60.54,13),(10193,'S18_2325',44,115.69,11),(10193,'S18_2795',22,143.44,8),(10193,'S18_2949',28,87.13,1),(10193,'S18_2957',24,53.09,3),(10193,'S18_3136',23,97.39,2),(10193,'S18_3320',32,79.37,5),(10193,'S18_4409',24,92.03,15),(10193,'S18_4933',25,66.28,16),(10193,'S24_1937',26,32.19,10),(10193,'S24_2022',20,44.80,9),(10193,'S24_3969',22,38.16,12),(10193,'S24_4258',20,92.52,4),(10194,'S10_1949',42,203.59,11),(10194,'S10_4962',26,134.44,4),(10194,'S12_1666',38,124.37,8),(10194,'S18_1097',21,103.84,10),(10194,'S18_2432',45,51.05,2),(10194,'S18_4600',32,113.82,5),(10194,'S18_4668',41,47.79,9),(10194,'S24_2300',49,112.46,1),(10194,'S32_1268',37,77.05,3),(10194,'S32_3522',39,61.41,7),(10194,'S700_2824',26,80.92,6),(10195,'S12_4473',49,118.50,6),(10195,'S18_2238',27,139.17,5),(10195,'S18_2319',35,112.91,9),(10195,'S18_3232',50,150.71,10),(10195,'S24_1444',44,54.33,3),(10195,'S24_2840',32,31.82,7),(10195,'S24_4048',34,95.81,2),(10195,'S32_2509',32,51.95,8),(10195,'S32_3207',33,59.03,1),(10195,'S50_1392',49,97.23,4),(10196,'S12_1108',47,203.64,5),(10196,'S12_3148',24,151.08,6),(10196,'S12_3891',38,147.07,4),(10196,'S18_3140',49,127.03,1),(10196,'S18_3259',35,81.68,3),(10196,'S18_4027',27,126.39,8),(10196,'S50_1514',46,56.82,7),(10196,'S700_1938',50,84.88,2),(10197,'S10_4757',45,118.32,6),(10197,'S18_3029',46,83.44,4),(10197,'S18_3856',22,85.75,3),(10197,'S18_4522',50,78.99,14),(10197,'S24_2011',41,109.37,13),(10197,'S24_3151',47,83.20,8),(10197,'S24_3816',22,67.93,5),(10197,'S700_1138',23,60.00,9),(10197,'S700_2047',24,78.75,2),(10197,'S700_2610',50,66.50,7),(10197,'S700_3505',27,100.17,10),(10197,'S700_3962',35,88.39,11),(10197,'S72_1253',29,39.73,1),(10197,'S72_3212',42,48.59,12),(10198,'S18_1662',42,149.81,4),(10198,'S24_2841',48,60.97,5),(10198,'S24_3420',27,61.81,6),(10198,'S24_3949',43,65.51,3),(10198,'S700_2466',42,94.73,1),(10198,'S700_4002',40,74.03,2),(10199,'S50_1341',29,37.97,1),(10199,'S700_1691',48,81.29,2),(10199,'S700_3167',38,70.40,3),(10200,'S18_2581',28,74.34,3),(10200,'S24_1785',33,99.57,5),(10200,'S24_4278',39,70.28,4),(10200,'S32_1374',35,80.91,1),(10200,'S32_4289',27,65.35,6),(10200,'S700_2834',39,115.09,2),(10201,'S10_1678',22,82.30,2),(10201,'S10_2016',24,116.56,5),(10201,'S10_4698',49,191.72,4),(10201,'S12_2823',25,126.52,1),(10201,'S18_2625',30,48.46,6),(10201,'S24_1578',39,93.54,3),(10201,'S24_2000',25,66.27,7),(10202,'S18_3782',30,55.33,3),(10202,'S18_4721',43,124.99,2),(10202,'S24_2360',50,56.10,6),(10202,'S24_4620',50,75.18,1),(10202,'S32_2206',27,33.39,4),(10202,'S32_4485',31,81.64,7),(10202,'S50_4713',40,79.73,5),(10203,'S12_1099',20,161.49,8),(10203,'S12_3380',20,111.57,6),(10203,'S12_3990',44,63.84,9),(10203,'S12_4675',47,115.16,5),(10203,'S18_1889',45,73.15,4),(10203,'S18_3232',48,157.49,1),(10203,'S18_3278',33,66.74,11),(10203,'S18_3482',32,127.88,10),(10203,'S24_2972',21,33.23,2),(10203,'S24_3371',34,56.94,7),(10203,'S24_3856',47,140.43,3),(10204,'S18_1129',42,114.65,17),(10204,'S18_1589',40,113.24,13),(10204,'S18_1749',33,153.00,4),(10204,'S18_1984',38,133.72,16),(10204,'S18_2248',23,59.33,3),(10204,'S18_2325',26,119.50,1),(10204,'S18_2870',27,106.92,14),(10204,'S18_3685',35,132.80,15),(10204,'S18_4409',29,83.75,5),(10204,'S18_4933',45,69.84,6),(10204,'S24_1046',20,69.82,10),(10204,'S24_1628',45,46.79,12),(10204,'S24_2766',47,79.06,8),(10204,'S24_2887',42,112.74,7),(10204,'S24_3191',40,84.75,9),(10204,'S24_3432',48,104.94,11),(10204,'S24_3969',39,34.88,2),(10205,'S18_1342',36,98.63,2),(10205,'S18_1367',48,45.82,1),(10205,'S18_2795',40,138.38,3),(10205,'S24_1937',32,27.88,5),(10205,'S24_2022',24,36.74,4),(10206,'S10_1949',47,203.59,6),(10206,'S12_1666',28,109.34,3),(10206,'S18_1097',34,115.50,5),(10206,'S18_2949',37,98.27,7),(10206,'S18_2957',28,51.84,9),(10206,'S18_3136',30,102.63,8),(10206,'S18_3320',28,99.21,11),(10206,'S18_4668',21,45.78,4),(10206,'S24_4258',33,95.44,10),(10206,'S32_3522',36,54.94,2),(10206,'S700_2824',33,89.01,1),(10207,'S10_4962',31,125.58,15),(10207,'S12_4473',34,95.99,7),(10207,'S18_2238',44,140.81,6),(10207,'S18_2319',43,109.23,10),(10207,'S18_2432',37,60.77,13),(10207,'S18_3232',25,140.55,11),(10207,'S18_4027',40,143.62,1),(10207,'S18_4600',47,119.87,16),(10207,'S24_1444',49,57.80,4),(10207,'S24_2300',46,127.79,12),(10207,'S24_2840',42,30.76,8),(10207,'S24_4048',28,108.82,3),(10207,'S32_1268',49,84.75,14),(10207,'S32_2509',27,51.95,9),(10207,'S32_3207',45,55.30,2),(10207,'S50_1392',28,106.49,5),(10208,'S12_1108',46,176.63,13),(10208,'S12_3148',26,128.42,14),(10208,'S12_3891',20,152.26,12),(10208,'S18_3140',24,117.47,9),(10208,'S18_3259',48,96.81,11),(10208,'S18_4522',45,72.85,8),(10208,'S24_2011',35,122.89,7),(10208,'S24_3151',20,80.54,2),(10208,'S50_1514',30,57.99,15),(10208,'S700_1138',38,56.67,3),(10208,'S700_1938',40,73.62,10),(10208,'S700_2610',46,63.61,1),(10208,'S700_3505',37,95.16,4),(10208,'S700_3962',33,95.34,5),(10208,'S72_3212',42,48.05,6),(10209,'S10_4757',39,129.20,8),(10209,'S18_3029',28,82.58,6),(10209,'S18_3856',20,97.40,5),(10209,'S24_2841',43,66.45,1),(10209,'S24_3420',36,56.55,2),(10209,'S24_3816',22,79.67,7),(10209,'S700_2047',33,90.52,4),(10209,'S72_1253',48,44.20,3),(10210,'S10_2016',23,112.99,2),(10210,'S10_4698',34,189.79,1),(10210,'S18_1662',31,141.92,17),(10210,'S18_2581',50,68.43,7),(10210,'S18_2625',40,51.48,3),(10210,'S24_1785',27,100.67,9),(10210,'S24_2000',30,63.22,4),(10210,'S24_3949',29,56.64,16),(10210,'S24_4278',40,68.10,8),(10210,'S32_1374',46,84.91,5),(10210,'S32_4289',39,57.10,10),(10210,'S50_1341',43,43.20,11),(10210,'S700_1691',21,87.69,12),(10210,'S700_2466',26,93.74,14),(10210,'S700_2834',25,98.48,6),(10210,'S700_3167',31,64.00,13),(10210,'S700_4002',42,60.70,15),(10211,'S10_1678',41,90.92,14),(10211,'S12_1099',41,171.22,2),(10211,'S12_2823',36,126.52,13),(10211,'S12_3990',28,79.80,3),(10211,'S18_3278',35,73.17,5),(10211,'S18_3482',28,138.17,4),(10211,'S18_3782',46,60.30,8),(10211,'S18_4721',41,148.80,7),(10211,'S24_1578',25,109.32,15),(10211,'S24_2360',21,62.33,11),(10211,'S24_3371',48,52.66,1),(10211,'S24_4620',22,80.84,6),(10211,'S32_2206',41,39.83,9),(10211,'S32_4485',37,94.91,12),(10211,'S50_4713',40,70.78,10),(10212,'S12_3380',39,99.82,16),(10212,'S12_4675',33,110.55,15),(10212,'S18_1129',29,117.48,10),(10212,'S18_1589',38,105.77,6),(10212,'S18_1889',20,64.68,14),(10212,'S18_1984',41,133.72,9),(10212,'S18_2870',40,117.48,7),(10212,'S18_3232',40,155.79,11),(10212,'S18_3685',45,115.85,8),(10212,'S24_1046',41,61.73,3),(10212,'S24_1628',45,43.27,5),(10212,'S24_2766',45,81.78,1),(10212,'S24_2972',34,37.38,12),(10212,'S24_3191',27,77.91,2),(10212,'S24_3432',46,100.66,4),(10212,'S24_3856',49,117.96,13),(10213,'S18_4409',38,84.67,1),(10213,'S18_4933',25,58.44,2),(10213,'S24_2887',27,97.48,3),(10214,'S18_1749',30,166.60,7),(10214,'S18_2248',21,53.28,6),(10214,'S18_2325',27,125.86,4),(10214,'S18_2795',50,167.06,1),(10214,'S24_1937',20,32.19,3),(10214,'S24_2022',49,39.87,2),(10214,'S24_3969',44,38.57,5),(10215,'S10_1949',35,205.73,3),(10215,'S18_1097',46,100.34,2),(10215,'S18_1342',27,92.47,10),(10215,'S18_1367',33,53.91,9),(10215,'S18_2949',49,97.26,4),(10215,'S18_2957',31,56.21,6),(10215,'S18_3136',49,89.01,5),(10215,'S18_3320',41,84.33,8),(10215,'S18_4668',46,42.76,1),(10215,'S24_4258',39,94.47,7),(10216,'S12_1666',43,133.94,1),(10217,'S10_4962',48,132.97,4),(10217,'S18_2432',35,58.34,2),(10217,'S18_4600',38,118.66,5),(10217,'S24_2300',28,103.51,1),(10217,'S32_1268',21,78.97,3),(10217,'S32_3522',39,56.24,7),(10217,'S700_2824',31,90.02,6),(10218,'S18_2319',22,110.46,1),(10218,'S18_3232',34,152.41,2),(10219,'S12_4473',48,94.80,2),(10219,'S18_2238',43,132.62,1),(10219,'S24_2840',21,31.12,3),(10219,'S32_2509',35,47.62,4),(10220,'S12_1108',32,189.10,2),(10220,'S12_3148',30,151.08,3),(10220,'S12_3891',27,166.10,1),(10220,'S18_4027',50,126.39,5),(10220,'S24_1444',26,48.55,8),(10220,'S24_4048',37,101.72,7),(10220,'S32_3207',20,49.71,6),(10220,'S50_1392',37,92.60,9),(10220,'S50_1514',30,56.82,4),(10221,'S18_3140',33,133.86,3),(10221,'S18_3259',23,89.75,5),(10221,'S18_4522',39,84.26,2),(10221,'S24_2011',49,113.06,1),(10221,'S700_1938',23,69.29,4),(10222,'S10_4757',49,133.28,12),(10222,'S18_1662',49,137.19,4),(10222,'S18_3029',49,79.14,10),(10222,'S18_3856',45,88.93,9),(10222,'S24_2841',32,56.86,5),(10222,'S24_3151',47,74.35,14),(10222,'S24_3420',43,61.15,6),(10222,'S24_3816',46,77.99,11),(10222,'S24_3949',48,55.27,3),(10222,'S700_1138',31,58.67,15),(10222,'S700_2047',26,80.56,8),(10222,'S700_2466',37,90.75,1),(10222,'S700_2610',36,69.39,13),(10222,'S700_3505',38,84.14,16),(10222,'S700_3962',31,81.43,17),(10222,'S700_4002',43,66.63,2),(10222,'S72_1253',31,45.19,7),(10222,'S72_3212',36,48.59,18),(10223,'S10_1678',37,80.39,1),(10223,'S10_2016',47,110.61,4),(10223,'S10_4698',49,189.79,3),(10223,'S18_2581',47,67.58,9),(10223,'S18_2625',28,58.75,5),(10223,'S24_1578',32,104.81,2),(10223,'S24_1785',34,87.54,11),(10223,'S24_2000',38,60.94,6),(10223,'S24_4278',23,68.10,10),(10223,'S32_1374',21,90.90,7),(10223,'S32_4289',20,66.73,12),(10223,'S50_1341',41,41.02,13),(10223,'S700_1691',25,84.03,14),(10223,'S700_2834',29,113.90,8),(10223,'S700_3167',26,79.20,15),(10224,'S12_2823',43,141.58,6),(10224,'S18_3782',38,57.20,1),(10224,'S24_2360',37,60.26,4),(10224,'S32_2206',43,37.01,2),(10224,'S32_4485',30,94.91,5),(10224,'S50_4713',50,81.36,3),(10225,'S12_1099',27,157.60,9),(10225,'S12_3380',25,101.00,7),(10225,'S12_3990',37,64.64,10),(10225,'S12_4675',21,100.19,6),(10225,'S18_1129',32,116.06,1),(10225,'S18_1889',47,71.61,5),(10225,'S18_3232',43,162.57,2),(10225,'S18_3278',37,69.96,12),(10225,'S18_3482',27,119.06,11),(10225,'S18_4721',35,135.41,14),(10225,'S24_2972',42,34.74,3),(10225,'S24_3371',24,51.43,8),(10225,'S24_3856',40,130.60,4),(10225,'S24_4620',46,77.61,13),(10226,'S18_1589',38,108.26,4),(10226,'S18_1984',24,129.45,7),(10226,'S18_2870',24,125.40,5),(10226,'S18_3685',46,122.91,6),(10226,'S24_1046',21,65.41,1),(10226,'S24_1628',36,47.79,3),(10226,'S24_3432',48,95.30,2),(10227,'S18_1342',25,85.27,3),(10227,'S18_1367',31,50.14,2),(10227,'S18_1749',26,136.00,10),(10227,'S18_2248',28,59.93,9),(10227,'S18_2325',46,118.23,7),(10227,'S18_2795',29,146.81,4),(10227,'S18_3320',33,99.21,1),(10227,'S18_4409',34,87.43,11),(10227,'S18_4933',37,70.56,12),(10227,'S24_1937',42,27.22,6),(10227,'S24_2022',24,39.42,5),(10227,'S24_2766',47,84.51,14),(10227,'S24_2887',33,102.17,13),(10227,'S24_3191',40,78.76,15),(10227,'S24_3969',27,34.88,8),(10228,'S10_1949',29,214.30,2),(10228,'S18_1097',32,100.34,1),(10228,'S18_2949',24,101.31,3),(10228,'S18_2957',45,57.46,5),(10228,'S18_3136',31,100.53,4),(10228,'S24_4258',33,84.73,6),(10229,'S10_4962',50,138.88,9),(10229,'S12_1666',25,110.70,13),(10229,'S12_4473',36,95.99,1),(10229,'S18_2319',26,104.32,4),(10229,'S18_2432',28,53.48,7),(10229,'S18_3232',22,157.49,5),(10229,'S18_4600',41,119.87,10),(10229,'S18_4668',39,43.77,14),(10229,'S24_2300',48,115.01,6),(10229,'S24_2840',33,34.65,2),(10229,'S32_1268',25,78.97,8),(10229,'S32_2509',23,49.78,3),(10229,'S32_3522',30,52.36,12),(10229,'S700_2824',50,91.04,11),(10230,'S12_3148',43,128.42,1),(10230,'S18_2238',49,153.91,8),(10230,'S18_4027',42,142.18,3),(10230,'S24_1444',36,47.40,6),(10230,'S24_4048',45,99.36,5),(10230,'S32_3207',46,59.03,4),(10230,'S50_1392',34,100.70,7),(10230,'S50_1514',43,57.41,2),(10231,'S12_1108',42,193.25,2),(10231,'S12_3891',49,147.07,1),(10232,'S18_3140',22,133.86,6),(10232,'S18_3259',48,97.81,8),(10232,'S18_4522',23,78.12,5),(10232,'S24_2011',46,113.06,4),(10232,'S700_1938',26,84.88,7),(10232,'S700_3505',48,86.15,1),(10232,'S700_3962',35,81.43,2),(10232,'S72_3212',24,48.59,3),(10233,'S24_3151',40,70.81,2),(10233,'S700_1138',36,66.00,3),(10233,'S700_2610',29,67.94,1),(10234,'S10_4757',48,118.32,9),(10234,'S18_1662',50,146.65,1),(10234,'S18_3029',48,84.30,7),(10234,'S18_3856',39,85.75,6),(10234,'S24_2841',44,67.14,2),(10234,'S24_3420',25,65.09,3),(10234,'S24_3816',31,78.83,8),(10234,'S700_2047',29,83.28,5),(10234,'S72_1253',40,45.69,4),(10235,'S18_2581',24,81.95,3),(10235,'S24_1785',23,89.72,5),(10235,'S24_3949',33,55.27,12),(10235,'S24_4278',40,63.03,4),(10235,'S32_1374',41,90.90,1),(10235,'S32_4289',34,66.73,6),(10235,'S50_1341',41,37.09,7),(10235,'S700_1691',25,88.60,8),(10235,'S700_2466',38,92.74,10),(10235,'S700_2834',25,116.28,2),(10235,'S700_3167',32,73.60,9),(10235,'S700_4002',34,70.33,11),(10236,'S10_2016',22,105.86,1),(10236,'S18_2625',23,52.70,2),(10236,'S24_2000',36,65.51,3),(10237,'S10_1678',23,91.87,7),(10237,'S10_4698',39,158.80,9),(10237,'S12_2823',32,129.53,6),(10237,'S18_3782',26,49.74,1),(10237,'S24_1578',20,109.32,8),(10237,'S24_2360',26,62.33,4),(10237,'S32_2206',26,35.00,2),(10237,'S32_4485',27,94.91,5),(10237,'S50_4713',20,78.92,3),(10238,'S12_1099',28,161.49,3),(10238,'S12_3380',29,104.52,1),(10238,'S12_3990',20,73.42,4),(10238,'S18_3278',41,68.35,6),(10238,'S18_3482',49,144.05,5),(10238,'S18_4721',44,120.53,8),(10238,'S24_3371',47,53.88,2),(10238,'S24_4620',22,67.91,7),(10239,'S12_4675',21,100.19,5),(10239,'S18_1889',46,70.07,4),(10239,'S18_3232',47,135.47,1),(10239,'S24_2972',20,32.47,2),(10239,'S24_3856',29,133.41,3),(10240,'S18_1129',41,125.97,3),(10240,'S18_1984',37,136.56,2),(10240,'S18_3685',37,134.22,1),(10241,'S18_1589',21,119.46,11),(10241,'S18_1749',41,153.00,2),(10241,'S18_2248',33,55.70,1),(10241,'S18_2870',44,126.72,12),(10241,'S18_4409',42,77.31,3),(10241,'S18_4933',30,62.72,4),(10241,'S24_1046',22,72.02,8),(10241,'S24_1628',21,47.29,10),(10241,'S24_2766',47,89.05,6),(10241,'S24_2887',28,117.44,5),(10241,'S24_3191',26,69.34,7),(10241,'S24_3432',27,107.08,9),(10242,'S24_3969',46,36.52,1),(10243,'S18_2325',47,111.87,2),(10243,'S24_1937',33,30.87,1),(10244,'S18_1342',40,99.66,7),(10244,'S18_1367',20,48.52,6),(10244,'S18_2795',43,141.75,8),(10244,'S18_2949',30,87.13,1),(10244,'S18_2957',24,54.96,3),(10244,'S18_3136',29,85.87,2),(10244,'S18_3320',36,87.30,5),(10244,'S24_2022',39,42.11,9),(10244,'S24_4258',40,97.39,4),(10245,'S10_1949',34,195.01,9),(10245,'S10_4962',28,147.74,2),(10245,'S12_1666',38,120.27,6),(10245,'S18_1097',29,114.34,8),(10245,'S18_4600',21,111.39,3),(10245,'S18_4668',45,48.80,7),(10245,'S32_1268',37,81.86,1),(10245,'S32_3522',44,54.94,5),(10245,'S700_2824',44,81.93,4),(10246,'S12_4473',46,99.54,5),(10246,'S18_2238',40,144.08,4),(10246,'S18_2319',22,100.64,8),(10246,'S18_2432',30,57.73,11),(10246,'S18_3232',36,145.63,9),(10246,'S24_1444',44,46.24,2),(10246,'S24_2300',29,118.84,10),(10246,'S24_2840',49,34.65,6),(10246,'S24_4048',46,100.54,1),(10246,'S32_2509',35,45.45,7),(10246,'S50_1392',22,113.44,3),(10247,'S12_1108',44,195.33,2),(10247,'S12_3148',25,140.50,3),(10247,'S12_3891',27,167.83,1),(10247,'S18_4027',48,143.62,5),(10247,'S32_3207',40,58.41,6),(10247,'S50_1514',49,51.55,4),(10248,'S10_4757',20,126.48,3),(10248,'S18_3029',21,80.86,1),(10248,'S18_3140',32,133.86,12),(10248,'S18_3259',42,95.80,14),(10248,'S18_4522',42,87.77,11),(10248,'S24_2011',48,122.89,10),(10248,'S24_3151',30,85.85,5),(10248,'S24_3816',23,83.02,2),(10248,'S700_1138',36,66.00,6),(10248,'S700_1938',40,81.41,13),(10248,'S700_2610',32,69.39,4),(10248,'S700_3505',30,84.14,7),(10248,'S700_3962',35,92.36,8),(10248,'S72_3212',23,53.51,9),(10249,'S18_3856',46,88.93,5),(10249,'S24_2841',20,54.81,1),(10249,'S24_3420',25,65.75,2),(10249,'S700_2047',40,85.99,4),(10249,'S72_1253',32,49.16,3),(10250,'S18_1662',45,148.23,14),(10250,'S18_2581',27,84.48,4),(10250,'S24_1785',31,95.20,6),(10250,'S24_2000',32,63.22,1),(10250,'S24_3949',40,61.42,13),(10250,'S24_4278',37,72.45,5),(10250,'S32_1374',31,99.89,2),(10250,'S32_4289',50,62.60,7),(10250,'S50_1341',36,36.66,8),(10250,'S700_1691',31,91.34,9),(10250,'S700_2466',35,90.75,11),(10250,'S700_2834',44,98.48,3),(10250,'S700_3167',44,76.00,10),(10250,'S700_4002',38,65.89,12),(10251,'S10_1678',59,93.79,2),(10251,'S10_2016',44,115.37,5),(10251,'S10_4698',43,172.36,4),(10251,'S12_2823',46,129.53,1),(10251,'S18_2625',44,58.15,6),(10251,'S24_1578',50,91.29,3),(10252,'S18_3278',20,74.78,2),(10252,'S18_3482',41,145.52,1),(10252,'S18_3782',31,50.36,5),(10252,'S18_4721',26,127.97,4),(10252,'S24_2360',47,63.03,8),(10252,'S24_4620',38,69.52,3),(10252,'S32_2206',36,36.21,6),(10252,'S32_4485',25,93.89,9),(10252,'S50_4713',48,72.41,7),(10253,'S12_1099',24,157.60,13),(10253,'S12_3380',22,102.17,11),(10253,'S12_3990',25,67.03,14),(10253,'S12_4675',41,109.40,10),(10253,'S18_1129',26,130.22,5),(10253,'S18_1589',24,103.29,1),(10253,'S18_1889',23,67.76,9),(10253,'S18_1984',33,130.87,4),(10253,'S18_2870',37,114.84,2),(10253,'S18_3232',40,145.63,6),(10253,'S18_3685',31,139.87,3),(10253,'S24_2972',40,34.74,7),(10253,'S24_3371',24,50.82,12),(10253,'S24_3856',39,115.15,8),(10254,'S18_1749',49,137.70,5),(10254,'S18_2248',36,55.09,4),(10254,'S18_2325',41,102.98,2),(10254,'S18_4409',34,80.99,6),(10254,'S18_4933',30,59.87,7),(10254,'S24_1046',34,66.88,11),(10254,'S24_1628',32,43.27,13),(10254,'S24_1937',38,28.88,1),(10254,'S24_2766',31,85.42,9),(10254,'S24_2887',33,111.57,8),(10254,'S24_3191',42,69.34,10),(10254,'S24_3432',49,101.73,12),(10254,'S24_3969',20,39.80,3),(10255,'S18_2795',24,135.00,1),(10255,'S24_2022',37,37.63,2),(10256,'S18_1342',34,93.49,2),(10256,'S18_1367',29,52.83,1),(10257,'S18_2949',50,92.19,1),(10257,'S18_2957',49,59.34,3),(10257,'S18_3136',37,83.78,2),(10257,'S18_3320',26,91.27,5),(10257,'S24_4258',46,81.81,4),(10258,'S10_1949',32,177.87,6),(10258,'S12_1666',41,133.94,3),(10258,'S18_1097',41,113.17,5),(10258,'S18_4668',21,49.81,4),(10258,'S32_3522',20,62.70,2),(10258,'S700_2824',45,86.99,1),(10259,'S10_4962',26,121.15,12),(10259,'S12_4473',46,117.32,4),(10259,'S18_2238',30,134.26,3),(10259,'S18_2319',34,120.28,7),(10259,'S18_2432',30,59.55,10),(10259,'S18_3232',27,152.41,8),(10259,'S18_4600',41,107.76,13),(10259,'S24_1444',28,46.82,1),(10259,'S24_2300',47,121.40,9),(10259,'S24_2840',31,31.47,5),(10259,'S32_1268',45,95.35,11),(10259,'S32_2509',40,45.99,6),(10259,'S50_1392',29,105.33,2),(10260,'S12_1108',46,180.79,5),(10260,'S12_3148',30,140.50,6),(10260,'S12_3891',44,169.56,4),(10260,'S18_3140',32,121.57,1),(10260,'S18_3259',29,92.77,3),(10260,'S18_4027',23,137.88,8),(10260,'S24_4048',23,117.10,10),(10260,'S32_3207',27,55.30,9),(10260,'S50_1514',21,56.24,7),(10260,'S700_1938',33,80.55,2),(10261,'S10_4757',27,116.96,1),(10261,'S18_4522',20,80.75,9),(10261,'S24_2011',36,105.69,8),(10261,'S24_3151',22,79.66,3),(10261,'S700_1138',34,64.00,4),(10261,'S700_2610',44,58.55,2),(10261,'S700_3505',25,89.15,5),(10261,'S700_3962',50,88.39,6),(10261,'S72_3212',29,43.68,7),(10262,'S18_1662',49,157.69,9),(10262,'S18_3029',32,81.72,15),(10262,'S18_3856',34,85.75,14),(10262,'S24_1785',34,98.48,1),(10262,'S24_2841',24,63.71,10),(10262,'S24_3420',46,65.75,11),(10262,'S24_3816',49,82.18,16),(10262,'S24_3949',48,58.69,8),(10262,'S32_4289',40,63.97,2),(10262,'S50_1341',49,35.78,3),(10262,'S700_1691',40,87.69,4),(10262,'S700_2047',44,83.28,13),(10262,'S700_2466',33,81.77,6),(10262,'S700_3167',27,64.80,5),(10262,'S700_4002',35,64.41,7),(10262,'S72_1253',21,41.71,12),(10263,'S10_1678',34,89.00,2),(10263,'S10_2016',40,107.05,5),(10263,'S10_4698',41,193.66,4),(10263,'S12_2823',48,123.51,1),(10263,'S18_2581',33,67.58,10),(10263,'S18_2625',34,50.27,6),(10263,'S24_1578',42,109.32,3),(10263,'S24_2000',37,67.03,7),(10263,'S24_4278',24,59.41,11),(10263,'S32_1374',31,93.90,8),(10263,'S700_2834',47,117.46,9),(10264,'S18_3782',48,58.44,3),(10264,'S18_4721',20,124.99,2),(10264,'S24_2360',37,61.64,6),(10264,'S24_4620',47,75.18,1),(10264,'S32_2206',20,39.02,4),(10264,'S32_4485',34,100.01,7),(10264,'S50_4713',47,67.53,5),(10265,'S18_3278',45,74.78,2),(10265,'S18_3482',49,123.47,1),(10266,'S12_1099',44,188.73,14),(10266,'S12_3380',22,110.39,12),(10266,'S12_3990',35,67.83,15),(10266,'S12_4675',40,112.86,11),(10266,'S18_1129',21,131.63,6),(10266,'S18_1589',36,99.55,2),(10266,'S18_1889',33,77.00,10),(10266,'S18_1984',49,139.41,5),(10266,'S18_2870',20,113.52,3),(10266,'S18_3232',29,137.17,7),(10266,'S18_3685',33,127.15,4),(10266,'S24_1628',28,40.25,1),(10266,'S24_2972',34,35.12,8),(10266,'S24_3371',47,56.33,13),(10266,'S24_3856',24,119.37,9),(10267,'S18_4933',36,71.27,1),(10267,'S24_1046',40,72.02,5),(10267,'S24_2766',38,76.33,3),(10267,'S24_2887',43,93.95,2),(10267,'S24_3191',44,83.90,4),(10267,'S24_3432',43,98.51,6),(10268,'S18_1342',49,93.49,3),(10268,'S18_1367',26,45.82,2),(10268,'S18_1749',34,164.90,10),(10268,'S18_2248',31,60.54,9),(10268,'S18_2325',50,124.59,7),(10268,'S18_2795',35,148.50,4),(10268,'S18_3320',39,96.23,1),(10268,'S18_4409',35,84.67,11),(10268,'S24_1937',33,31.86,6),(10268,'S24_2022',40,36.29,5),(10268,'S24_3969',30,37.75,8),(10269,'S18_2957',32,57.46,1),(10269,'S24_4258',48,95.44,2),(10270,'S10_1949',21,171.44,9),(10270,'S10_4962',32,124.10,2),(10270,'S12_1666',28,135.30,6),(10270,'S18_1097',43,94.50,8),(10270,'S18_2949',31,81.05,10),(10270,'S18_3136',38,85.87,11),(10270,'S18_4600',38,107.76,3),(10270,'S18_4668',44,40.25,7),(10270,'S32_1268',32,93.42,1),(10270,'S32_3522',21,52.36,5),(10270,'S700_2824',46,101.15,4),(10271,'S12_4473',31,99.54,5),(10271,'S18_2238',50,147.36,4),(10271,'S18_2319',50,121.50,8),(10271,'S18_2432',25,59.55,11),(10271,'S18_3232',20,169.34,9),(10271,'S24_1444',45,49.71,2),(10271,'S24_2300',43,122.68,10),(10271,'S24_2840',38,28.64,6),(10271,'S24_4048',22,110.00,1),(10271,'S32_2509',35,51.95,7),(10271,'S50_1392',34,93.76,3),(10272,'S12_1108',35,187.02,2),(10272,'S12_3148',27,123.89,3),(10272,'S12_3891',39,148.80,1),(10272,'S18_4027',25,126.39,5),(10272,'S32_3207',45,56.55,6),(10272,'S50_1514',43,53.89,4),(10273,'S10_4757',30,136.00,4),(10273,'S18_3029',34,84.30,2),(10273,'S18_3140',40,117.47,13),(10273,'S18_3259',47,87.73,15),(10273,'S18_3856',50,105.87,1),(10273,'S18_4522',33,72.85,12),(10273,'S24_2011',22,103.23,11),(10273,'S24_3151',27,84.08,6),(10273,'S24_3816',48,83.86,3),(10273,'S700_1138',21,66.00,7),(10273,'S700_1938',21,77.95,14),(10273,'S700_2610',42,57.82,5),(10273,'S700_3505',40,91.15,8),(10273,'S700_3962',26,89.38,9),(10273,'S72_3212',37,51.32,10),(10274,'S18_1662',41,129.31,1),(10274,'S24_2841',40,56.86,2),(10274,'S24_3420',24,65.09,3),(10274,'S700_2047',24,75.13,5),(10274,'S72_1253',32,49.66,4),(10275,'S10_1678',45,81.35,1),(10275,'S10_2016',22,115.37,4),(10275,'S10_4698',36,154.93,3),(10275,'S18_2581',35,70.12,9),(10275,'S18_2625',37,52.09,5),(10275,'S24_1578',21,105.94,2),(10275,'S24_1785',25,97.38,11),(10275,'S24_2000',30,61.70,6),(10275,'S24_3949',41,58.00,18),(10275,'S24_4278',27,67.38,10),(10275,'S32_1374',23,89.90,7),(10275,'S32_4289',28,58.47,12),(10275,'S50_1341',38,40.15,13),(10275,'S700_1691',32,85.86,14),(10275,'S700_2466',39,82.77,16),(10275,'S700_2834',48,102.04,8),(10275,'S700_3167',43,72.00,15),(10275,'S700_4002',31,59.96,17),(10276,'S12_1099',50,184.84,3),(10276,'S12_2823',43,150.62,14),(10276,'S12_3380',47,104.52,1),(10276,'S12_3990',38,67.83,4),(10276,'S18_3278',38,78.00,6),(10276,'S18_3482',30,139.64,5),(10276,'S18_3782',33,54.71,9),(10276,'S18_4721',48,120.53,8),(10276,'S24_2360',46,61.64,12),(10276,'S24_3371',20,58.17,2),(10276,'S24_4620',48,67.10,7),(10276,'S32_2206',27,35.40,10),(10276,'S32_4485',38,94.91,13),(10276,'S50_4713',21,67.53,11),(10277,'S12_4675',28,93.28,1),(10278,'S18_1129',34,114.65,6),(10278,'S18_1589',23,107.02,2),(10278,'S18_1889',29,73.15,10),(10278,'S18_1984',29,118.07,5),(10278,'S18_2870',39,117.48,3),(10278,'S18_3232',42,167.65,7),(10278,'S18_3685',31,114.44,4),(10278,'S24_1628',35,48.80,1),(10278,'S24_2972',31,37.38,8),(10278,'S24_3856',25,136.22,9),(10279,'S18_4933',26,68.42,1),(10279,'S24_1046',32,68.35,5),(10279,'S24_2766',49,76.33,3),(10279,'S24_2887',48,106.87,2),(10279,'S24_3191',33,78.76,4),(10279,'S24_3432',48,95.30,6),(10280,'S10_1949',34,205.73,2),(10280,'S18_1097',24,98.00,1),(10280,'S18_1342',50,87.33,9),(10280,'S18_1367',27,47.44,8),(10280,'S18_1749',26,161.50,16),(10280,'S18_2248',25,53.28,15),(10280,'S18_2325',37,109.33,13),(10280,'S18_2795',22,158.63,10),(10280,'S18_2949',46,82.06,3),(10280,'S18_2957',43,54.34,5),(10280,'S18_3136',29,102.63,4),(10280,'S18_3320',34,99.21,7),(10280,'S18_4409',35,77.31,17),(10280,'S24_1937',20,29.87,12),(10280,'S24_2022',45,36.29,11),(10280,'S24_3969',33,35.29,14),(10280,'S24_4258',21,79.86,6),(10281,'S10_4962',44,132.97,9),(10281,'S12_1666',25,127.10,13),(10281,'S12_4473',41,98.36,1),(10281,'S18_2319',48,114.14,4),(10281,'S18_2432',29,56.52,7),(10281,'S18_3232',25,135.47,5),(10281,'S18_4600',25,96.86,10),(10281,'S18_4668',44,42.76,14),(10281,'S24_2300',25,112.46,6),(10281,'S24_2840',20,33.95,2),(10281,'S32_1268',29,80.90,8),(10281,'S32_2509',31,44.91,3),(10281,'S32_3522',36,59.47,12),(10281,'S700_2824',27,89.01,11),(10282,'S12_1108',41,176.63,5),(10282,'S12_3148',27,142.02,6),(10282,'S12_3891',24,169.56,4),(10282,'S18_2238',23,147.36,13),(10282,'S18_3140',43,122.93,1),(10282,'S18_3259',36,88.74,3),(10282,'S18_4027',31,132.13,8),(10282,'S24_1444',29,49.71,11),(10282,'S24_4048',39,96.99,10),(10282,'S32_3207',36,51.58,9),(10282,'S50_1392',38,114.59,12),(10282,'S50_1514',37,56.24,7),(10282,'S700_1938',43,77.95,2),(10283,'S10_4757',25,130.56,6),(10283,'S18_3029',21,78.28,4),(10283,'S18_3856',46,100.58,3),(10283,'S18_4522',34,71.97,14),(10283,'S24_2011',42,99.54,13),(10283,'S24_3151',34,80.54,8),(10283,'S24_3816',33,77.15,5),(10283,'S700_1138',45,62.00,9),(10283,'S700_2047',20,74.23,2),(10283,'S700_2610',47,68.67,7),(10283,'S700_3505',22,88.15,10),(10283,'S700_3962',38,85.41,11),(10283,'S72_1253',43,41.22,1),(10283,'S72_3212',33,49.14,12),(10284,'S18_1662',45,137.19,11),(10284,'S18_2581',31,68.43,1),(10284,'S24_1785',22,101.76,3),(10284,'S24_2841',30,65.08,12),(10284,'S24_3420',39,59.83,13),(10284,'S24_3949',21,65.51,10),(10284,'S24_4278',21,66.65,2),(10284,'S32_4289',50,60.54,4),(10284,'S50_1341',33,35.78,5),(10284,'S700_1691',24,87.69,6),(10284,'S700_2466',45,95.73,8),(10284,'S700_3167',25,68.00,7),(10284,'S700_4002',32,73.29,9),(10285,'S10_1678',36,95.70,6),(10285,'S10_2016',47,110.61,9),(10285,'S10_4698',27,166.55,8),(10285,'S12_2823',49,131.04,5),(10285,'S18_2625',20,50.88,10),(10285,'S24_1578',34,91.29,7),(10285,'S24_2000',39,61.70,11),(10285,'S24_2360',38,64.41,3),(10285,'S32_1374',37,82.91,12),(10285,'S32_2206',37,36.61,1),(10285,'S32_4485',26,100.01,4),(10285,'S50_4713',39,76.48,2),(10285,'S700_2834',45,102.04,13),(10286,'S18_3782',38,51.60,1),(10287,'S12_1099',21,190.68,12),(10287,'S12_3380',45,117.44,10),(10287,'S12_3990',41,74.21,13),(10287,'S12_4675',23,107.10,9),(10287,'S18_1129',41,113.23,4),(10287,'S18_1889',44,61.60,8),(10287,'S18_1984',24,123.76,3),(10287,'S18_2870',44,114.84,1),(10287,'S18_3232',36,137.17,5),(10287,'S18_3278',43,68.35,15),(10287,'S18_3482',40,127.88,14),(10287,'S18_3685',27,139.87,2),(10287,'S18_4721',34,119.04,17),(10287,'S24_2972',36,31.34,6),(10287,'S24_3371',20,58.17,11),(10287,'S24_3856',36,137.62,7),(10287,'S24_4620',40,79.22,16),(10288,'S18_1589',20,120.71,14),(10288,'S18_1749',32,168.30,5),(10288,'S18_2248',28,50.25,4),(10288,'S18_2325',31,102.98,2),(10288,'S18_4409',35,90.19,6),(10288,'S18_4933',23,57.02,7),(10288,'S24_1046',36,66.88,11),(10288,'S24_1628',50,49.30,13),(10288,'S24_1937',29,32.19,1),(10288,'S24_2766',35,81.78,9),(10288,'S24_2887',48,109.22,8),(10288,'S24_3191',34,76.19,10),(10288,'S24_3432',41,101.73,12),(10288,'S24_3969',33,37.75,3),(10289,'S18_1342',38,92.47,2),(10289,'S18_1367',24,44.75,1),(10289,'S18_2795',43,141.75,3),(10289,'S24_2022',45,41.22,4),(10290,'S18_3320',26,80.36,2),(10290,'S24_4258',45,83.76,1),(10291,'S10_1949',37,210.01,11),(10291,'S10_4962',30,141.83,4),(10291,'S12_1666',41,123.00,8),(10291,'S18_1097',41,96.84,10),(10291,'S18_2432',26,52.26,2),(10291,'S18_2949',47,99.28,12),(10291,'S18_2957',37,56.21,14),(10291,'S18_3136',23,93.20,13),(10291,'S18_4600',48,96.86,5),(10291,'S18_4668',29,45.28,9),(10291,'S24_2300',48,109.90,1),(10291,'S32_1268',26,82.83,3),(10291,'S32_3522',32,53.00,7),(10291,'S700_2824',28,86.99,6),(10292,'S12_4473',21,94.80,8),(10292,'S18_2238',26,140.81,7),(10292,'S18_2319',41,103.09,11),(10292,'S18_3232',21,147.33,12),(10292,'S18_4027',44,114.90,2),(10292,'S24_1444',40,48.55,5),(10292,'S24_2840',39,34.30,9),(10292,'S24_4048',27,113.55,4),(10292,'S32_2509',50,54.11,10),(10292,'S32_3207',31,59.65,3),(10292,'S50_1392',41,113.44,6),(10292,'S50_1514',35,49.79,1),(10293,'S12_1108',46,187.02,8),(10293,'S12_3148',24,129.93,9),(10293,'S12_3891',45,171.29,7),(10293,'S18_3140',24,110.64,4),(10293,'S18_3259',22,91.76,6),(10293,'S18_4522',49,72.85,3),(10293,'S24_2011',21,111.83,2),(10293,'S700_1938',29,77.95,5),(10293,'S72_3212',32,51.32,1),(10294,'S700_3962',45,98.32,1),(10295,'S10_4757',24,136.00,1),(10295,'S24_3151',46,84.08,3),(10295,'S700_1138',26,62.00,4),(10295,'S700_2610',44,71.56,2),(10295,'S700_3505',34,93.16,5),(10296,'S18_1662',36,146.65,7),(10296,'S18_3029',21,69.68,13),(10296,'S18_3856',22,105.87,12),(10296,'S24_2841',21,60.97,8),(10296,'S24_3420',31,63.78,9),(10296,'S24_3816',22,83.02,14),(10296,'S24_3949',32,63.46,6),(10296,'S50_1341',26,41.02,1),(10296,'S700_1691',42,75.81,2),(10296,'S700_2047',34,89.61,11),(10296,'S700_2466',24,96.73,4),(10296,'S700_3167',22,74.40,3),(10296,'S700_4002',47,61.44,5),(10296,'S72_1253',21,46.68,10),(10297,'S18_2581',25,81.95,4),(10297,'S24_1785',32,107.23,6),(10297,'S24_2000',32,70.08,1),(10297,'S24_4278',23,71.73,5),(10297,'S32_1374',26,88.90,2),(10297,'S32_4289',28,63.29,7),(10297,'S700_2834',35,111.53,3),(10298,'S10_2016',39,105.86,1),(10298,'S18_2625',32,60.57,2),(10299,'S10_1678',23,76.56,9),(10299,'S10_4698',29,164.61,11),(10299,'S12_2823',24,123.51,8),(10299,'S18_3782',39,62.17,3),(10299,'S18_4721',49,119.04,2),(10299,'S24_1578',47,107.07,10),(10299,'S24_2360',33,58.87,6),(10299,'S24_4620',32,66.29,1),(10299,'S32_2206',24,36.21,4),(10299,'S32_4485',38,84.70,7),(10299,'S50_4713',44,77.29,5),(10300,'S12_1099',33,184.84,5),(10300,'S12_3380',29,116.27,3),(10300,'S12_3990',22,76.61,6),(10300,'S12_4675',23,95.58,2),(10300,'S18_1889',41,63.14,1),(10300,'S18_3278',49,65.94,8),(10300,'S18_3482',23,144.05,7),(10300,'S24_3371',31,52.05,4),(10301,'S18_1129',37,114.65,8),(10301,'S18_1589',32,118.22,4),(10301,'S18_1984',47,119.49,7),(10301,'S18_2870',22,113.52,5),(10301,'S18_3232',23,135.47,9),(10301,'S18_3685',39,137.04,6),(10301,'S24_1046',27,64.67,1),(10301,'S24_1628',22,40.75,3),(10301,'S24_2972',48,32.10,10),(10301,'S24_3432',22,86.73,2),(10301,'S24_3856',50,122.17,11),(10302,'S18_1749',43,166.60,1),(10302,'S18_4409',38,82.83,2),(10302,'S18_4933',23,70.56,3),(10302,'S24_2766',49,75.42,5),(10302,'S24_2887',45,104.52,4),(10302,'S24_3191',48,74.48,6),(10303,'S18_2248',46,56.91,2),(10303,'S24_3969',24,35.70,1),(10304,'S10_1949',47,201.44,6),(10304,'S12_1666',39,117.54,3),(10304,'S18_1097',46,106.17,5),(10304,'S18_1342',37,95.55,13),(10304,'S18_1367',37,46.90,12),(10304,'S18_2325',24,102.98,17),(10304,'S18_2795',20,141.75,14),(10304,'S18_2949',46,98.27,7),(10304,'S18_2957',24,54.34,9),(10304,'S18_3136',26,90.06,8),(10304,'S18_3320',38,95.24,11),(10304,'S18_4668',34,44.27,4),(10304,'S24_1937',23,29.21,16),(10304,'S24_2022',44,42.11,15),(10304,'S24_4258',33,80.83,10),(10304,'S32_3522',36,52.36,2),(10304,'S700_2824',40,80.92,1),(10305,'S10_4962',38,130.01,13),(10305,'S12_4473',38,107.84,5),(10305,'S18_2238',27,132.62,4),(10305,'S18_2319',36,117.82,8),(10305,'S18_2432',41,58.95,11),(10305,'S18_3232',37,160.87,9),(10305,'S18_4600',22,112.60,14),(10305,'S24_1444',45,48.55,2),(10305,'S24_2300',24,107.34,10),(10305,'S24_2840',48,30.76,6),(10305,'S24_4048',36,118.28,1),(10305,'S32_1268',28,94.38,12),(10305,'S32_2509',40,48.70,7),(10305,'S50_1392',42,109.96,3),(10306,'S12_1108',31,182.86,13),(10306,'S12_3148',34,145.04,14),(10306,'S12_3891',20,145.34,12),(10306,'S18_3140',32,114.74,9),(10306,'S18_3259',40,83.70,11),(10306,'S18_4027',23,126.39,16),(10306,'S18_4522',39,85.14,8),(10306,'S24_2011',29,109.37,7),(10306,'S24_3151',31,76.12,2),(10306,'S32_3207',46,60.28,17),(10306,'S50_1514',34,51.55,15),(10306,'S700_1138',50,61.34,3),(10306,'S700_1938',38,73.62,10),(10306,'S700_2610',43,62.16,1),(10306,'S700_3505',32,99.17,4),(10306,'S700_3962',30,87.39,5),(10306,'S72_3212',35,48.05,6),(10307,'S10_4757',22,118.32,9),(10307,'S18_1662',39,135.61,1),(10307,'S18_3029',31,71.40,7),(10307,'S18_3856',48,92.11,6),(10307,'S24_2841',25,58.23,2),(10307,'S24_3420',22,64.44,3),(10307,'S24_3816',22,75.47,8),(10307,'S700_2047',34,81.47,5),(10307,'S72_1253',34,44.20,4),(10308,'S10_2016',34,115.37,2),(10308,'S10_4698',20,187.85,1),(10308,'S18_2581',27,81.95,7),(10308,'S18_2625',34,48.46,3),(10308,'S24_1785',31,99.57,9),(10308,'S24_2000',47,68.55,4),(10308,'S24_3949',43,58.00,16),(10308,'S24_4278',44,71.73,8),(10308,'S32_1374',24,99.89,5),(10308,'S32_4289',46,61.22,10),(10308,'S50_1341',47,37.09,11),(10308,'S700_1691',21,73.07,12),(10308,'S700_2466',35,88.75,14),(10308,'S700_2834',31,100.85,6),(10308,'S700_3167',21,79.20,13),(10308,'S700_4002',39,62.93,15),(10309,'S10_1678',41,94.74,5),(10309,'S12_2823',26,144.60,4),(10309,'S24_1578',21,96.92,6),(10309,'S24_2360',24,59.56,2),(10309,'S32_4485',50,93.89,3),(10309,'S50_4713',28,74.04,1),(10310,'S12_1099',33,165.38,10),(10310,'S12_3380',24,105.70,8),(10310,'S12_3990',49,77.41,11),(10310,'S12_4675',25,101.34,7),(10310,'S18_1129',37,128.80,2),(10310,'S18_1889',20,66.99,6),(10310,'S18_1984',24,129.45,1),(10310,'S18_3232',48,159.18,3),(10310,'S18_3278',27,70.76,13),(10310,'S18_3482',49,122.00,12),(10310,'S18_3782',42,59.06,16),(10310,'S18_4721',40,133.92,15),(10310,'S24_2972',33,33.23,4),(10310,'S24_3371',38,50.21,9),(10310,'S24_3856',45,139.03,5),(10310,'S24_4620',49,75.18,14),(10310,'S32_2206',36,38.62,17),(10311,'S18_1589',29,124.44,9),(10311,'S18_2870',43,114.84,10),(10311,'S18_3685',32,134.22,11),(10311,'S18_4409',41,92.03,1),(10311,'S18_4933',25,66.99,2),(10311,'S24_1046',26,70.55,6),(10311,'S24_1628',45,48.80,8),(10311,'S24_2766',28,89.05,4),(10311,'S24_2887',43,116.27,3),(10311,'S24_3191',25,85.61,5),(10311,'S24_3432',46,91.02,7),(10312,'S10_1949',48,214.30,3),(10312,'S18_1097',32,101.50,2),(10312,'S18_1342',43,102.74,10),(10312,'S18_1367',25,43.67,9),(10312,'S18_1749',48,146.20,17),(10312,'S18_2248',30,48.43,16),(10312,'S18_2325',31,111.87,14),(10312,'S18_2795',25,150.19,11),(10312,'S18_2949',37,91.18,4),(10312,'S18_2957',35,54.34,6),(10312,'S18_3136',38,93.20,5),(10312,'S18_3320',33,84.33,8),(10312,'S18_4668',39,44.27,1),(10312,'S24_1937',39,27.88,13),(10312,'S24_2022',23,43.46,12),(10312,'S24_3969',31,40.21,15),(10312,'S24_4258',44,96.42,7),(10313,'S10_4962',40,141.83,7),(10313,'S12_1666',21,131.20,11),(10313,'S18_2319',29,109.23,2),(10313,'S18_2432',34,52.87,5),(10313,'S18_3232',25,143.94,3),(10313,'S18_4600',28,110.18,8),(10313,'S24_2300',42,102.23,4),(10313,'S32_1268',27,96.31,6),(10313,'S32_2509',38,48.70,1),(10313,'S32_3522',34,55.59,10),(10313,'S700_2824',30,96.09,9),(10314,'S12_1108',38,176.63,5),(10314,'S12_3148',46,125.40,6),(10314,'S12_3891',36,169.56,4),(10314,'S12_4473',45,95.99,14),(10314,'S18_2238',42,135.90,13),(10314,'S18_3140',20,129.76,1),(10314,'S18_3259',23,84.71,3),(10314,'S18_4027',29,129.26,8),(10314,'S24_1444',44,51.44,11),(10314,'S24_2840',39,31.82,15),(10314,'S24_4048',38,111.18,10),(10314,'S32_3207',35,58.41,9),(10314,'S50_1392',28,115.75,12),(10314,'S50_1514',38,50.38,7),(10314,'S700_1938',23,83.15,2),(10315,'S18_4522',36,78.12,7),(10315,'S24_2011',35,111.83,6),(10315,'S24_3151',24,78.77,1),(10315,'S700_1138',41,60.67,2),(10315,'S700_3505',31,99.17,3),(10315,'S700_3962',37,88.39,4),(10315,'S72_3212',40,51.32,5),(10316,'S10_4757',33,126.48,17),(10316,'S18_1662',27,140.34,9),(10316,'S18_3029',21,72.26,15),(10316,'S18_3856',47,89.99,14),(10316,'S24_1785',25,93.01,1),(10316,'S24_2841',34,67.14,10),(10316,'S24_3420',47,55.23,11),(10316,'S24_3816',25,77.15,16),(10316,'S24_3949',30,67.56,8),(10316,'S32_4289',24,59.16,2),(10316,'S50_1341',34,36.66,3),(10316,'S700_1691',34,74.90,4),(10316,'S700_2047',45,73.32,13),(10316,'S700_2466',23,85.76,6),(10316,'S700_2610',48,67.22,18),(10316,'S700_3167',48,77.60,5),(10316,'S700_4002',44,68.11,7),(10316,'S72_1253',34,43.70,12),(10317,'S24_4278',35,69.55,1),(10318,'S10_1678',46,84.22,1),(10318,'S10_2016',45,102.29,4),(10318,'S10_4698',37,189.79,3),(10318,'S18_2581',31,81.95,9),(10318,'S18_2625',42,49.67,5),(10318,'S24_1578',48,93.54,2),(10318,'S24_2000',26,60.94,6),(10318,'S32_1374',47,81.91,7),(10318,'S700_2834',50,102.04,8),(10319,'S12_2823',30,134.05,9),(10319,'S18_3278',46,77.19,1),(10319,'S18_3782',44,54.71,4),(10319,'S18_4721',45,120.53,3),(10319,'S24_2360',31,65.80,7),(10319,'S24_4620',43,78.41,2),(10319,'S32_2206',29,35.00,5),(10319,'S32_4485',22,96.95,8),(10319,'S50_4713',45,79.73,6),(10320,'S12_1099',31,184.84,3),(10320,'S12_3380',35,102.17,1),(10320,'S12_3990',38,63.84,4),(10320,'S18_3482',25,139.64,5),(10320,'S24_3371',26,60.62,2),(10321,'S12_4675',24,105.95,15),(10321,'S18_1129',41,123.14,10),(10321,'S18_1589',44,120.71,6),(10321,'S18_1889',37,73.92,14),(10321,'S18_1984',25,142.25,9),(10321,'S18_2870',27,126.72,7),(10321,'S18_3232',33,164.26,11),(10321,'S18_3685',28,138.45,8),(10321,'S24_1046',30,68.35,3),(10321,'S24_1628',48,42.76,5),(10321,'S24_2766',30,74.51,1),(10321,'S24_2972',37,31.72,12),(10321,'S24_3191',39,81.33,2),(10321,'S24_3432',21,103.87,4),(10321,'S24_3856',26,137.62,13),(10322,'S10_1949',40,180.01,1),(10322,'S10_4962',46,141.83,8),(10322,'S12_1666',27,136.67,9),(10322,'S18_1097',22,101.50,10),(10322,'S18_1342',43,92.47,14),(10322,'S18_1367',41,44.21,5),(10322,'S18_2325',50,120.77,6),(10322,'S18_2432',35,57.12,11),(10322,'S18_2795',36,158.63,2),(10322,'S18_2949',33,100.30,12),(10322,'S18_2957',41,54.34,13),(10322,'S18_3136',48,90.06,7),(10322,'S24_1937',20,26.55,3),(10322,'S24_2022',30,40.77,4),(10323,'S18_3320',33,88.30,2),(10323,'S18_4600',47,96.86,1),(10324,'S12_3148',27,148.06,1),(10324,'S12_4473',26,100.73,7),(10324,'S18_2238',47,142.45,8),(10324,'S18_2319',33,105.55,10),(10324,'S18_3232',27,137.17,12),(10324,'S18_4027',49,120.64,13),(10324,'S18_4668',38,49.81,6),(10324,'S24_1444',25,49.71,14),(10324,'S24_2300',31,107.34,2),(10324,'S24_2840',30,29.35,9),(10324,'S24_4258',33,95.44,3),(10324,'S32_1268',20,91.49,11),(10324,'S32_3522',48,60.76,4),(10324,'S700_2824',34,80.92,5),(10325,'S10_4757',47,111.52,6),(10325,'S12_1108',42,193.25,8),(10325,'S12_3891',24,166.10,1),(10325,'S18_3140',24,114.74,9),(10325,'S24_4048',44,114.73,5),(10325,'S32_2509',38,44.37,3),(10325,'S32_3207',28,55.30,2),(10325,'S50_1392',38,99.55,4),(10325,'S50_1514',44,56.24,7),(10326,'S18_3259',32,94.79,6),(10326,'S18_4522',50,73.73,5),(10326,'S24_2011',41,120.43,4),(10326,'S24_3151',41,86.74,3),(10326,'S24_3816',20,81.34,2),(10326,'S700_1138',39,60.67,1),(10327,'S18_1662',25,154.54,6),(10327,'S18_2581',45,74.34,8),(10327,'S18_3029',25,74.84,5),(10327,'S700_1938',20,79.68,7),(10327,'S700_2610',21,65.05,1),(10327,'S700_3505',43,85.14,2),(10327,'S700_3962',37,83.42,3),(10327,'S72_3212',37,48.05,4),(10328,'S18_3856',34,104.81,6),(10328,'S24_1785',47,87.54,14),(10328,'S24_2841',48,67.82,1),(10328,'S24_3420',20,56.55,2),(10328,'S24_3949',35,55.96,3),(10328,'S24_4278',43,69.55,4),(10328,'S32_4289',24,57.10,5),(10328,'S50_1341',34,42.33,7),(10328,'S700_1691',27,84.03,8),(10328,'S700_2047',41,75.13,9),(10328,'S700_2466',37,95.73,10),(10328,'S700_2834',33,117.46,11),(10328,'S700_3167',33,71.20,13),(10328,'S700_4002',39,69.59,12),(10329,'S10_1678',42,80.39,1),(10329,'S10_2016',20,109.42,2),(10329,'S10_4698',26,164.61,3),(10329,'S12_1099',41,182.90,5),(10329,'S12_2823',24,128.03,6),(10329,'S12_3380',46,117.44,13),(10329,'S12_3990',33,74.21,14),(10329,'S12_4675',39,102.49,15),(10329,'S18_1889',29,66.22,9),(10329,'S18_2625',38,55.72,12),(10329,'S18_3278',38,65.13,10),(10329,'S24_1578',30,104.81,7),(10329,'S24_2000',37,71.60,4),(10329,'S32_1374',45,80.91,11),(10329,'S72_1253',44,41.22,8),(10330,'S18_3482',37,136.70,3),(10330,'S18_3782',29,59.06,2),(10330,'S18_4721',50,133.92,4),(10330,'S24_2360',42,56.10,1),(10331,'S18_1129',46,120.31,6),(10331,'S18_1589',44,99.55,14),(10331,'S18_1749',44,154.70,7),(10331,'S18_1984',30,135.14,8),(10331,'S18_2870',26,130.68,10),(10331,'S18_3232',27,169.34,11),(10331,'S18_3685',26,132.80,12),(10331,'S24_2972',27,37.00,13),(10331,'S24_3371',25,55.11,9),(10331,'S24_3856',21,139.03,1),(10331,'S24_4620',41,70.33,2),(10331,'S32_2206',28,33.39,3),(10331,'S32_4485',32,100.01,4),(10331,'S50_4713',20,74.04,5),(10332,'S18_1342',46,89.38,15),(10332,'S18_1367',27,51.21,16),(10332,'S18_2248',38,53.88,9),(10332,'S18_2325',35,116.96,8),(10332,'S18_2795',24,138.38,1),(10332,'S18_2957',26,53.09,17),(10332,'S18_3136',40,100.53,18),(10332,'S18_4409',50,92.03,2),(10332,'S18_4933',21,70.56,3),(10332,'S24_1046',23,61.73,4),(10332,'S24_1628',20,47.29,5),(10332,'S24_1937',45,29.87,6),(10332,'S24_2022',26,43.01,10),(10332,'S24_2766',39,84.51,7),(10332,'S24_2887',44,108.04,11),(10332,'S24_3191',45,77.91,12),(10332,'S24_3432',31,94.23,13),(10332,'S24_3969',41,34.47,14),(10333,'S10_1949',26,188.58,3),(10333,'S12_1666',33,121.64,6),(10333,'S18_1097',29,110.84,7),(10333,'S18_2949',31,95.23,5),(10333,'S18_3320',46,95.24,2),(10333,'S18_4668',24,42.26,8),(10333,'S24_4258',39,95.44,1),(10333,'S32_3522',33,62.05,4),(10334,'S10_4962',26,130.01,2),(10334,'S18_2319',46,108.00,6),(10334,'S18_2432',34,52.87,1),(10334,'S18_3232',20,147.33,3),(10334,'S18_4600',49,101.71,4),(10334,'S24_2300',42,117.57,5),(10335,'S24_2840',33,32.88,2),(10335,'S32_1268',44,77.05,1),(10335,'S32_2509',40,49.78,3),(10336,'S12_1108',33,176.63,10),(10336,'S12_3148',33,126.91,11),(10336,'S12_3891',49,141.88,1),(10336,'S12_4473',38,95.99,3),(10336,'S18_2238',49,153.91,6),(10336,'S18_3140',48,135.22,12),(10336,'S18_3259',21,100.84,7),(10336,'S24_1444',45,49.71,4),(10336,'S24_4048',31,113.55,5),(10336,'S32_3207',31,59.03,9),(10336,'S50_1392',23,109.96,8),(10336,'S700_2824',46,94.07,2),(10337,'S10_4757',25,131.92,8),(10337,'S18_4027',36,140.75,3),(10337,'S18_4522',29,76.36,2),(10337,'S24_2011',29,119.20,4),(10337,'S50_1514',21,54.48,6),(10337,'S700_1938',36,73.62,9),(10337,'S700_3505',31,84.14,1),(10337,'S700_3962',36,83.42,7),(10337,'S72_3212',42,49.14,5),(10338,'S18_1662',41,137.19,1),(10338,'S18_3029',28,80.86,3),(10338,'S18_3856',45,93.17,2),(10339,'S10_2016',40,117.75,4),(10339,'S10_4698',39,178.17,3),(10339,'S18_2581',27,79.41,2),(10339,'S18_2625',30,48.46,1),(10339,'S24_1578',27,96.92,10),(10339,'S24_1785',21,106.14,7),(10339,'S24_2841',55,67.82,12),(10339,'S24_3151',55,73.46,13),(10339,'S24_3420',29,57.86,14),(10339,'S24_3816',42,72.96,16),(10339,'S24_3949',45,57.32,11),(10339,'S700_1138',22,53.34,5),(10339,'S700_2047',55,86.90,15),(10339,'S700_2610',50,62.16,9),(10339,'S700_4002',50,66.63,8),(10339,'S72_1253',27,49.66,6),(10340,'S24_2000',55,62.46,8),(10340,'S24_4278',40,63.76,1),(10340,'S32_1374',55,95.89,2),(10340,'S32_4289',39,67.41,3),(10340,'S50_1341',40,37.09,4),(10340,'S700_1691',30,73.99,5),(10340,'S700_2466',55,81.77,7),(10340,'S700_2834',29,98.48,6),(10341,'S10_1678',41,84.22,9),(10341,'S12_1099',45,192.62,2),(10341,'S12_2823',55,120.50,8),(10341,'S12_3380',44,111.57,1),(10341,'S12_3990',36,77.41,10),(10341,'S12_4675',55,109.40,7),(10341,'S24_2360',32,63.03,6),(10341,'S32_4485',31,95.93,4),(10341,'S50_4713',38,78.11,3),(10341,'S700_3167',34,70.40,5),(10342,'S18_1129',40,118.89,2),(10342,'S18_1889',55,63.14,1),(10342,'S18_1984',22,115.22,3),(10342,'S18_3232',30,167.65,4),(10342,'S18_3278',25,76.39,5),(10342,'S18_3482',55,136.70,7),(10342,'S18_3782',26,57.82,8),(10342,'S18_4721',38,124.99,11),(10342,'S24_2972',39,30.59,9),(10342,'S24_3371',48,60.01,10),(10342,'S24_3856',42,112.34,6),(10343,'S18_1589',36,109.51,4),(10343,'S18_2870',25,118.80,3),(10343,'S18_3685',44,127.15,2),(10343,'S24_1628',27,44.78,6),(10343,'S24_4620',30,76.80,1),(10343,'S32_2206',29,37.41,5),(10344,'S18_1749',45,168.30,1),(10344,'S18_2248',40,49.04,2),(10344,'S18_2325',30,118.23,3),(10344,'S18_4409',21,80.99,4),(10344,'S18_4933',26,68.42,5),(10344,'S24_1046',29,61.00,7),(10344,'S24_1937',20,27.88,6),(10345,'S24_2022',43,38.98,1),(10346,'S18_1342',42,88.36,3),(10346,'S24_2766',25,87.24,1),(10346,'S24_2887',24,117.44,5),(10346,'S24_3191',24,80.47,2),(10346,'S24_3432',26,103.87,6),(10346,'S24_3969',22,38.57,4),(10347,'S10_1949',30,188.58,1),(10347,'S10_4962',27,132.97,2),(10347,'S12_1666',29,132.57,3),(10347,'S18_1097',42,113.17,5),(10347,'S18_1367',21,46.36,7),(10347,'S18_2432',50,51.05,8),(10347,'S18_2795',21,136.69,6),(10347,'S18_2949',48,84.09,9),(10347,'S18_2957',34,60.59,10),(10347,'S18_3136',45,95.30,11),(10347,'S18_3320',26,84.33,12),(10347,'S18_4600',45,115.03,4),(10348,'S12_1108',48,207.80,8),(10348,'S12_3148',47,122.37,4),(10348,'S18_4668',29,43.77,6),(10348,'S24_2300',37,107.34,1),(10348,'S24_4258',39,82.78,2),(10348,'S32_1268',42,90.53,3),(10348,'S32_3522',31,62.70,5),(10348,'S700_2824',32,100.14,7),(10349,'S12_3891',26,166.10,10),(10349,'S12_4473',48,114.95,9),(10349,'S18_2238',38,142.45,8),(10349,'S18_2319',38,117.82,7),(10349,'S18_3232',48,164.26,6),(10349,'S18_4027',34,140.75,5),(10349,'S24_1444',48,50.29,4),(10349,'S24_2840',36,31.47,3),(10349,'S24_4048',23,111.18,2),(10349,'S32_2509',33,44.37,1),(10350,'S10_4757',26,110.16,5),(10350,'S18_3029',43,84.30,6),(10350,'S18_3140',44,135.22,1),(10350,'S18_3259',41,94.79,2),(10350,'S18_4522',30,70.22,3),(10350,'S24_2011',34,98.31,7),(10350,'S24_3151',30,86.74,9),(10350,'S24_3816',25,77.15,10),(10350,'S32_3207',27,61.52,14),(10350,'S50_1392',31,104.18,8),(10350,'S50_1514',44,56.82,17),(10350,'S700_1138',46,56.00,11),(10350,'S700_1938',28,76.22,4),(10350,'S700_2610',29,68.67,12),(10350,'S700_3505',31,87.15,13),(10350,'S700_3962',25,97.32,16),(10350,'S72_3212',20,48.05,15),(10351,'S18_1662',39,143.50,1),(10351,'S18_3856',20,104.81,2),(10351,'S24_2841',25,64.40,5),(10351,'S24_3420',38,53.92,4),(10351,'S24_3949',34,68.24,3),(10352,'S700_2047',23,75.13,3),(10352,'S700_2466',49,87.75,2),(10352,'S700_4002',22,62.19,1),(10352,'S72_1253',49,46.18,4),(10353,'S18_2581',27,71.81,1),(10353,'S24_1785',28,107.23,2),(10353,'S24_4278',35,69.55,3),(10353,'S32_1374',46,86.90,5),(10353,'S32_4289',40,68.10,7),(10353,'S50_1341',40,35.78,8),(10353,'S700_1691',39,73.07,9),(10353,'S700_2834',48,98.48,4),(10353,'S700_3167',43,74.40,6),(10354,'S10_1678',42,84.22,6),(10354,'S10_2016',20,95.15,2),(10354,'S10_4698',42,178.17,3),(10354,'S12_1099',31,157.60,9),(10354,'S12_2823',35,141.58,4),(10354,'S12_3380',29,98.65,11),(10354,'S12_3990',23,76.61,12),(10354,'S12_4675',28,100.19,13),(10354,'S18_1889',21,76.23,8),(10354,'S18_2625',28,49.06,10),(10354,'S18_3278',36,69.15,7),(10354,'S24_1578',21,96.92,5),(10354,'S24_2000',28,62.46,1),(10355,'S18_3482',23,117.59,7),(10355,'S18_3782',31,60.30,1),(10355,'S18_4721',25,124.99,2),(10355,'S24_2360',41,56.10,3),(10355,'S24_2972',36,37.38,4),(10355,'S24_3371',44,60.62,6),(10355,'S24_3856',32,137.62,8),(10355,'S24_4620',28,75.18,9),(10355,'S32_2206',38,32.99,10),(10355,'S32_4485',40,93.89,5),(10356,'S18_1129',43,120.31,8),(10356,'S18_1342',50,82.19,9),(10356,'S18_1367',22,44.75,6),(10356,'S18_1984',27,130.87,2),(10356,'S18_2325',29,106.79,3),(10356,'S18_2795',30,158.63,1),(10356,'S24_1937',48,31.86,5),(10356,'S24_2022',26,42.11,7),(10356,'S50_4713',26,78.11,4),(10357,'S10_1949',32,199.30,10),(10357,'S10_4962',43,135.92,9),(10357,'S12_1666',49,109.34,8),(10357,'S18_1097',39,112.00,1),(10357,'S18_2432',41,58.95,7),(10357,'S18_2949',41,91.18,6),(10357,'S18_2957',49,59.34,5),(10357,'S18_3136',44,104.72,4),(10357,'S18_3320',25,84.33,3),(10357,'S18_4600',28,105.34,2),(10358,'S12_3148',49,129.93,5),(10358,'S12_4473',42,98.36,9),(10358,'S18_2238',20,142.45,10),(10358,'S18_2319',20,99.41,11),(10358,'S18_3232',32,137.17,12),(10358,'S18_4027',25,117.77,13),(10358,'S18_4668',30,46.29,8),(10358,'S24_1444',44,56.07,14),(10358,'S24_2300',41,127.79,7),(10358,'S24_2840',36,33.59,4),(10358,'S24_4258',41,88.62,6),(10358,'S32_1268',41,82.83,1),(10358,'S32_3522',36,51.71,2),(10358,'S700_2824',27,85.98,3),(10359,'S10_4757',48,122.40,6),(10359,'S12_1108',42,180.79,8),(10359,'S12_3891',49,162.64,5),(10359,'S24_4048',22,108.82,7),(10359,'S32_2509',36,45.45,3),(10359,'S32_3207',22,62.14,1),(10359,'S50_1392',46,99.55,2),(10359,'S50_1514',25,47.45,4),(10360,'S18_1662',50,126.15,12),(10360,'S18_2581',41,68.43,13),(10360,'S18_3029',46,71.40,14),(10360,'S18_3140',29,122.93,8),(10360,'S18_3259',29,94.79,18),(10360,'S18_3856',40,101.64,15),(10360,'S18_4522',40,76.36,1),(10360,'S24_1785',22,106.14,17),(10360,'S24_2011',31,100.77,2),(10360,'S24_2841',49,55.49,16),(10360,'S24_3151',36,70.81,3),(10360,'S24_3816',22,78.83,4),(10360,'S700_1138',32,64.67,5),(10360,'S700_1938',26,86.61,6),(10360,'S700_2610',30,70.11,7),(10360,'S700_3505',35,83.14,9),(10360,'S700_3962',31,92.36,10),(10360,'S72_3212',31,54.05,11),(10361,'S10_1678',20,92.83,13),(10361,'S10_2016',26,114.18,8),(10361,'S24_3420',34,62.46,6),(10361,'S24_3949',26,61.42,7),(10361,'S24_4278',25,68.83,1),(10361,'S32_4289',49,56.41,2),(10361,'S50_1341',33,35.78,3),(10361,'S700_1691',20,88.60,4),(10361,'S700_2047',24,85.99,14),(10361,'S700_2466',26,91.74,9),(10361,'S700_2834',44,107.97,5),(10361,'S700_3167',44,76.80,10),(10361,'S700_4002',35,62.19,11),(10361,'S72_1253',23,47.67,12),(10362,'S10_4698',22,182.04,4),(10362,'S12_2823',22,131.04,1),(10362,'S18_2625',23,53.91,3),(10362,'S24_1578',50,91.29,2),(10363,'S12_1099',33,180.95,3),(10363,'S12_3380',34,106.87,4),(10363,'S12_3990',34,68.63,5),(10363,'S12_4675',46,103.64,6),(10363,'S18_1889',22,61.60,7),(10363,'S18_3278',46,69.15,10),(10363,'S18_3482',24,124.94,11),(10363,'S18_3782',32,52.22,12),(10363,'S18_4721',28,123.50,13),(10363,'S24_2000',21,70.08,8),(10363,'S24_2360',43,56.10,14),(10363,'S24_3371',21,52.05,15),(10363,'S24_3856',31,113.75,1),(10363,'S24_4620',43,75.99,9),(10363,'S32_1374',50,92.90,2),(10364,'S32_2206',48,38.22,1),(10365,'S18_1129',30,116.06,1),(10365,'S32_4485',22,82.66,3),(10365,'S50_4713',44,68.34,2),(10366,'S18_1984',34,116.65,3),(10366,'S18_2870',49,105.60,2),(10366,'S18_3232',34,154.10,1),(10367,'S18_1589',49,105.77,1),(10367,'S18_1749',37,144.50,3),(10367,'S18_2248',45,50.25,4),(10367,'S18_2325',27,124.59,5),(10367,'S18_2795',32,140.06,7),(10367,'S18_3685',46,131.39,6),(10367,'S18_4409',43,77.31,8),(10367,'S18_4933',44,66.99,9),(10367,'S24_1046',21,72.76,10),(10367,'S24_1628',38,50.31,11),(10367,'S24_1937',23,29.54,13),(10367,'S24_2022',28,43.01,12),(10367,'S24_2972',36,36.25,2),(10368,'S24_2766',40,73.60,2),(10368,'S24_2887',31,115.09,5),(10368,'S24_3191',46,83.04,1),(10368,'S24_3432',20,93.16,4),(10368,'S24_3969',46,36.52,3),(10369,'S10_1949',41,195.01,2),(10369,'S18_1342',44,89.38,8),(10369,'S18_1367',32,46.36,7),(10369,'S18_2949',42,100.30,1),(10369,'S18_2957',28,51.84,6),(10369,'S18_3136',21,90.06,5),(10369,'S18_3320',45,80.36,4),(10369,'S24_4258',40,93.49,3),(10370,'S10_4962',35,128.53,4),(10370,'S12_1666',49,128.47,8),(10370,'S18_1097',27,100.34,1),(10370,'S18_2319',22,101.87,5),(10370,'S18_2432',22,60.16,7),(10370,'S18_3232',27,167.65,9),(10370,'S18_4600',29,105.34,6),(10370,'S18_4668',20,41.76,2),(10370,'S32_3522',25,63.99,3),(10371,'S12_1108',32,178.71,6),(10371,'S12_4473',49,104.28,4),(10371,'S18_2238',25,160.46,7),(10371,'S24_1444',25,53.75,12),(10371,'S24_2300',20,126.51,5),(10371,'S24_2840',45,35.01,8),(10371,'S24_4048',28,95.81,9),(10371,'S32_1268',26,82.83,1),(10371,'S32_2509',20,44.37,2),(10371,'S32_3207',30,53.44,11),(10371,'S50_1392',48,97.23,10),(10371,'S700_2824',34,83.95,3),(10372,'S12_3148',40,146.55,4),(10372,'S12_3891',34,140.15,1),(10372,'S18_3140',28,131.13,3),(10372,'S18_3259',25,91.76,5),(10372,'S18_4027',48,119.20,6),(10372,'S18_4522',41,78.99,7),(10372,'S24_2011',37,102.00,8),(10372,'S50_1514',24,56.82,9),(10372,'S700_1938',44,74.48,2),(10373,'S10_4757',39,118.32,3),(10373,'S18_1662',28,143.50,4),(10373,'S18_3029',22,75.70,5),(10373,'S18_3856',50,99.52,6),(10373,'S24_2841',38,58.92,7),(10373,'S24_3151',33,82.31,12),(10373,'S24_3420',46,53.92,11),(10373,'S24_3816',23,83.86,10),(10373,'S24_3949',39,62.10,13),(10373,'S700_1138',44,58.00,14),(10373,'S700_2047',32,76.94,15),(10373,'S700_2610',41,69.39,16),(10373,'S700_3505',34,94.16,2),(10373,'S700_3962',37,83.42,8),(10373,'S700_4002',45,68.11,17),(10373,'S72_1253',25,44.20,9),(10373,'S72_3212',29,48.05,1),(10374,'S10_2016',39,115.37,5),(10374,'S10_4698',22,158.80,1),(10374,'S18_2581',42,75.19,2),(10374,'S18_2625',22,48.46,4),(10374,'S24_1578',38,112.70,6),(10374,'S24_1785',46,107.23,3),(10375,'S10_1678',21,76.56,12),(10375,'S12_1099',45,184.84,7),(10375,'S12_2823',49,150.62,13),(10375,'S24_2000',23,67.03,9),(10375,'S24_2360',20,60.26,14),(10375,'S24_4278',43,60.13,2),(10375,'S32_1374',37,87.90,3),(10375,'S32_4289',44,59.85,4),(10375,'S32_4485',41,96.95,15),(10375,'S50_1341',49,36.22,5),(10375,'S50_4713',49,69.16,8),(10375,'S700_1691',37,86.77,6),(10375,'S700_2466',33,94.73,1),(10375,'S700_2834',25,98.48,10),(10375,'S700_3167',44,69.60,11),(10376,'S12_3380',35,98.65,1),(10377,'S12_3990',24,65.44,5),(10377,'S12_4675',50,112.86,1),(10377,'S18_1129',35,124.56,2),(10377,'S18_1889',31,61.60,4),(10377,'S18_1984',36,125.18,6),(10377,'S18_3232',39,143.94,3),(10378,'S18_1589',34,121.95,5),(10378,'S18_3278',22,66.74,4),(10378,'S18_3482',43,146.99,10),(10378,'S18_3782',28,60.30,9),(10378,'S18_4721',49,122.02,8),(10378,'S24_2972',41,30.59,7),(10378,'S24_3371',46,52.66,6),(10378,'S24_3856',33,129.20,3),(10378,'S24_4620',41,80.84,2),(10378,'S32_2206',40,35.80,1),(10379,'S18_1749',39,156.40,2),(10379,'S18_2248',27,50.85,1),(10379,'S18_2870',29,113.52,5),(10379,'S18_3685',32,134.22,4),(10379,'S24_1628',32,48.80,3),(10380,'S18_1342',27,88.36,13),(10380,'S18_2325',40,119.50,10),(10380,'S18_2795',21,156.94,8),(10380,'S18_4409',32,78.23,1),(10380,'S18_4933',24,66.99,2),(10380,'S24_1046',34,66.88,3),(10380,'S24_1937',32,29.87,4),(10380,'S24_2022',27,37.63,5),(10380,'S24_2766',36,77.24,6),(10380,'S24_2887',44,111.57,7),(10380,'S24_3191',44,77.05,9),(10380,'S24_3432',34,91.02,11),(10380,'S24_3969',43,32.82,12),(10381,'S10_1949',36,182.16,3),(10381,'S10_4962',37,138.88,6),(10381,'S12_1666',20,132.57,1),(10381,'S18_1097',48,114.34,2),(10381,'S18_1367',25,49.60,9),(10381,'S18_2432',35,60.77,7),(10381,'S18_2949',41,100.30,8),(10381,'S18_2957',40,51.22,4),(10381,'S18_3136',35,93.20,5),(10382,'S12_1108',34,166.24,10),(10382,'S12_3148',37,145.04,11),(10382,'S12_3891',34,143.61,12),(10382,'S12_4473',32,103.10,13),(10382,'S18_2238',25,160.46,5),(10382,'S18_3320',50,84.33,7),(10382,'S18_4600',39,115.03,1),(10382,'S18_4668',39,46.29,2),(10382,'S24_2300',20,120.12,3),(10382,'S24_4258',33,97.39,4),(10382,'S32_1268',26,85.72,6),(10382,'S32_3522',48,57.53,8),(10382,'S700_2824',34,101.15,9),(10383,'S18_2319',27,119.05,11),(10383,'S18_3140',24,125.66,9),(10383,'S18_3232',47,155.79,6),(10383,'S18_3259',26,83.70,12),(10383,'S18_4027',38,137.88,1),(10383,'S18_4522',28,77.24,7),(10383,'S24_1444',22,52.60,2),(10383,'S24_2840',40,33.24,3),(10383,'S24_4048',21,117.10,4),(10383,'S32_2509',32,53.57,5),(10383,'S32_3207',44,55.93,8),(10383,'S50_1392',29,94.92,13),(10383,'S50_1514',38,48.62,10),(10384,'S10_4757',34,129.20,4),(10384,'S24_2011',28,114.29,3),(10384,'S24_3151',43,71.69,2),(10384,'S700_1938',49,71.02,1),(10385,'S24_3816',37,78.83,2),(10385,'S700_1138',25,62.00,1),(10386,'S18_1662',25,130.88,7),(10386,'S18_2581',21,72.65,18),(10386,'S18_3029',37,73.12,5),(10386,'S18_3856',22,100.58,6),(10386,'S24_1785',33,101.76,11),(10386,'S24_2841',39,56.86,1),(10386,'S24_3420',35,54.57,9),(10386,'S24_3949',41,55.96,12),(10386,'S24_4278',50,71.73,8),(10386,'S700_2047',29,85.09,13),(10386,'S700_2466',37,90.75,14),(10386,'S700_2610',37,67.22,10),(10386,'S700_3167',32,68.00,17),(10386,'S700_3505',45,83.14,2),(10386,'S700_3962',30,80.44,3),(10386,'S700_4002',44,59.22,15),(10386,'S72_1253',50,47.67,16),(10386,'S72_3212',43,52.42,4),(10387,'S32_1374',44,79.91,1),(10388,'S10_1678',42,80.39,4),(10388,'S10_2016',50,118.94,5),(10388,'S10_4698',21,156.86,7),(10388,'S12_2823',44,125.01,6),(10388,'S32_4289',35,58.47,8),(10388,'S50_1341',27,41.02,1),(10388,'S700_1691',46,74.90,2),(10388,'S700_2834',50,111.53,3),(10389,'S12_1099',26,182.90,4),(10389,'S12_3380',25,95.13,6),(10389,'S12_3990',36,76.61,7),(10389,'S12_4675',47,102.49,8),(10389,'S18_1889',49,63.91,3),(10389,'S18_2625',39,52.09,5),(10389,'S24_1578',45,112.70,1),(10389,'S24_2000',49,61.70,2),(10390,'S18_1129',36,117.48,14),(10390,'S18_1984',34,132.29,15),(10390,'S18_2325',31,102.98,16),(10390,'S18_2795',26,162.00,7),(10390,'S18_3278',40,75.59,9),(10390,'S18_3482',50,135.23,1),(10390,'S18_3782',36,54.09,2),(10390,'S18_4721',49,122.02,3),(10390,'S24_2360',35,67.87,4),(10390,'S24_2972',37,35.87,5),(10390,'S24_3371',46,51.43,6),(10390,'S24_3856',45,134.81,8),(10390,'S24_4620',30,66.29,10),(10390,'S32_2206',41,39.02,11),(10390,'S32_4485',45,101.03,12),(10390,'S50_4713',22,81.36,13),(10391,'S10_1949',24,195.01,4),(10391,'S10_4962',37,121.15,7),(10391,'S12_1666',39,110.70,9),(10391,'S18_1097',29,114.34,10),(10391,'S18_1342',35,102.74,2),(10391,'S18_1367',42,47.44,3),(10391,'S18_2432',44,57.73,5),(10391,'S18_2949',32,99.28,6),(10391,'S24_1937',33,26.55,8),(10391,'S24_2022',24,36.29,1),(10392,'S18_2957',37,61.21,3),(10392,'S18_3136',29,103.67,2),(10392,'S18_3320',36,98.22,1),(10393,'S12_3148',35,145.04,8),(10393,'S12_4473',32,99.54,10),(10393,'S18_2238',20,137.53,11),(10393,'S18_2319',38,104.32,7),(10393,'S18_4600',30,106.55,9),(10393,'S18_4668',44,41.76,1),(10393,'S24_2300',33,112.46,2),(10393,'S24_4258',33,88.62,3),(10393,'S32_1268',38,84.75,4),(10393,'S32_3522',31,63.35,5),(10393,'S700_2824',21,83.95,6),(10394,'S18_3232',22,135.47,5),(10394,'S18_4027',37,124.95,1),(10394,'S24_1444',31,53.18,2),(10394,'S24_2840',46,35.36,6),(10394,'S24_4048',37,104.09,7),(10394,'S32_2509',36,47.08,3),(10394,'S32_3207',30,55.93,4),(10395,'S10_4757',32,125.12,2),(10395,'S12_1108',33,205.72,1),(10395,'S50_1392',46,98.39,4),(10395,'S50_1514',45,57.99,3),(10396,'S12_3891',33,155.72,3),(10396,'S18_3140',33,129.76,2),(10396,'S18_3259',24,91.76,4),(10396,'S18_4522',45,83.38,5),(10396,'S24_2011',49,100.77,6),(10396,'S24_3151',27,77.00,7),(10396,'S24_3816',37,77.99,8),(10396,'S700_1138',39,62.00,1),(10397,'S700_1938',32,69.29,5),(10397,'S700_2610',22,62.88,4),(10397,'S700_3505',48,86.15,3),(10397,'S700_3962',36,80.44,2),(10397,'S72_3212',34,52.96,1),(10398,'S18_1662',33,130.88,11),(10398,'S18_2581',34,82.79,15),(10398,'S18_3029',28,70.54,18),(10398,'S18_3856',45,92.11,17),(10398,'S24_1785',43,100.67,16),(10398,'S24_2841',28,60.29,3),(10398,'S24_3420',34,61.15,13),(10398,'S24_3949',41,56.64,2),(10398,'S24_4278',45,65.93,14),(10398,'S32_4289',22,60.54,4),(10398,'S50_1341',49,38.84,5),(10398,'S700_1691',47,78.55,6),(10398,'S700_2047',36,75.13,7),(10398,'S700_2466',22,98.72,8),(10398,'S700_2834',23,102.04,9),(10398,'S700_3167',29,76.80,10),(10398,'S700_4002',36,62.19,12),(10398,'S72_1253',34,41.22,1),(10399,'S10_1678',40,77.52,8),(10399,'S10_2016',51,99.91,7),(10399,'S10_4698',22,156.86,6),(10399,'S12_2823',29,123.51,5),(10399,'S18_2625',30,51.48,4),(10399,'S24_1578',57,104.81,3),(10399,'S24_2000',58,75.41,2),(10399,'S32_1374',32,97.89,1),(10400,'S10_4757',64,134.64,9),(10400,'S18_1662',34,129.31,1),(10400,'S18_3029',30,74.84,7),(10400,'S18_3856',58,88.93,6),(10400,'S24_2841',24,55.49,2),(10400,'S24_3420',38,59.18,3),(10400,'S24_3816',42,74.64,8),(10400,'S700_2047',46,82.37,5),(10400,'S72_1253',20,41.71,4),(10401,'S18_2581',42,75.19,3),(10401,'S24_1785',38,87.54,5),(10401,'S24_3949',64,59.37,12),(10401,'S24_4278',52,65.93,4),(10401,'S32_1374',49,81.91,1),(10401,'S32_4289',62,62.60,6),(10401,'S50_1341',56,41.46,7),(10401,'S700_1691',11,77.64,8),(10401,'S700_2466',85,98.72,10),(10401,'S700_2834',21,96.11,2),(10401,'S700_3167',77,73.60,9),(10401,'S700_4002',40,66.63,11),(10402,'S10_2016',45,118.94,1),(10402,'S18_2625',55,58.15,2),(10402,'S24_2000',59,61.70,3),(10403,'S10_1678',24,85.17,7),(10403,'S10_4698',66,174.29,9),(10403,'S12_2823',66,122.00,6),(10403,'S18_3782',36,55.33,1),(10403,'S24_1578',46,109.32,8),(10403,'S24_2360',27,57.49,4),(10403,'S32_2206',30,35.80,2),(10403,'S32_4485',45,88.78,5),(10403,'S50_4713',31,65.09,3),(10404,'S12_1099',64,163.44,3),(10404,'S12_3380',43,102.17,1),(10404,'S12_3990',77,67.03,4),(10404,'S18_3278',90,67.54,6),(10404,'S18_3482',28,127.88,5),(10404,'S18_4721',48,124.99,8),(10404,'S24_3371',49,53.27,2),(10404,'S24_4620',48,65.48,7),(10405,'S12_4675',97,115.16,5),(10405,'S18_1889',61,72.38,4),(10405,'S18_3232',55,147.33,1),(10405,'S24_2972',47,37.38,2),(10405,'S24_3856',76,127.79,3),(10406,'S18_1129',61,124.56,3),(10406,'S18_1984',48,133.72,2),(10406,'S18_3685',65,117.26,1),(10407,'S18_1589',59,114.48,11),(10407,'S18_1749',76,141.10,2),(10407,'S18_2248',42,58.12,1),(10407,'S18_2870',41,132.00,12),(10407,'S18_4409',6,91.11,3),(10407,'S18_4933',66,64.14,4),(10407,'S24_1046',26,68.35,8),(10407,'S24_1628',64,45.78,10),(10407,'S24_2766',76,81.78,6),(10407,'S24_2887',59,98.65,5),(10407,'S24_3191',13,77.05,7),(10407,'S24_3432',43,101.73,9),(10408,'S24_3969',15,41.03,1),(10409,'S18_2325',6,104.25,2),(10409,'S24_1937',61,27.88,1),(10410,'S18_1342',65,99.66,7),(10410,'S18_1367',44,51.21,6),(10410,'S18_2795',56,145.13,8),(10410,'S18_2949',47,93.21,1),(10410,'S18_2957',53,49.97,3),(10410,'S18_3136',34,84.82,2),(10410,'S18_3320',44,81.35,5),(10410,'S24_2022',31,42.56,9),(10410,'S24_4258',50,95.44,4),(10411,'S10_1949',23,205.73,9),(10411,'S10_4962',27,144.79,2),(10411,'S12_1666',40,110.70,6),(10411,'S18_1097',27,109.67,8),(10411,'S18_4600',46,106.55,3),(10411,'S18_4668',35,41.25,7),(10411,'S32_1268',26,78.01,1),(10411,'S32_3522',27,60.76,5),(10411,'S700_2824',34,89.01,4),(10412,'S12_4473',54,100.73,5),(10412,'S18_2238',41,150.63,4),(10412,'S18_2319',56,120.28,8),(10412,'S18_2432',47,49.83,11),(10412,'S18_3232',60,157.49,9),(10412,'S24_1444',21,47.40,2),(10412,'S24_2300',70,109.90,10),(10412,'S24_2840',30,32.88,6),(10412,'S24_4048',31,108.82,1),(10412,'S32_2509',19,50.86,7),(10412,'S50_1392',26,105.33,3),(10413,'S12_1108',36,201.57,2),(10413,'S12_3148',47,145.04,3),(10413,'S12_3891',22,173.02,1),(10413,'S18_4027',49,133.57,5),(10413,'S32_3207',24,56.55,6),(10413,'S50_1514',51,53.31,4),(10414,'S10_4757',49,114.24,3),(10414,'S18_3029',44,77.42,1),(10414,'S18_3140',41,128.39,12),(10414,'S18_3259',48,85.71,14),(10414,'S18_4522',56,83.38,11),(10414,'S24_2011',43,108.14,10),(10414,'S24_3151',60,72.58,5),(10414,'S24_3816',51,72.96,2),(10414,'S700_1138',37,62.00,6),(10414,'S700_1938',34,74.48,13),(10414,'S700_2610',31,61.44,4),(10414,'S700_3505',28,84.14,7),(10414,'S700_3962',40,84.41,8),(10414,'S72_3212',47,54.60,9),(10415,'S18_3856',51,86.81,5),(10415,'S24_2841',21,60.97,1),(10415,'S24_3420',18,59.83,2),(10415,'S700_2047',32,73.32,4),(10415,'S72_1253',42,43.20,3),(10416,'S18_1662',24,129.31,14),(10416,'S18_2581',15,70.96,4),(10416,'S24_1785',47,90.82,6),(10416,'S24_2000',32,62.46,1),(10416,'S24_3949',18,64.83,13),(10416,'S24_4278',48,70.28,5),(10416,'S32_1374',45,86.90,2),(10416,'S32_4289',26,68.10,7),(10416,'S50_1341',37,39.71,8),(10416,'S700_1691',23,88.60,9),(10416,'S700_2466',22,84.76,11),(10416,'S700_2834',41,98.48,3),(10416,'S700_3167',39,65.60,10),(10416,'S700_4002',43,63.67,12),(10417,'S10_1678',66,79.43,2),(10417,'S10_2016',45,116.56,5),(10417,'S10_4698',56,162.67,4),(10417,'S12_2823',21,144.60,1),(10417,'S18_2625',36,58.75,6),(10417,'S24_1578',35,109.32,3),(10418,'S18_3278',16,70.76,2),(10418,'S18_3482',27,139.64,1),(10418,'S18_3782',33,56.57,5),(10418,'S18_4721',28,120.53,4),(10418,'S24_2360',52,64.41,8),(10418,'S24_4620',10,66.29,3),(10418,'S32_2206',43,36.61,6),(10418,'S32_4485',50,100.01,9),(10418,'S50_4713',40,72.41,7),(10419,'S12_1099',12,182.90,13),(10419,'S12_3380',10,111.57,11),(10419,'S12_3990',34,64.64,14),(10419,'S12_4675',32,99.04,10),(10419,'S18_1129',38,117.48,5),(10419,'S18_1589',37,100.80,1),(10419,'S18_1889',39,67.76,9),(10419,'S18_1984',34,133.72,4),(10419,'S18_2870',55,116.16,2),(10419,'S18_3232',35,165.95,6),(10419,'S18_3685',43,114.44,3),(10419,'S24_2972',15,32.10,7),(10419,'S24_3371',55,52.66,12),(10419,'S24_3856',70,112.34,8),(10420,'S18_1749',37,153.00,5),(10420,'S18_2248',36,52.06,4),(10420,'S18_2325',45,116.96,2),(10420,'S18_4409',66,73.62,6),(10420,'S18_4933',36,68.42,7),(10420,'S24_1046',60,60.26,11),(10420,'S24_1628',37,48.80,13),(10420,'S24_1937',45,32.19,1),(10420,'S24_2766',39,76.33,9),(10420,'S24_2887',55,115.09,8),(10420,'S24_3191',35,77.05,10),(10420,'S24_3432',26,104.94,12),(10420,'S24_3969',15,35.29,3),(10421,'S18_2795',35,167.06,1),(10421,'S24_2022',40,44.80,2),(10422,'S18_1342',51,91.44,2),(10422,'S18_1367',25,47.44,1),(10423,'S18_2949',10,89.15,1),(10423,'S18_2957',31,56.21,3),(10423,'S18_3136',21,98.44,2),(10423,'S18_3320',21,80.36,5),(10423,'S24_4258',28,78.89,4),(10424,'S10_1949',50,201.44,6),(10424,'S12_1666',49,121.64,3),(10424,'S18_1097',54,108.50,5),(10424,'S18_4668',26,40.25,4),(10424,'S32_3522',44,54.94,2),(10424,'S700_2824',46,85.98,1),(10425,'S10_4962',38,131.49,12),(10425,'S12_4473',33,95.99,4),(10425,'S18_2238',28,147.36,3),(10425,'S18_2319',38,117.82,7),(10425,'S18_2432',19,48.62,10),(10425,'S18_3232',28,140.55,8),(10425,'S18_4600',38,107.76,13),(10425,'S24_1444',55,53.75,1),(10425,'S24_2300',49,127.79,9),(10425,'S24_2840',31,31.82,5),(10425,'S32_1268',41,83.79,11),(10425,'S32_2509',11,50.32,6),(10425,'S50_1392',18,94.92,2);
/*!40000 ALTER TABLE `orderdetails` ENABLE KEYS */;
UNLOCK TABLES;

--
-- Dumping data for table `orders`
--

LOCK TABLES `orders` WRITE;
/*!40000 ALTER TABLE `orders` DISABLE KEYS */;
INSERT INTO `orders` VALUES (10100,'2003-01-06','2003-01-13','2003-01-10','Shipped','hallo',363),(10101,'2003-01-09','2003-01-18','2003-01-11','Shipped','Check on availability.',128),(10102,'2003-01-10','2003-01-18','2003-01-14','Shipped',NULL,181),(10103,'2003-01-29','2003-02-07','2003-02-02','Shipped',NULL,121),(10104,'2003-01-31','2003-02-09','2003-02-01','Shipped',NULL,141),(10105,'2003-02-11','2003-02-21','2003-02-12','Shipped',NULL,145),(10106,'2003-02-17','2003-02-24','2003-02-21','Shipped',NULL,278),(10107,'2003-02-24','2003-03-03','2003-02-26','Shipped','Difficult to negotiate with customer. We need more marketing materials',131),(10108,'2003-03-03','2003-03-12','2003-03-08','Shipped',NULL,385),(10109,'2003-03-10','2003-03-19','2003-03-11','Shipped','Customer requested that FedEx Ground is used for this shipping',486),(10110,'2003-03-18','2003-03-24','2003-03-20','Shipped',NULL,187),(10111,'2003-03-25','2003-03-31','2003-03-30','Shipped',NULL,129),(10112,'2003-03-24','2003-04-03','2003-03-29','Shipped','Customer requested that ad materials (such as posters, pamphlets) be included in the shippment',144),(10113,'2003-03-26','2003-04-02','2003-03-27','Shipped',NULL,124),(10114,'2003-04-01','2003-04-07','2003-04-02','Shipped',NULL,172),(10115,'2003-04-04','2003-04-12','2003-04-07','Shipped',NULL,424),(10116,'2003-04-11','2003-04-19','2003-04-13','Shipped',NULL,381),(10117,'2003-04-16','2003-04-24','2003-04-17','Shipped',NULL,148),(10118,'2003-04-21','2003-04-29','2003-04-26','Shipped','Customer has worked with some of our vendors in the past and is aware of their MSRP',216),(10119,'2003-04-28','2003-05-05','2003-05-02','Shipped',NULL,382),(10120,'2003-04-29','2003-05-08','2003-05-01','Shipped',NULL,114),(10121,'2003-05-07','2003-05-13','2003-05-13','Shipped',NULL,353),(10122,'2003-05-08','2003-05-16','2003-05-13','Shipped',NULL,350),(10123,'2003-05-20','2003-05-29','2003-05-22','Shipped',NULL,103),(10124,'2003-05-21','2003-05-29','2003-05-25','Shipped','Customer very concerned about the exact color of the models. There is high risk that he may dispute the order because there is a slight color mismatch',112),(10125,'2003-05-21','2003-05-27','2003-05-24','Shipped',NULL,114),(10126,'2003-05-28','2003-06-07','2003-06-02','Shipped',NULL,458),(10127,'2003-06-03','2003-06-09','2003-06-06','Shipped','Customer requested special shippment. The instructions were passed along to the warehouse',151),(10128,'2003-06-06','2003-06-12','2003-06-11','Shipped',NULL,141),(10129,'2003-06-12','2003-06-18','2003-06-14','Shipped',NULL,324),(10130,'2003-06-16','2003-06-24','2003-06-21','Shipped',NULL,198),(10131,'2003-06-16','2003-06-25','2003-06-21','Shipped',NULL,447),(10132,'2003-06-25','2003-07-01','2003-06-28','Shipped',NULL,323),(10133,'2003-06-27','2003-07-04','2003-07-03','Shipped',NULL,141),(10134,'2003-07-01','2003-07-10','2003-07-05','Shipped',NULL,250),(10135,'2003-07-02','2003-07-12','2003-07-03','Shipped',NULL,124),(10136,'2003-07-04','2003-07-14','2003-07-06','Shipped','Customer is interested in buying more Ferrari models',242),(10137,'2003-07-10','2003-07-20','2003-07-14','Shipped',NULL,353),(10138,'2003-07-07','2003-07-16','2003-07-13','Shipped',NULL,496),(10139,'2003-07-16','2003-07-23','2003-07-21','Shipped',NULL,282),(10140,'2003-07-24','2003-08-02','2003-07-30','Shipped',NULL,161),(10141,'2003-08-01','2003-08-09','2003-08-04','Shipped',NULL,334),(10142,'2003-08-08','2003-08-16','2003-08-13','Shipped',NULL,124),(10143,'2003-08-10','2003-08-18','2003-08-12','Shipped','Can we deliver the new Ford Mustang models by end-of-quarter?',320),(10144,'2003-08-13','2003-08-21','2003-08-14','Shipped',NULL,381),(10145,'2003-08-25','2003-09-02','2003-08-31','Shipped',NULL,205),(10146,'2003-09-03','2003-09-13','2003-09-06','Shipped',NULL,447),(10147,'2003-09-05','2003-09-12','2003-09-09','Shipped',NULL,379),(10148,'2003-09-11','2003-09-21','2003-09-15','Shipped','They want to reevaluate their terms agreement with Finance.',276),(10149,'2003-09-12','2003-09-18','2003-09-17','Shipped',NULL,487),(10150,'2003-09-19','2003-09-27','2003-09-21','Shipped','They want to reevaluate their terms agreement with Finance.',148),(10151,'2003-09-21','2003-09-30','2003-09-24','Shipped',NULL,311),(10152,'2003-09-25','2003-10-03','2003-10-01','Shipped',NULL,333),(10153,'2003-09-28','2003-10-05','2003-10-03','Shipped',NULL,141),(10154,'2003-10-02','2003-10-12','2003-10-08','Shipped',NULL,219),(10155,'2003-10-06','2003-10-13','2003-10-07','Shipped',NULL,186),(10156,'2003-10-08','2003-10-17','2003-10-11','Shipped',NULL,141),(10157,'2003-10-09','2003-10-15','2003-10-14','Shipped',NULL,473),(10158,'2003-10-10','2003-10-18','2003-10-15','Shipped',NULL,121),(10159,'2003-10-10','2003-10-19','2003-10-16','Shipped',NULL,321),(10160,'2003-10-11','2003-10-17','2003-10-17','Shipped',NULL,347),(10161,'2003-10-17','2003-10-25','2003-10-20','Shipped',NULL,227),(10162,'2003-10-18','2003-10-26','2003-10-19','Shipped',NULL,321),(10163,'2003-10-20','2003-10-27','2003-10-24','Shipped',NULL,424),(10164,'2003-10-21','2003-10-30','2003-10-23','Resolved','This order was disputed, but resolved on 11/1/2003; Customer doesn\'t like the colors and precision of the models.',452),(10165,'2003-10-22','2003-10-31','2003-12-26','Shipped','This order was on hold because customers\'s credit limit had been exceeded. Order will ship when payment is received',148),(10166,'2003-10-21','2003-10-30','2003-10-27','Shipped',NULL,462),(10167,'2003-10-23','2003-10-30',NULL,'Cancelled','Customer called to cancel. The warehouse was notified in time and the order didn\'t ship. They have a new VP of Sales and are shifting their sales model. Our VP of Sales should contact them.',448),(10168,'2003-10-28','2003-11-03','2003-11-01','Shipped',NULL,161),(10169,'2003-11-04','2003-11-14','2003-11-09','Shipped',NULL,276),(10170,'2003-11-04','2003-11-12','2003-11-07','Shipped',NULL,452),(10171,'2003-11-05','2003-11-13','2003-11-07','Shipped',NULL,233),(10172,'2003-11-05','2003-11-14','2003-11-11','Shipped',NULL,175),(10173,'2003-11-05','2003-11-15','2003-11-09','Shipped','Cautious optimism. We have happy customers here, if we can keep them well stocked.  I need all the information I can get on the planned shippments of Porches',278),(10174,'2003-11-06','2003-11-15','2003-11-10','Shipped',NULL,333),(10175,'2003-11-06','2003-11-14','2003-11-09','Shipped',NULL,324),(10176,'2003-11-06','2003-11-15','2003-11-12','Shipped',NULL,386),(10177,'2003-11-07','2003-11-17','2003-11-12','Shipped',NULL,344),(10178,'2003-11-08','2003-11-16','2003-11-10','Shipped','Custom shipping instructions sent to warehouse',242),(10179,'2003-11-11','2003-11-17','2003-11-13','Cancelled','Customer cancelled due to urgent budgeting issues. Must be cautious when dealing with them in the future. Since order shipped already we must discuss who would cover the shipping charges.',496),(10180,'2003-11-11','2003-11-19','2003-11-14','Shipped',NULL,171),(10181,'2003-11-12','2003-11-19','2003-11-15','Shipped',NULL,167),(10182,'2003-11-12','2003-11-21','2003-11-18','Shipped',NULL,124),(10183,'2003-11-13','2003-11-22','2003-11-15','Shipped','We need to keep in close contact with their Marketing VP. He is the decision maker for all their purchases.',339),(10184,'2003-11-14','2003-11-22','2003-11-20','Shipped',NULL,484),(10185,'2003-11-14','2003-11-21','2003-11-20','Shipped',NULL,320),(10186,'2003-11-14','2003-11-20','2003-11-18','Shipped','They want to reevaluate their terms agreement with the VP of Sales',489),(10187,'2003-11-15','2003-11-24','2003-11-16','Shipped',NULL,211),(10188,'2003-11-18','2003-11-26','2003-11-24','Shipped',NULL,167),(10189,'2003-11-18','2003-11-25','2003-11-24','Shipped','They want to reevaluate their terms agreement with Finance.',205),(10190,'2003-11-19','2003-11-29','2003-11-20','Shipped',NULL,141),(10191,'2003-11-20','2003-11-30','2003-11-24','Shipped','We must be cautions with this customer. Their VP of Sales resigned. Company may be heading down.',259),(10192,'2003-11-20','2003-11-29','2003-11-25','Shipped',NULL,363),(10193,'2003-11-21','2003-11-28','2003-11-27','Shipped',NULL,471),(10194,'2003-11-25','2003-12-02','2003-11-26','Shipped',NULL,146),(10195,'2003-11-25','2003-12-01','2003-11-28','Shipped',NULL,319),(10196,'2003-11-26','2003-12-03','2003-12-01','Shipped',NULL,455),(10197,'2003-11-26','2003-12-02','2003-12-01','Shipped','Customer inquired about remote controlled models and gold models.',216),(10198,'2003-11-27','2003-12-06','2003-12-03','Shipped',NULL,385),(10199,'2003-12-01','2003-12-10','2003-12-06','Shipped',NULL,475),(10200,'2003-12-01','2003-12-09','2003-12-06','Shipped',NULL,211),(10201,'2003-12-01','2003-12-11','2003-12-02','Shipped',NULL,129),(10202,'2003-12-02','2003-12-09','2003-12-06','Shipped',NULL,357),(10203,'2003-12-02','2003-12-11','2003-12-07','Shipped',NULL,141),(10204,'2003-12-02','2003-12-10','2003-12-04','Shipped',NULL,151),(10205,'2003-12-03','2003-12-09','2003-12-07','Shipped',' I need all the information I can get on our competitors.',141),(10206,'2003-12-05','2003-12-13','2003-12-08','Shipped','Can we renegotiate this one?',202),(10207,'2003-12-09','2003-12-17','2003-12-11','Shipped','Check on availability.',495),(10208,'2004-01-02','2004-01-11','2004-01-04','Shipped',NULL,146),(10209,'2004-01-09','2004-01-15','2004-01-12','Shipped',NULL,347),(10210,'2004-01-12','2004-01-22','2004-01-20','Shipped',NULL,177),(10211,'2004-01-15','2004-01-25','2004-01-18','Shipped',NULL,406),(10212,'2004-01-16','2004-01-24','2004-01-18','Shipped',NULL,141),(10213,'2004-01-22','2004-01-28','2004-01-27','Shipped','Difficult to negotiate with customer. We need more marketing materials',489),(10214,'2004-01-26','2004-02-04','2004-01-29','Shipped',NULL,458),(10215,'2004-01-29','2004-02-08','2004-02-01','Shipped','Customer requested that FedEx Ground is used for this shipping',475),(10216,'2004-02-02','2004-02-10','2004-02-04','Shipped',NULL,256),(10217,'2004-02-04','2004-02-14','2004-02-06','Shipped',NULL,166),(10218,'2004-02-09','2004-02-16','2004-02-11','Shipped','Customer requested that ad materials (such as posters, pamphlets) be included in the shippment',473),(10219,'2004-02-10','2004-02-17','2004-02-12','Shipped',NULL,487),(10220,'2004-02-12','2004-02-19','2004-02-16','Shipped',NULL,189),(10221,'2004-02-18','2004-02-26','2004-02-19','Shipped',NULL,314),(10222,'2004-02-19','2004-02-27','2004-02-20','Shipped',NULL,239),(10223,'2004-02-20','2004-02-29','2004-02-24','Shipped',NULL,114),(10224,'2004-02-21','2004-03-02','2004-02-26','Shipped','Customer has worked with some of our vendors in the past and is aware of their MSRP',171),(10225,'2004-02-22','2004-03-01','2004-02-24','Shipped',NULL,298),(10226,'2004-02-26','2004-03-06','2004-03-02','Shipped',NULL,239),(10227,'2004-03-02','2004-03-12','2004-03-08','Shipped',NULL,146),(10228,'2004-03-10','2004-03-18','2004-03-13','Shipped',NULL,173),(10229,'2004-03-11','2004-03-20','2004-03-12','Shipped',NULL,124),(10230,'2004-03-15','2004-03-24','2004-03-20','Shipped','Customer very concerned about the exact color of the models. There is high risk that he may dispute the order because there is a slight color mismatch',128),(10231,'2004-03-19','2004-03-26','2004-03-25','Shipped',NULL,344),(10232,'2004-03-20','2004-03-30','2004-03-25','Shipped',NULL,240),(10233,'2004-03-29','2004-04-04','2004-04-02','Shipped','Customer requested special shippment. The instructions were passed along to the warehouse',328),(10234,'2004-03-30','2004-04-05','2004-04-02','Shipped',NULL,412),(10235,'2004-04-02','2004-04-12','2004-04-06','Shipped',NULL,260),(10236,'2004-04-03','2004-04-11','2004-04-08','Shipped',NULL,486),(10237,'2004-04-05','2004-04-12','2004-04-10','Shipped',NULL,181),(10238,'2004-04-09','2004-04-16','2004-04-10','Shipped',NULL,145),(10239,'2004-04-12','2004-04-21','2004-04-17','Shipped',NULL,311),(10240,'2004-04-13','2004-04-20','2004-04-20','Shipped',NULL,177),(10241,'2004-04-13','2004-04-20','2004-04-19','Shipped',NULL,209),(10242,'2004-04-20','2004-04-28','2004-04-25','Shipped','Customer is interested in buying more Ferrari models',456),(10243,'2004-04-26','2004-05-03','2004-04-28','Shipped',NULL,495),(10244,'2004-04-29','2004-05-09','2004-05-04','Shipped',NULL,141),(10245,'2004-05-04','2004-05-12','2004-05-09','Shipped',NULL,455),(10246,'2004-05-05','2004-05-13','2004-05-06','Shipped',NULL,141),(10247,'2004-05-05','2004-05-11','2004-05-08','Shipped',NULL,334),(10248,'2004-05-07','2004-05-14',NULL,'Cancelled','Order was mistakenly placed. The warehouse noticed the lack of documentation.',131),(10249,'2004-05-08','2004-05-17','2004-05-11','Shipped','Can we deliver the new Ford Mustang models by end-of-quarter?',173),(10250,'2004-05-11','2004-05-19','2004-05-15','Shipped',NULL,450),(10251,'2004-05-18','2004-05-24','2004-05-24','Shipped',NULL,328),(10252,'2004-05-26','2004-06-04','2004-05-29','Shipped',NULL,406),(10253,'2004-06-01','2004-06-09','2004-06-02','Cancelled','Customer disputed the order and we agreed to cancel it. We must be more cautions with this customer going forward, since they are very hard to please. We must cover the shipping fees.',201),(10254,'2004-06-03','2004-06-13','2004-06-04','Shipped','Customer requested that DHL is used for this shipping',323),(10255,'2004-06-04','2004-06-12','2004-06-09','Shipped',NULL,209),(10256,'2004-06-08','2004-06-16','2004-06-10','Shipped',NULL,145),(10257,'2004-06-14','2004-06-24','2004-06-15','Shipped',NULL,450),(10258,'2004-06-15','2004-06-25','2004-06-23','Shipped',NULL,398),(10259,'2004-06-15','2004-06-22','2004-06-17','Shipped',NULL,166),(10260,'2004-06-16','2004-06-22',NULL,'Cancelled','Customer heard complaints from their customers and called to cancel this order. Will notify the Sales Manager.',357),(10261,'2004-06-17','2004-06-25','2004-06-22','Shipped',NULL,233),(10262,'2004-06-24','2004-07-01',NULL,'Cancelled','This customer found a better offer from one of our competitors. Will call back to renegotiate.',141),(10263,'2004-06-28','2004-07-04','2004-07-02','Shipped',NULL,175),(10264,'2004-06-30','2004-07-06','2004-07-01','Shipped','Customer will send a truck to our local warehouse on 7/1/2004',362),(10265,'2004-07-02','2004-07-09','2004-07-07','Shipped',NULL,471),(10266,'2004-07-06','2004-07-14','2004-07-10','Shipped',NULL,386),(10267,'2004-07-07','2004-07-17','2004-07-09','Shipped',NULL,151),(10268,'2004-07-12','2004-07-18','2004-07-14','Shipped',NULL,412),(10269,'2004-07-16','2004-07-22','2004-07-18','Shipped',NULL,382),(10270,'2004-07-19','2004-07-27','2004-07-24','Shipped','Can we renegotiate this one?',282),(10271,'2004-07-20','2004-07-29','2004-07-23','Shipped',NULL,124),(10272,'2004-07-20','2004-07-26','2004-07-22','Shipped',NULL,157),(10273,'2004-07-21','2004-07-28','2004-07-22','Shipped',NULL,314),(10274,'2004-07-21','2004-07-29','2004-07-22','Shipped',NULL,379),(10275,'2004-07-23','2004-08-02','2004-07-29','Shipped',NULL,119),(10276,'2004-08-02','2004-08-11','2004-08-08','Shipped',NULL,204),(10277,'2004-08-04','2004-08-12','2004-08-05','Shipped',NULL,148),(10278,'2004-08-06','2004-08-16','2004-08-09','Shipped',NULL,112),(10279,'2004-08-09','2004-08-19','2004-08-15','Shipped','Cautious optimism. We have happy customers here, if we can keep them well stocked.  I need all the information I can get on the planned shippments of Porches',141),(10280,'2004-08-17','2004-08-27','2004-08-19','Shipped',NULL,249),(10281,'2004-08-19','2004-08-28','2004-08-23','Shipped',NULL,157),(10282,'2004-08-20','2004-08-26','2004-08-22','Shipped',NULL,124),(10283,'2004-08-20','2004-08-30','2004-08-23','Shipped',NULL,260),(10284,'2004-08-21','2004-08-29','2004-08-26','Shipped','Custom shipping instructions sent to warehouse',299),(10285,'2004-08-27','2004-09-04','2004-08-31','Shipped',NULL,286),(10286,'2004-08-28','2004-09-06','2004-09-01','Shipped',NULL,172),(10287,'2004-08-30','2004-09-06','2004-09-01','Shipped',NULL,298),(10288,'2004-09-01','2004-09-11','2004-09-05','Shipped',NULL,166),(10289,'2004-09-03','2004-09-13','2004-09-04','Shipped','We need to keep in close contact with their Marketing VP. He is the decision maker for all their purchases.',167),(10290,'2004-09-07','2004-09-15','2004-09-13','Shipped',NULL,198),(10291,'2004-09-08','2004-09-17','2004-09-14','Shipped',NULL,448),(10292,'2004-09-08','2004-09-18','2004-09-11','Shipped','They want to reevaluate their terms agreement with Finance.',131),(10293,'2004-09-09','2004-09-18','2004-09-14','Shipped',NULL,249),(10294,'2004-09-10','2004-09-17','2004-09-14','Shipped',NULL,204),(10295,'2004-09-10','2004-09-17','2004-09-14','Shipped','They want to reevaluate their terms agreement with Finance.',362),(10296,'2004-09-15','2004-09-22','2004-09-16','Shipped',NULL,415),(10297,'2004-09-16','2004-09-22','2004-09-21','Shipped','We must be cautions with this customer. Their VP of Sales resigned. Company may be heading down.',189),(10298,'2004-09-27','2004-10-05','2004-10-01','Shipped',NULL,103),(10299,'2004-09-30','2004-10-10','2004-10-01','Shipped',NULL,186),(10300,'2003-10-04','2003-10-13','2003-10-09','Shipped',NULL,128),(10301,'2003-10-05','2003-10-15','2003-10-08','Shipped',NULL,299),(10302,'2003-10-06','2003-10-16','2003-10-07','Shipped',NULL,201),(10303,'2004-10-06','2004-10-14','2004-10-09','Shipped','Customer inquired about remote controlled models and gold models.',484),(10304,'2004-10-11','2004-10-20','2004-10-17','Shipped',NULL,256),(10305,'2004-10-13','2004-10-22','2004-10-15','Shipped','Check on availability.',286),(10306,'2004-10-14','2004-10-21','2004-10-17','Shipped',NULL,187),(10307,'2004-10-14','2004-10-23','2004-10-20','Shipped',NULL,339),(10308,'2004-10-15','2004-10-24','2004-10-20','Shipped','Customer requested that FedEx Ground is used for this shipping',319),(10309,'2004-10-15','2004-10-24','2004-10-18','Shipped',NULL,121),(10310,'2004-10-16','2004-10-24','2004-10-18','Shipped',NULL,259),(10311,'2004-10-16','2004-10-23','2004-10-20','Shipped','Difficult to negotiate with customer. We need more marketing materials',141),(10312,'2004-10-21','2004-10-27','2004-10-23','Shipped',NULL,124),(10313,'2004-10-22','2004-10-28','2004-10-25','Shipped','Customer requested that FedEx Ground is used for this shipping',202),(10314,'2004-10-22','2004-11-01','2004-10-23','Shipped',NULL,227),(10315,'2004-10-29','2004-11-08','2004-10-30','Shipped',NULL,119),(10316,'2004-11-01','2004-11-09','2004-11-07','Shipped','Customer requested that ad materials (such as posters, pamphlets) be included in the shippment',240),(10317,'2004-11-02','2004-11-12','2004-11-08','Shipped',NULL,161),(10318,'2004-11-02','2004-11-09','2004-11-07','Shipped',NULL,157),(10319,'2004-11-03','2004-11-11','2004-11-06','Shipped','Customer requested that DHL is used for this shipping',456),(10320,'2004-11-03','2004-11-13','2004-11-07','Shipped',NULL,144),(10321,'2004-11-04','2004-11-12','2004-11-07','Shipped',NULL,462),(10322,'2004-11-04','2004-11-12','2004-11-10','Shipped','Customer has worked with some of our vendors in the past and is aware of their MSRP',363),(10323,'2004-11-05','2004-11-12','2004-11-09','Shipped',NULL,128),(10324,'2004-11-05','2004-11-11','2004-11-08','Shipped',NULL,181),(10325,'2004-11-05','2004-11-13','2004-11-08','Shipped',NULL,121),(10326,'2004-11-09','2004-11-16','2004-11-10','Shipped',NULL,144),(10327,'2004-11-10','2004-11-19','2004-11-13','Resolved','Order was disputed and resolved on 12/1/04. The Sales Manager was involved. Customer claims the scales of the models don\'t match what was discussed.',145),(10328,'2004-11-12','2004-11-21','2004-11-18','Shipped','Customer very concerned about the exact color of the models. There is high risk that he may dispute the order because there is a slight color mismatch',278),(10329,'2004-11-15','2004-11-24','2004-11-16','Shipped',NULL,131),(10330,'2004-11-16','2004-11-25','2004-11-21','Shipped',NULL,385),(10331,'2004-11-17','2004-11-23','2004-11-23','Shipped','Customer requested special shippment. The instructions were passed along to the warehouse',486),(10332,'2004-11-17','2004-11-25','2004-11-18','Shipped',NULL,187),(10333,'2004-11-18','2004-11-27','2004-11-20','Shipped',NULL,129),(10334,'2004-11-19','2004-11-28',NULL,'On Hold','The outstaniding balance for this customer exceeds their credit limit. Order will be shipped when a payment is received.',144),(10335,'2004-11-19','2004-11-29','2004-11-23','Shipped',NULL,124),(10336,'2004-11-20','2004-11-26','2004-11-24','Shipped','Customer requested that DHL is used for this shipping',172),(10337,'2004-11-21','2004-11-30','2004-11-26','Shipped',NULL,424),(10338,'2004-11-22','2004-12-02','2004-11-27','Shipped',NULL,381),(10339,'2004-11-23','2004-11-30','2004-11-30','Shipped',NULL,398),(10340,'2004-11-24','2004-12-01','2004-11-25','Shipped','Customer is interested in buying more Ferrari models',216),(10341,'2004-11-24','2004-12-01','2004-11-29','Shipped',NULL,382),(10342,'2004-11-24','2004-12-01','2004-11-29','Shipped',NULL,114),(10343,'2004-11-24','2004-12-01','2004-11-26','Shipped',NULL,353),(10344,'2004-11-25','2004-12-02','2004-11-29','Shipped',NULL,350),(10345,'2004-11-25','2004-12-01','2004-11-26','Shipped',NULL,103),(10346,'2004-11-29','2004-12-05','2004-11-30','Shipped',NULL,112),(10347,'2004-11-29','2004-12-07','2004-11-30','Shipped','Can we deliver the new Ford Mustang models by end-of-quarter?',114),(10348,'2004-11-01','2004-11-08','2004-11-05','Shipped',NULL,458),(10349,'2004-12-01','2004-12-07','2004-12-03','Shipped',NULL,151),(10350,'2004-12-02','2004-12-08','2004-12-05','Shipped',NULL,141),(10351,'2004-12-03','2004-12-11','2004-12-07','Shipped',NULL,324),(10352,'2004-12-03','2004-12-12','2004-12-09','Shipped',NULL,198),(10353,'2004-12-04','2004-12-11','2004-12-05','Shipped',NULL,447),(10354,'2004-12-04','2004-12-10','2004-12-05','Shipped',NULL,323),(10355,'2004-12-07','2004-12-14','2004-12-13','Shipped',NULL,141),(10356,'2004-12-09','2004-12-15','2004-12-12','Shipped',NULL,250),(10357,'2004-12-10','2004-12-16','2004-12-14','Shipped',NULL,124),(10358,'2004-12-10','2004-12-16','2004-12-16','Shipped','Customer requested that DHL is used for this shipping',141),(10359,'2004-12-15','2004-12-23','2004-12-18','Shipped',NULL,353),(10360,'2004-12-16','2004-12-22','2004-12-18','Shipped',NULL,496),(10361,'2004-12-17','2004-12-24','2004-12-20','Shipped',NULL,282),(10362,'2005-01-05','2005-01-16','2005-01-10','Shipped',NULL,161),(10363,'2005-01-06','2005-01-12','2005-01-10','Shipped',NULL,334),(10364,'2005-01-06','2005-01-17','2005-01-09','Shipped',NULL,350),(10365,'2005-01-07','2005-01-18','2005-01-11','Shipped',NULL,320),(10366,'2005-01-10','2005-01-19','2005-01-12','Shipped',NULL,381),(10367,'2005-01-12','2005-01-21','2005-01-16','Resolved','This order was disputed and resolved on 2/1/2005. Customer claimed that container with shipment was damaged. FedEx\'s investigation proved this wrong.',205),(10368,'2005-01-19','2005-01-27','2005-01-24','Shipped','Can we renegotiate this one?',124),(10369,'2005-01-20','2005-01-28','2005-01-24','Shipped',NULL,379),(10370,'2005-01-20','2005-02-01','2005-01-25','Shipped',NULL,276),(10371,'2005-01-23','2005-02-03','2005-01-25','Shipped',NULL,124),(10372,'2005-01-26','2005-02-05','2005-01-28','Shipped',NULL,398),(10373,'2005-01-31','2005-02-08','2005-02-06','Shipped',NULL,311),(10374,'2005-02-02','2005-02-09','2005-02-03','Shipped',NULL,333),(10375,'2005-02-03','2005-02-10','2005-02-06','Shipped',NULL,119),(10376,'2005-02-08','2005-02-18','2005-02-13','Shipped',NULL,219),(10377,'2005-02-09','2005-02-21','2005-02-12','Shipped','Cautious optimism. We have happy customers here, if we can keep them well stocked.  I need all the information I can get on the planned shippments of Porches',186),(10378,'2005-02-10','2005-02-18','2005-02-11','Shipped',NULL,141),(10379,'2005-02-10','2005-02-18','2005-02-11','Shipped',NULL,141),(10380,'2005-02-16','2005-02-24','2005-02-18','Shipped',NULL,141),(10381,'2005-02-17','2005-02-25','2005-02-18','Shipped',NULL,321),(10382,'2005-02-17','2005-02-23','2005-02-18','Shipped','Custom shipping instructions sent to warehouse',124),(10383,'2005-02-22','2005-03-02','2005-02-25','Shipped',NULL,141),(10384,'2005-02-23','2005-03-06','2005-02-27','Shipped',NULL,321),(10385,'2005-02-28','2005-03-09','2005-03-01','Shipped',NULL,124),(10386,'2005-03-01','2005-03-09','2005-03-06','Resolved','Disputed then Resolved on 3/15/2005. Customer doesn\'t like the craftsmaship of the models.',141),(10387,'2005-03-02','2005-03-09','2005-03-06','Shipped','We need to keep in close contact with their Marketing VP. He is the decision maker for all their purchases.',148),(10388,'2005-03-03','2005-03-11','2005-03-09','Shipped',NULL,462),(10389,'2005-03-03','2005-03-09','2005-03-08','Shipped',NULL,448),(10390,'2005-03-04','2005-03-11','2005-03-07','Shipped','They want to reevaluate their terms agreement with Finance.',124),(10391,'2005-03-09','2005-03-20','2005-03-15','Shipped',NULL,276),(10392,'2005-03-10','2005-03-18','2005-03-12','Shipped',NULL,452),(10393,'2005-03-11','2005-03-21','2005-03-14','Shipped','They want to reevaluate their terms agreement with Finance.',323),(10394,'2005-03-15','2005-03-25','2005-03-19','Shipped',NULL,141),(10395,'2005-03-17','2005-03-24','2005-03-23','Shipped','We must be cautions with this customer. Their VP of Sales resigned. Company may be heading down.',250),(10396,'2005-03-23','2005-04-02','2005-03-28','Shipped',NULL,124),(10397,'2005-03-28','2005-04-09','2005-04-01','Shipped',NULL,242),(10398,'2005-03-30','2005-04-09','2005-03-31','Shipped',NULL,353),(10399,'2005-04-01','2005-04-12','2005-04-03','Shipped',NULL,496),(10400,'2005-04-01','2005-04-11','2005-04-04','Shipped','Customer requested that DHL is used for this shipping',450),(10401,'2005-04-03','2005-04-14',NULL,'On Hold','Customer credit limit exceeded. Will ship when a payment is received.',328),(10402,'2005-04-07','2005-04-14','2005-04-12','Shipped',NULL,406),(10403,'2005-04-08','2005-04-18','2005-04-11','Shipped',NULL,201),(10404,'2005-04-08','2005-04-14','2005-04-11','Shipped',NULL,323),(10405,'2005-04-14','2005-04-24','2005-04-20','Shipped',NULL,209),(10406,'2005-04-15','2005-04-25','2005-04-21','Disputed','Customer claims container with shipment was damaged during shipping and some items were missing. I am talking to FedEx about this.',145),(10407,'2005-04-22','2005-05-04',NULL,'On Hold','Customer credit limit exceeded. Will ship when a payment is received.',450),(10408,'2005-04-22','2005-04-29','2005-04-27','Shipped',NULL,398),(10409,'2005-04-23','2005-05-05','2005-04-24','Shipped',NULL,166),(10410,'2005-04-29','2005-05-10','2005-04-30','Shipped',NULL,357),(10411,'2005-05-01','2005-05-08','2005-05-06','Shipped',NULL,233),(10412,'2005-05-03','2005-05-13','2005-05-05','Shipped',NULL,141),(10413,'2005-05-05','2005-05-14','2005-05-09','Shipped','Customer requested that DHL is used for this shipping',175),(10414,'2005-05-06','2005-05-13',NULL,'On Hold','Customer credit limit exceeded. Will ship when a payment is received.',362),(10415,'2005-05-09','2005-05-20','2005-05-12','Disputed','Customer claims the scales of the models don\'t match what was discussed. I keep all the paperwork though to prove otherwise',471),(10416,'2005-05-10','2005-05-16','2005-05-14','Shipped',NULL,386),(10417,'2005-05-13','2005-05-19','2005-05-19','Disputed','Customer doesn\'t like the colors and precision of the models.',141),(10418,'2005-05-16','2005-05-24','2005-05-20','Shipped',NULL,412),(10419,'2005-05-17','2005-05-28','2005-05-19','Shipped',NULL,382),(10420,'2005-05-29','2005-06-07',NULL,'In Process',NULL,282),(10421,'2005-05-29','2005-06-06',NULL,'In Process','Custom shipping instructions were sent to warehouse',124),(10422,'2005-05-30','2005-06-11',NULL,'In Process',NULL,157),(10423,'2005-05-30','2005-06-05',NULL,'In Process',NULL,314),(10424,'2005-05-31','2005-06-08',NULL,'In Process',NULL,141),(10425,'2005-05-31','2005-06-07',NULL,'In Process',NULL,119),(10426,'2018-12-02','2019-10-24','2019-10-16','Shipped','We can\'t pay it soon',496);
/*!40000 ALTER TABLE `orders` ENABLE KEYS */;
UNLOCK TABLES;

--
-- Dumping data for table `payments`
--

LOCK TABLES `payments` WRITE;
/*!40000 ALTER TABLE `payments` DISABLE KEYS */;
INSERT INTO `payments` VALUES (103,'HQ336336','2004-10-06',6066.78),(103,'JM555205','2003-06-05',14571.44),(103,'OM314933','2004-12-18',1676.14),(112,'BO864823','2004-12-17',14191.12),(112,'HQ55022','2003-06-06',32641.98),(112,'ND748579','2004-08-20',33347.88),(114,'GG31455','2003-05-20',45864.03),(114,'MA765515','2004-12-15',82261.22),(114,'NP603840','2003-05-31',7565.08),(114,'NR27552','2004-03-10',44894.74),(119,'DB933704','2004-11-14',19501.82),(119,'LN373447','2004-08-08',47924.19),(119,'NG94694','2005-02-22',49523.67),(121,'DB889831','2003-02-16',50218.95),(121,'FD317790','2003-10-28',1491.38),(121,'KI831359','2004-11-04',17876.32),(121,'MA302151','2004-11-28',34638.14),(124,'AE215433','2005-03-05',101244.59),(124,'BG255406','2004-08-28',85410.87),(124,'CQ287967','2003-04-11',11044.30),(124,'ET64396','2005-04-16',83598.04),(124,'HI366474','2004-12-27',47142.70),(124,'HR86578','2004-11-02',55639.66),(124,'KI131716','2003-08-15',111654.40),(124,'LF217299','2004-03-26',43369.30),(124,'NT141748','2003-11-25',45084.38),(128,'DI925118','2003-01-28',10549.01),(128,'FA465482','2003-10-18',24101.81),(128,'FH668230','2004-03-24',33820.62),(128,'IP383901','2004-11-18',7466.32),(129,'DM826140','2004-12-08',26248.78),(129,'ID449593','2003-12-11',23923.93),(129,'PI42991','2003-04-09',16537.85),(131,'CL442705','2003-03-12',22292.62),(131,'MA724562','2004-12-02',50025.35),(131,'NB445135','2004-09-11',35321.97),(141,'AU364101','2003-07-19',36251.03),(141,'DB583216','2004-11-01',36140.38),(141,'DL460618','2005-05-19',46895.48),(141,'HJ32686','2004-01-30',59830.55),(141,'ID10962','2004-12-31',116208.40),(141,'IN446258','2005-03-25',65071.26),(141,'JE105477','2005-03-18',120166.58),(141,'JN355280','2003-10-26',49539.37),(141,'JN722010','2003-02-25',40206.20),(141,'KT52578','2003-12-09',63843.55),(141,'MC46946','2004-07-09',35420.74),(141,'MF629602','2004-08-16',20009.53),(141,'NU627706','2004-05-17',26155.91),(144,'IR846303','2004-12-12',36005.71),(144,'LA685678','2003-04-09',7674.94),(145,'CN328545','2004-07-03',4710.73),(145,'ED39322','2004-04-26',28211.70),(145,'HR182688','2004-12-01',20564.86),(145,'JJ246391','2003-02-20',53959.21),(146,'FP549817','2004-03-18',40978.53),(146,'FU793410','2004-01-16',49614.72),(146,'LJ160635','2003-12-10',39712.10),(148,'BI507030','2003-04-22',44380.15),(148,'DD635282','2004-08-11',2611.84),(148,'KM172879','2003-12-26',105743.00),(148,'ME497970','2005-03-27',3516.04),(151,'BF686658','2003-12-22',58793.53),(151,'GB852215','2004-07-26',20314.44),(151,'IP568906','2003-06-18',58841.35),(151,'KI884577','2004-12-14',39964.63),(157,'HI618861','2004-11-19',35152.12),(157,'NN711988','2004-09-07',63357.13),(161,'BR352384','2004-11-14',2434.25),(161,'BR478494','2003-11-18',50743.65),(161,'KG644125','2005-02-02',12692.19),(161,'NI908214','2003-08-05',38675.13),(166,'BQ327613','2004-09-16',38785.48),(166,'DC979307','2004-07-07',44160.92),(166,'LA318629','2004-02-28',22474.17),(167,'ED743615','2004-09-19',12538.01),(167,'GN228846','2003-12-03',85024.46),(171,'GB878038','2004-03-15',18997.89),(171,'IL104425','2003-11-22',42783.81),(172,'AD832091','2004-09-09',1960.80),(172,'CE51751','2004-12-04',51209.58),(172,'EH208589','2003-04-20',33383.14),(173,'GP545698','2004-05-13',11843.45),(173,'IG462397','2004-03-29',20355.24),(175,'CITI3434344','2005-05-19',28500.78),(175,'IO448913','2003-11-19',24879.08),(175,'PI15215','2004-07-10',42044.77),(177,'AU750837','2004-04-17',15183.63),(177,'CI381435','2004-01-19',47177.59),(181,'CM564612','2004-04-25',22602.36),(181,'GQ132144','2003-01-30',5494.78),(181,'OH367219','2004-11-16',44400.50),(186,'AE192287','2005-03-10',23602.90),(186,'AK412714','2003-10-27',37602.48),(186,'KA602407','2004-10-21',34341.08),(187,'AM968797','2004-11-03',52825.29),(187,'BQ39062','2004-12-08',47159.11),(187,'KL124726','2003-03-27',48425.69),(189,'BO711618','2004-10-03',17359.53),(189,'NM916675','2004-03-01',32538.74),(198,'FI192930','2004-12-06',9658.74),(198,'HQ920205','2003-07-06',6036.96),(198,'IS946883','2004-09-21',5858.56),(201,'DP677013','2003-10-20',23908.24),(201,'OO846801','2004-06-15',37258.94),(202,'HI358554','2003-12-18',36527.61),(202,'IQ627690','2004-11-08',33594.58),(204,'GC697638','2004-08-13',51152.86),(204,'IS150005','2004-09-24',4424.40),(205,'GL756480','2003-12-04',3879.96),(205,'LL562733','2003-09-05',50342.74),(205,'NM739638','2005-02-06',39580.60),(209,'BOAF82044','2005-05-03',35157.75),(209,'ED520529','2004-06-21',4632.31),(209,'PH785937','2004-05-04',36069.26),(211,'BJ535230','2003-12-09',45480.79),(216,'BG407567','2003-05-09',3101.40),(216,'ML780814','2004-12-06',24945.21),(216,'MM342086','2003-12-14',40473.86),(219,'BN17870','2005-03-02',3452.75),(219,'BR941480','2003-10-18',4465.85),(227,'MQ413968','2003-10-31',36164.46),(227,'NU21326','2004-11-02',53745.34),(233,'BOFA23232','2005-05-20',29070.38),(233,'II180006','2004-07-01',22997.45),(233,'JG981190','2003-11-18',16909.84),(239,'NQ865547','2004-03-15',80375.24),(240,'IF245157','2004-11-16',46788.14),(240,'JO719695','2004-03-28',24995.61),(242,'AF40894','2003-11-22',33818.34),(242,'HR224331','2005-06-03',12432.32),(242,'KI744716','2003-07-21',14232.70),(249,'IJ399820','2004-09-19',33924.24),(249,'NE404084','2004-09-04',48298.99),(250,'EQ12267','2005-05-17',17928.09),(250,'HD284647','2004-12-30',26311.63),(250,'HN114306','2003-07-18',23419.47),(256,'EP227123','2004-02-10',5759.42),(256,'HE84936','2004-10-22',53116.99),(259,'EU280955','2004-11-06',61234.67),(259,'GB361972','2003-12-07',27988.47),(260,'IO164641','2004-08-30',37527.58),(260,'NH776924','2004-04-24',29284.42),(276,'EM979878','2005-02-09',27083.78),(276,'KM841847','2003-11-13',38547.19),(276,'LE432182','2003-09-28',41554.73),(276,'OJ819725','2005-04-30',29848.52),(278,'BJ483870','2004-12-05',37654.09),(278,'GP636783','2003-03-02',52151.81),(278,'NI983021','2003-11-24',37723.79),(282,'IA793562','2003-08-03',24013.52),(282,'JT819493','2004-08-02',35806.73),(282,'OD327378','2005-01-03',31835.36),(286,'DR578578','2004-10-28',47411.33),(286,'KH910279','2004-09-05',43134.04),(298,'AJ574927','2004-03-13',47375.92),(298,'LF501133','2004-09-18',61402.00),(299,'AD304085','2003-10-24',36798.88),(299,'NR157385','2004-09-05',32260.16),(311,'DG336041','2005-02-15',46770.52),(311,'FA728475','2003-10-06',32723.04),(311,'NQ966143','2004-04-25',16212.59),(314,'LQ244073','2004-08-09',45352.47),(314,'MD809704','2004-03-03',16901.38),(319,'HL685576','2004-11-06',42339.76),(319,'OM548174','2003-12-07',36092.40),(320,'GJ597719','2005-01-18',8307.28),(320,'HO576374','2003-08-20',41016.75),(320,'MU817160','2003-11-24',52548.49),(321,'DJ15149','2003-11-03',85559.12),(321,'LA556321','2005-03-15',46781.66),(323,'AL493079','2005-05-23',75020.13),(323,'ES347491','2004-06-24',37281.36),(323,'HG738664','2003-07-05',2880.00),(323,'PQ803830','2004-12-24',39440.59),(324,'DQ409197','2004-12-13',13671.82),(324,'FP443161','2003-07-07',29429.14),(324,'HB150714','2003-11-23',37455.77),(328,'EN930356','2004-04-16',7178.66),(328,'NR631421','2004-05-30',31102.85),(333,'HL209210','2003-11-15',23936.53),(333,'JK479662','2003-10-17',9821.32),(333,'NF959653','2005-03-01',21432.31),(334,'CS435306','2005-01-27',45785.34),(334,'HH517378','2003-08-16',29716.86),(334,'LF737277','2004-05-22',28394.54),(339,'AP286625','2004-10-24',23333.06),(339,'DA98827','2003-11-28',34606.28),(344,'AF246722','2003-11-24',31428.21),(344,'NJ906924','2004-04-02',15322.93),(347,'DG700707','2004-01-18',21053.69),(347,'LG808674','2003-10-24',20452.50),(350,'BQ602907','2004-12-11',18888.31),(350,'CI471510','2003-05-25',50824.66),(350,'OB648482','2005-01-29',1834.56),(353,'CO351193','2005-01-10',49705.52),(353,'ED878227','2003-07-21',13920.26),(353,'GT878649','2003-05-21',16700.47),(353,'HJ618252','2005-06-09',46656.94),(357,'AG240323','2003-12-16',20220.04),(357,'NB291497','2004-05-15',36442.34),(362,'FP170292','2004-07-11',18473.71),(362,'OG208861','2004-09-21',15059.76),(363,'HL575273','2004-11-17',50799.69),(363,'IS232033','2003-01-16',10223.83),(363,'PN238558','2003-12-05',55425.77),(379,'CA762595','2005-02-12',28322.83),(379,'FR499138','2003-09-16',32680.31),(379,'GB890854','2004-08-02',12530.51),(381,'BC726082','2004-12-03',12081.52),(381,'CC475233','2003-04-19',1627.56),(381,'GB117430','2005-02-03',14379.90),(381,'MS154481','2003-08-22',1128.20),(382,'CC871084','2003-05-12',35826.33),(382,'CT821147','2004-08-01',6419.84),(382,'PH29054','2004-11-27',42813.83),(385,'BN347084','2003-12-02',20644.24),(385,'CP804873','2004-11-19',15822.84),(385,'EK785462','2003-03-09',51001.22),(386,'DO106109','2003-11-18',38524.29),(386,'HG438769','2004-07-18',51619.02),(398,'AJ478695','2005-02-14',33967.73),(398,'DO787644','2004-06-21',22037.91),(398,'JPMR4544','2005-05-18',615.45),(398,'KB54275','2004-11-29',48927.64),(406,'BJMPR4545','2005-04-23',12190.85),(406,'HJ217687','2004-01-28',49165.16),(406,'NA197101','2004-06-17',25080.96),(412,'GH197075','2004-07-25',35034.57),(412,'PJ434867','2004-04-14',31670.37),(415,'ER54537','2004-09-28',31310.09),(424,'KF480160','2004-12-07',25505.98),(424,'LM271923','2003-04-16',21665.98),(424,'OA595449','2003-10-31',22042.37),(447,'AO757239','2003-09-15',6631.36),(447,'ER615123','2003-06-25',17032.29),(447,'OU516561','2004-12-17',26304.13),(448,'FS299615','2005-04-18',27966.54),(448,'KR822727','2004-09-30',48809.90),(450,'EF485824','2004-06-21',59551.38),(452,'ED473873','2003-11-15',27121.90),(452,'FN640986','2003-11-20',15130.97),(452,'HG635467','2005-05-03',8807.12),(455,'HA777606','2003-12-05',38139.18),(455,'IR662429','2004-05-12',32239.47),(456,'GJ715659','2004-11-13',27550.51),(456,'MO743231','2004-04-30',1679.92),(458,'DD995006','2004-11-15',33145.56),(458,'NA377824','2004-02-06',22162.61),(458,'OO606861','2003-06-13',57131.92),(462,'ED203908','2005-04-15',30293.77),(462,'GC60330','2003-11-08',9977.85),(462,'PE176846','2004-11-27',48355.87),(471,'AB661578','2004-07-28',9415.13),(471,'CO645196','2003-12-10',35505.63),(473,'LL427009','2004-02-17',7612.06),(473,'PC688499','2003-10-27',17746.26),(475,'JP113227','2003-12-09',7678.25),(475,'PB951268','2004-02-13',36070.47),(484,'GK294076','2004-10-26',3474.66),(484,'JH546765','2003-11-29',47513.19),(486,'BL66528','2004-04-14',5899.38),(486,'HS86661','2004-11-23',45994.07),(486,'JB117768','2003-03-20',25833.14),(487,'AH612904','2003-09-28',29997.09),(487,'PT550181','2004-02-29',12573.28),(489,'OC773849','2003-12-04',22275.73),(489,'PO860906','2004-01-31',7310.42),(495,'BH167026','2003-12-26',59265.14),(495,'FN155234','2004-05-14',6276.60),(496,'EU531600','2005-05-25',30253.75),(496,'FN155234','2020-12-18',140.00),(496,'MB342426','2003-07-16',32077.44),(496,'MN89921','2004-12-31',52166.00);
/*!40000 ALTER TABLE `payments` ENABLE KEYS */;
UNLOCK TABLES;

--
-- Dumping data for table `productlines`
--

LOCK TABLES `productlines` WRITE;
/*!40000 ALTER TABLE `productlines` DISABLE KEYS */;
INSERT INTO `productlines` VALUES ('Bomber','bombing1','http://bom.com1','\0JFIF\0\0\0\0\0\0\0\0	( \Z%!1\"%)+...383-7(-.+\n\n\n\r/&%------/-------------------------------------------\0\0\"\0\0\0\0\0\0\0\0\0\0\0\0\0\0\0\0\0F\0\0\0\0\0!1AQ\"aq2BR#brDST$Cc\0\0\0\0\0\0\0\0\0\0\0\0\0\'\0\0\0\0\0\0\0\0!A1Qa\"q\0\0\0?\0B\nVh;ԯ8z\\6x$\"zKL7*Fh%\"L yRʉ,	B,%@a(EʖUYEʖUY*YUd*UY*TY!V@ras*ATX\\ʫ EQD*\"\n YRDF7>brm\rܠlD/R=qLۍ%A5p߹W;jfRWy[V:a݂|S>v!2qINRRE}jPH\Z&,bOZ[.]+uZ2X	JJ٥1\\gP43&~5\0\\uP/*zب/DLFʦ^*<v#d+Pb趬\0keanUhhYEÄgkj4PM\ZP;N*Ӡ}%\\\Z$I1\r%R9u$GS{2vEgrKqb\\8\" l\r,%@݊l!meDMl;U6c5UV+2Uxz2D(JR#\rNJ҅YP̫Q!\"a@Xdd\nObITj-b*ToV<\nG!nnp\ZNJ8@-]-S%8=(LuC7s \ZBD\nڮSE32	Mv9Q\r$)?j)-\0,-૪T+\nFipT:B\\%t~{Q$I)sIko!4EamvYLpM\r`7\n80wBef-q\'YVTy2&\"Kf\"évʎxa.Sm:bpM7e~\rmƼ\r7\"{%5Ձ[ZecW2gh&LBӚJ̨6dZ3Oej/M0i	ځS1w՚tS$PA!%#, hcFRaR\ZhurgxɣJSbG&\"\'B4:KG9#O<S^ܮ;\\G5P^Uf-7z1\Z{@)a⤨EMAxH⠤\'pq\rNrFFT;X\n;ec⇲|]UF\'+VSi:\")Q,TmN!MQDc6\']T7ߨW|%ǄMe|=Ut܁ܫQe+N%?8GmvFUL*ЧLNn2Rp8&6XGo464\r%1at<EKWAO<߂{O^;r}\\PpR~x=-W=:mѦ	\035MQ*|0XRaijE26D;s\r\n6#C򟹸q\\zݣ4S1`\0ߎ<|4釋]2: $yͤ~SOF3G5_|#!.dXW|vsO߷rrYELo^|\r\0?\\?*Vw$\Zgt\\^}(3ln>7ðvǶ!72fnciNv`(|\r3=HTr5)\03 u@Ѵ;S]D+ >Tiɜ+tTXʺ~T([\0o6{YS5|ANNާL\0w\0T*fɹ\\8,>PoPw\0J\0KZq\Zf1;\'RVMˇv]\0)gL3T͏3ڇeOuwOQ)\0w<YRC͝;2_Q\0Bdjz$w/Yxúh>0Pt%G\ZUI,7L~2\"mO~|Nq3o*n3\r#H\'OzM?+gkO b;I`}\\{Pp1概}!9<\'rAH9&879&=\0Xڨ=vīq\"\0~xJ=ǚ(>1+rE*UWVV/\0iIr$X\"[pTpo|Ո> \0\nY}gx$nHE~K~*S|p2j	\"\nܑbr{8om8Nx||Ԭ6#j6Ajy\0sjMTB<oLw%:|bg\0fTר10uXܑQ_x4}Yp(͹O?<m\0n2Cl8Ae=fp\nM곹<TY\nq.\02)ݱYq7b4\0_[\ndvH;OpN\nE`\0T_N\'.ž&{Y\"r|#Hahcji\0)5<<܌ƑlG4?$_TyήS^UG\"#Ź)\0$X%_}ߣR/%{Z&h5\0[!O9ަYxq*#D7`80ϙ?qS{y\\ü?)%D)~wx9O\0xv_$c-,gtH\\w?T#1:1ϒp>b]7o)lTfF;A@G ]Ӷ@\0㰏?]ՏaJqc7/aX;\0oA99D\\EO[`ޞ:>jZxju\'uΝ\Z<W]?g9R#3ct4I.M޹]v\'»ķځkN3\\o;7V-}2l͎@\0Fn1p;\0\nKU>u\0Hb;O6W?OΪHA])hVTjLǎP#H\\x?!ch\"͞{8B_\Zf\0\0B{G%;i{S\r/=|P݇q}j\'bu>a@;-(#w[SGOݏoN1z*p> 6>!?-WCh\rپ?P{S=z4aـ]COwTVע̦8&g̒\">+;HG\0=v\0Upq!6Kro֪1\\}GSM<kjtT$Ap <.vP.֒D{߻ǣ=zUp \0&_^{K&k[J>,=XU$$D_}k5]c gt\Z]V+1l޺Ӏr<KG[IU~c+OZξ۵cqf/\0qiRJVh\0;\Z|\0gs0.6%yԳZ 4E5x^P36\\8 &H1uҫ\r\0=nwy+#LT!58 Dk-6},5α}S=ItEv/hoGJ(⨷5JԈd17߂akOz\'õiypޏǼ&)cjRf\07&x{Odiae9,saϝ\\FTl:ɓR1l$oR4uq<6X:LgH*fu2״XC~]]ͨUp.I,IsEU\'ܒ@\"݇]x?)6^6!̡Hx\01$y|֜tiDXl;3Z9H|U\'!fڇL?Ɛ4j{jsLV3ދS\\-s|OTے:6v2ga*i7Ίڼh{>{7賂p/\"a.--JRa^Z ;93\r{[۠?zKjasLi9nGh?wrÔx^K\Z##L(+m?IbYm͘0?SٰUܦUX2fv&ˬU,Ό\r2Z-ԟiFav0pL`ܦbM7ۙ \Zn}2sDz\r٫E5{]3z[jUȋ+ޫPSUɌt6;GkK*DӖDi#BmE<Þ.az\'0\":\Zoqp50ئ9I\r>NU`mJsN?2SsPAxV9x)Nv%\rJUXL}\Z@=&jٮs\r:$MؖHv%%}\n*!I7bGXׂ{*:~>K̬gqXvִ:5_k\\%\0CCC\\ѓ0!ӨRcكxYaXܮkw\0%v4T۰̬ڴlKڎtk@jbNߟ侩u5\0|	^;.0f]\">(ƨ˗E.bu+&#:vv*>.3.{A&/:IZ;{փZk&PIf㥢˚B_aJKuYaNnJc%tGWj\\\'CqZ(4dȩ\"o\0pO;@B4Ä+JhLg6 [WƖ\rI<t<\r3I9C>JGsZķv/JN!3,q,<wDɕ4|e 71qD7h8}FB칸GJ>ၻ_#3TIdVxh`ۂw|B*\nvpGkѭA#B:&8Hu,w]\n**+P\r$$:HYSm:휴ixpΏol-{g%Jʈ\'34e!n&GܻCk9p\rp Bc)v׊f&3 4 ]-qwڞkwq\0½Xz5\Zc^:E`k밸YtH&ɵHD\\FL2qY[d\0^oQ&#MGcZX2mN*٘CS)f\nk45]P؊ZHXn*j;B5.w	s\0Fibj\Z膻@r4I3~\";0!ypIph\0\0ҋ2@3s\Z(4_Qٜ\0tz֫N7͆Z-0\r<t`I/MsYztPq7ݓY՘_ʹ4\"a}ǫUҮڙ \0\r$\0fDF!McE*yĒAKefS[\r2`h@&O)\r`:PL]QT=e 4I$M͆Fvz|	.v\r\'R}pY`eJn&nAQVm	uY.I=.y2;f^ίD^\0q2kxeUNˌ/B2!2=)uUUcUZ9NnluGj]xf\0*bWrN_\0%=K1NbH\Z(?[H2\Zu$!Yz1\rkYf H$^DGVebqM2LM3@J5C9VÄ&h[;`S{`n{[$oE+>ŭmzlTd;;Lr 6\rchZImp\\W\Z\\%6n`\n?#xjܧ514~sM:Nsr%t+\\\rh^GE!Ό<dxk8\r5$^͕J*f,/H_4oS@ 3gO3+֫Pt@u1t#WR$8h\00D=I.5%R9p\"PČ2/ejqNu:gL/\r;6&;dk$V%\r]1.u2u?!qpk@Nm;Qn59\\FSgǹX\\ ^RHv`p. \r0_p5*&J.%IqptL˵wAp&LF|bUFdӀiyq\"cѽ֬i-aԫ6+\r@v4@=Q9d)deAhwjj@iҸ7\0ݹO@`{4_I	6YX湥5i$jFS%i=w%&(赍x%;&G*ʞ48H\"Amb(m\"ڙS.$\0K5buMєX8, ̀/mۡF_If(mLVQjDJZTɐ h;t\nK$C_h\Zh\'@&glrf	Ը87A{]q1ZE[3z0NM;f7qu\nZcavjej_IzZLt8ŵ\\p>IJS9n.M626X:}h4qp1~tA[waH&\\Db^. upTCZC~B4\nU$f}\rP@6\"EO16 Ey*\rt\0hk\\Od12{NGfYge&LE7cQ!7$L}iht\0p\0}[	Ծfv{kK3;-:x5`@/׽	+ۈ9γ.l\r\"4q=ʇmTL$p앸jaٜ:`q\nnkpڍ\\4c5\"&@\ndEhnzz@zG~0M`/vlv\"SqV)ΓD-A:\\*6lV%C$7\r\rq!-\Z&;:cKjmrM\0>#D%BZ{|4t\Z\\tb{ʓJV{C2ADi~\n`\'\r>uMyC?6tnw\\,Ic*\n`m:PH5D6	|#}9iC<-f&\'R4ƻ eh8,9JԫιYPEWOoEIu=SaqdKHAF=Qph$NG4[Q*s~\r\ZE3W\0]N%@sZ@9A(x|N;8҂{8Hn܌L08>Na s`?\0R38\\%*\nd=4zo7 s^E\"_L;]1C\\ pjzLr&A;Ջp\"I\0mn<XF0eP6CsX\0O\ZVs2-kI`.#xq!mpH㇂HƿesX1\\.lvR(m \r 4mw}Dq	oXE-p\ZtiI4D]\r䥷2UqQԌF7bG6eY]e]PT;pJʛ`h%sDD+/RC\ZkX\"j߶dZԱ-ϊҧP\nGsAfG.t߼*s**\nvZ{cSGXJ@R\nmAB5\"8(pU6\' ^7D4VMhAGȐdrfr%2UO짬L-kD4AYo&WG82ek;iȶĐl].DA#p=KAJE|Q\'\"LȋƝ[؍i&L\0\'<@V9b}#7\0=Ϛq]X&Ԩ75	ĢTwV\'6THe=ӧ?Qcܢʃ%(epVANyVG^:2\'OP]*v~	\"*3]`I%:(RI\n:)$MEÎsq$?rk\rI Zaɏ$PF	$\rԊ%$Ah4^\Z}Ia	8$HxԤЎj{I(	OoI,G$ŐI($dI'),('Classic Cars','Attention car enthusiasts: Make your wildest car ownership dreams come true. Whether you are looking for classic muscle cars, dream sports cars or movie-inspired miniatures, you will find great choices in this category. These replicas feature superb attention to detail and craftsmanship and offer features such as working steering system, opening forward compartment, opening rear trunk with removable spare wheel, 4-wheel independent spring suspension, and so on. The models range in size from 1:10 to 1:24 scale and include numerous limited edition and several out-of-production vehicles. All models include a certificate of authenticity from their manufacturers and come fully assembled and ready for display in the home or office.',NULL,NULL),('dbmodel','just update order database model','https://www.linkedin.com/in/afshin-parhizkari/','\0JFIF\0\0`\0`\0\0\0C\0		\n\n\r\n\n	\r\0C\0\"\0\0\0\0\0\0\0\0\0\0\0\0	\n\0\0\0\0}\0!1AQa\"q2#BR$3br	\n\Z%&\'()*456789:CDEFGHIJSTUVWXYZcdefghijstuvwxyz\0\0\0\0\0\0\0\0	\n\0\0\0w\0!1AQaq\"2B	#3Rbr\n$4%\Z&\'()*56789:CDEFGHIJSTUVWXYZcdefghijstuvwxyz\0\0\0?\0!kQ6Կ۰r\0\0\0j}GA\06U5\0f됬\'\0XI١5~!yǤ\\\0R\0f\0?P;r4%\0\0u٢\0\\f/9FJ;W.[\0C\05\Z\0m?y\0r\05\n~KxҨlԟ\0\niCϸ=%ojGZ,˿rNmeA^դjT\0;\"!kQ6Կ۰r\0\0\0j}GA\06U5\0f됬\'\0XI١5~!yǤ\\\0R\0f\0?P;r4%\0\0u٢\0\\f/9FJ;W.[\0C\05\Z\0m?y\0r\05\n~KxҨlԟ\0\niCϸ=%ojGZ,˿rNmeA^դjT\0;\"!kQ6Կ۰r\0\0\0j}GA\06U5\0f됬\'\0XI١5~!yǤ\\\0R\0f\0?P;r4%\0\0u٢\0\\f/9FJ;W.[\0C\05\Z\0m?y\0r\05\n~KxҨlԟ\0\niCϸ=%ojGZ,˿rNmeA^դjT\0;\"!kQ6Կ۰r\0\0\0j}GA\06U5\0f됬\'\0XI١5~!yǤ\\\0R\0f\0?P;r4%\0\0u٢\0\\f/9FJ;W.[\0C\05\Z\0m?y\0r\05\n~KxҨlԟ\0\niCϸ=%ojGZ,˿rNmeA^դjT\0;\"!kQ6Կ۰r\0\0\0j}GA\06U5\0f됬\'\0XI١5~!yǤ\\\0R\0f\0?P;r4%\0\0u٢\0\\f/9FJ;W.[\0C\05\Z\0m?y\0r\05\n~KxҨlԟ\0\niCϸ=%ojGZ,˿rNmeA^դjT\0;\"!kQ6Կ۰r\0\0\0j}GA\06U5\0f됬\'\0XI١5~!yǤ\\\0R\0f\0?P;r4%\0\0u٢\0\\f/9FJ;W.[\0C\05\Z\0m?y\0r\05\n~KxҨlԟ\0\niCϸ=%ojGZ,˿rNmeA^դjT\0;\"!kQ6Կ۰r\0\0\0j}GA\06U5\0f됬\'\0XI٬=[O<9mk}\"O*EǕl3T|HkrYx/u;ӧp\r;8ڌA׮Ox:*<ڃ^x\r$ZCU\"Bśm=%Wy5I|ߑc5iF<}G4l+\0kElUFY>ҼW}τ?6;Ī	%>i{\0òݽX]Z^OۙD$hP\0Xb8>TRe	gS*S\0\0\0?\r:7\nDQ|Q|BĊJ\0V\0\0h\0_7/(ѶPW-\"\0੮|Qx[E|O<96\r[N4w9o/I(;9ɭZ_Oie\0>-(ы2W\Z\04+)\0\0/m?h?E\Z0;\0,Hh?oJ4m[\0\0Z?M\0\0,$xF¾OJ6^~~U_hř+|%E<?\0No?\0F\0Q~~\"4`w\0X_	QG\0O?!ӯj~hJ(+\0Q_TVL(шb~Ҽ-\"o~Ch\0_7ʫ!\0}y8?\0CN\0o~Ch\0_7ODAF?(_iE\0z+*(\0V\0\0?֏u\0>C	(Ѱ\r?%W\Z1fB\0Jq_	U7\rڍ2#\"A4%_7/\0e[zŦ:.ЙWHPN=N\\a?%<ZK~vh٠o1$/i~hx ޟ\0|mq][NGGtјTv+2alt[Goۤ;/>տ٨uj;.Y9)/={VBOͪ\rS??*JOP\0\\f/9FJ;R\0n\0\0\\TgBc-%\0f!teQ\05rI\0\0B4m@5L|HOzK\0frlsi(\\\0]o\0]j??`\0Vz+	/?9_kJ\0R\0f)ۤ;/>տ٨uj;.Y9)/={VBOͪ\rS??*J\0\0\\f/9FJ;R\0n\0\0\\TgBc-%\0f!teQ\05rI\0\0B4m@5L|HOzK\0frlsi(\\\0]o\0]j??`\0Vz+	/?9_kJ\0R\0f)ۤ;/>տ٨uj;.Y9)/={VBOͪ\rS??*J\0\0\\f/9FJ;R\0n\0\0\\TgBc-%\0f!teQ\05rI\0\0B4m@5L|HOzK\0frlsi(\\\0]o\0]j??`\0Vz+	/?9_kJ\0R\0f\",f\"*_*+w[)>/ٟ~&\0`hNa(?hK\rɋzva?~->_y彨\0f̄s0%C!q&{/+{Qnc1?#pBҀ%Ϸ\0\09#~\07MEgnG_j\0} bE lPjV0-bu%N/^pnO7={b!A8Ϸ\0\0u򟑸!yR\0o?\0rƄH<HQgnG_j [ڀh1\\A?+QcXD1!Qqnh?)̇3>S7/<}(_*+;\Zb?q\Z\0?~I\0Vva?~,`7&,Rc.n? RTn\0ny-PjV/t\0sp{/ڀ\',f\"*_*+w[)>/ٟ~&\0`hNa(?hK\rɋzva?~->_y彨\0f̄s0%C!q&{/+{Qnc1?#pBҀ%Ϸ\0\09#~\07MEgnG_j\0} bE lPjV0-bu%N/^pnO7={b!A8Ϸ\0\0u򟑸!yR\0o?\0rƄH<HQgnG_j [ڀh1\\A?+QcXD1!Qqnh?)̇3>S7/<}(_*+;\Zb?q\Z\0?~I\0Vva?~,`7&,Rc.n? RTn\0ny-PjV/t\0sp{/ڀ\',f\"*_*+w[)>/ٟ~&\0`hNa(?hK\rɋzva?~->_y彨\0f̄s0%C!q&{/+{Qnc1?#pBҀ%Ϸ\0\09#~\07MEgnG_j\0} bE lPjV0-bu%N/^pnO7={b!A8Ϸ\0\0u򟑸!yR\0o?\0rƄH<HQgnG_j [ڀh1\\A?+QcXD1!Qqnh?)̇3>S7/<}(_*+;\Zb?q\Z\0?~I\0Vva?~,`7&,Rc.n? RTn\0ny-PjV/t\0sp{/ڀ\',f\"*_*+w[)>/ٟ~&\0\rmʈ!pq\\q^WQ<CI$KI\0{̆?i21ۊ0qW|{+/bZꖋni/f#Q[,8TI՞?^5hl8j^	ץ\0)M*xy~8?_\0KcҴ*ڬ13LeGv,ĖbI$I5WZyF\'/>\Z\'vĚO&Qjbk-6a`$ij\"ċ\"Tכx\'Z߆Xz~Cmun>sDdĊ[q\'_Q/oii鹧j>%?`ύzƫcj~Դ{!Uh#sAߖYR\06ƒ&r4`u~9Ѵ|Hĺ5UB\0rHDb\\%32_bΏ1}GK괭oh?׿k\0\'cK^\"\"u{8>-8I`T\'+7>2~Ͽ<`-;/klG/mau)ɦXnGy.	`|bΏ1}GG(Z֟W?\0~w\Z|\0AݜGw#ˢZݥMsnv:\'\0AZxD_znx\rM8麥zŝ/\"YꅧPUvayG_Q/ZthqW8J[t\0/u1}GGoOp{\nS|bΏoO¯u1}GGeE7_Q/\0}*\0+QM~ty?:=?_x{\n3^|E~hPfh5tI@!bΏ1}G\\بSu$t\'̿64OM|\"$s՘$rkgE179%A\'*j_Q\0$-\'&A7<\0\0Ex5=OmRUu=,`7&,Rc.n? RTn\0ny-PjV/t\0sp{/ھX{b!A8Ϸ\0\0u򟑸!yR\0o?\0rƄH<HQgnG_j [ڀh1\\A?+QcXD1!Qqnh?)̇3>S7/<}(_*+;\Zb?q\Z\0?~I\0Vva?~,`7&,Rc.n? RTn\0ny-PjV/t\0sp{/ڀ\',f\"*_*+w[)>/ٟ~&\0`hNa(?hK\rɋzva?~->_y彨\0f̄s0%C!q&{/+{Qnc1?#pBҀ%Ϸ\0\09#~\07MEgnG_j\0} bE lPjV0-bu%N/^pnO7={b!A8Ϸ\0\0u򟑸!yR\0o?\0rƄH<HQgnG_j [ڀh1\\A?+QcXD1!Qqnh?)̇3>S7/<}(_*+;\Zb?q\Z\0?~I\0Vva?~63f8\"CK\\(\0j+k%sJ7q	q~hG~,\\04Y\"xc\"oj>!ĿqGoj\0.:Ï~V\0f͘cd\\^!%B7[ڋk%sJ\0̸\0P\0\0Vo88?Y5/ۓo\0QY\"xc\"oj\0t;#>A<\0m_q\0fKtս\rJ\rļ\\甞=lfqDڗ̸\0P\0\0W3K0&/ۓo\0@Y\0Xd??Џ?ۤYعaohE/<D>%}C~M\0\\<t/<91OhC4KĄ\0o3K0&/q\0<\0\0q	q~j_\'\0¢E/<D>\0#?wv.G}[Ryۧ8IN%?7{T\Z?x\'S)={͘cd/q\0<\0\0faL;}*_\'\0\"y\'١Ir<gx	_x}Ktս\0y3_?xy[/sc6c\r$>qxh8	\0Toj/faL;}(_2yC\0O\0QY\0Xd??ԿnOI\0Egx	_x}\0G~,\\05Oq?/KoV5+7pO\0R{P91Oj_2yC\0O\0Q_#X1/(ØvTnOI\0\0EfN#c\0x\0B<\0nqgbyտ٢ĿxP%?7{Ppf8~4_l$H}?ݢq/_#X1/(ØvPe&y\'٩~ܞߧ\0\nĿxP\0?ۤYعaoj\rIn\0u\'5:^\'ۤ8(\0TޭPjWot%M\0<	sc6c\r$>Ծe&Fb^Q10~ܞߧ\0\n\0G!\0fy\'E,\'9&/KoVq8ohyَ͌ 66HE^$\'SuFb^Q10	|ˏ?MEfN#c\0x\0R=&\0O,\'9&Ir<\Z?1\0<OjtOHq/Q[ڠԯK?yI@߼l$H}?ݩ|ˏ?MExc0ļbaR=&\0O!8/COŝV\0f;XO\0sMB^\'ۤ8(\0Tޭ@A\0Xq~@ll!\0v3AļHO{Qxc0ļba@G!\0frzM\0~*+;XO\0sM@<\0nqgbyտ٨5\'~c>?xyԟxn_SzA^!7ڀ\'yَ͌ 66HR\ZayF÷ҥrzM\0~(>)4ʁ-6Nojy.S\'1V?wgO?\n@Kn(@\06O<oyAhGΊ>S/4k:뗕4䵒OEݖӡ<Dc:ǥͷt{9VkkDєUߵ7k߱(:Ԛ:ZZG{9oVFgܾS!e\ne#<!^a/>Q	h>;:Ƙ/^A6mKegMSܕ\r,~ܫ~>yHYFI=gx7\Z_?iZ}mh:{nỷJYX\'CJ*%\\m]KZӵMMY]I`[-dXǵb$xiZ<\0߰_\n)F\05_XK:W5a.5b>d^l[{U:&pTP+	OykO\0o}C¿F=ʹiǊծͻ\"$mg\0gn|S3rjWsBBilFfa$-fSHhd\0nO>8Gᾯxǖ,rGd#kmʍvPB9]??Z-߷j-ĞLywv7RGU\'dʛr\'%xNԴ<+I;.\r#\\7>c<-m~B8>Cx+ޱq|,7#K4ig꺾%4Hf(ycQW!Mah__^睬amSd_g**1I9|;\02e[ú|a>\'[3i|\Zm OfuxZ`HV^O\Z\ZX]+^3]sN|sL&p4H	\n^ߊMoķc\ZRI6noo!lj\\B~X<U|P\0oxm\'_3jom^LzcܽFLbDdoo.=>_[ßj8|]j~ռAkLYkZEީs5IiBZ;>i<.Th\0|QxEGu9cB-8Y+PvdO(/ï\0do3uK[φ$9ei!)\ZpHa|1<O\0?wR~m_DQnx<v厱)|] ouH+[Amxt,o]Yk\\/x+yRv\0:-wuD|Ym}N̒꺗~[Fqq@P(2нejo\0AeqKm\ZOZ\'\Zg0̹k)v_5?N_Ht8/|O\0URj&]#T]a|\n5ʸSD\0Ā}o-?o|EKsHյmj\0G$0m.lQ	Y🊴x[M{u\r\'XxSYXkBs/sCA\"{m>\")k,p@<WEPEP^w7<#+\0	WK7}^^w7]u D*H؏\rw;y\'PjO?t|~?٩>!ĿqGojRC{/\0o\'\0O~@ll!\0v.??\0559oK?PVo88?Y4#?wv.G}[,a<K7	xn_Sz\0?ca?+ElfqD./!?E59o\0K\\(\0j+7Bq_7a<K7\0OŝV\0fԞ/8RS}C~MxO^.	\0TOj\063f8\"CK\\(\0j+k%sJ7q	q~hG~,\\04Y\"xc\"oj>!ĿqGoj\0.:Ï~V\0f͘cd\\^!%B7[ڋk%sJ\0̸\0P\0\0Vo88?Y5/ۓo\0QY\"xc\"oj\0t;#>A<\0m_q\0fKtս\rJ\rļ\\甞=lfqDڗ̸\0P\0\0W3K0&/ۓo\0@Y\0Xd??Џ?ۤYعaohE/<D>%}C~M\0\\<t/<91OhC4KĄ\0o3K0&/q\0<\0\0q	q~j_\'\0¢E/<D>.\0 \0*_3@bA/}\0X\0?\03BBOͪ+;\Zb?q\Z} bE l@\0\0\0@j5\0\\TW0,b~Vb#B8u\r\0]\0C4g\0QYМPx\0!	?65Oӿ\0)cy1`\"6V5+O1spA?.j?򩪥	c1F qR\0g\0@\0]\0C4\'$\0iڢ9#,`7&,R-Q\0|\0ͿEqc!? j/`K B1 \0P\0?\03G}\r	18\0JjT\0;0)`jRotC7s(\0 \0*_3@bA/}\0X\0?\03BBOͪ+;\Zb?q\Z} bE l@\0\0\0@j5\0\\TW0,b~Vb#B8u\r\0]\0C4g\0QYМPx\0!	?65Oӿ\0)cy1`\"6V5+O1spA?.j?򩪥	c1F qR\0g\0@\0]\0C4\'$\0iڢ9#,`7&,R-Q\0|\0ͿEqc!? jcu]JϦh.\\jM,`npcH͌wdaj*{**Ї쏬\'?kwm\0Ek5Xh><5 	y!ʽ\'S=JM.4#y)\0!	?65Oӿ\0+jonz:\0Sdu+:f6ܿ.?痡5>>?soSWÍSx4A\0\0#\0m\0\Z}`vI\0\0B4m_/MNN\0TSxvA֟j,_e۟\0\0\rF\0 \0*<$89\0u\0\Zjo2Ɲh?Xu\r\0]\0C55G?9m?SxGyӭ?X۩\0!	?65Oӿ\0+jonz:\0Sdu+:f6ܿ.?痡4ab/?wo?xGs\Zu\0TTx\0\0Q\0X0}}c\0G\0	\0!	?6ONYjP%, T>4V?W	<{|\\\Z͝q,хݶ[JC qb5s	P=ut?Q\0>ʢf̄s0%C!qqI\0\0?\0?`hNa(?hT\0?T\ZiT䱀H<HT\Z{ I@5\0\\TRb#B8\0??\0#ͫףW|R/?\nYQ-m[sASȚ쯚m}?S\\ZR]YXGtk?۱j-q%ԒPf㧂~)n[z~4}֗Ay\r)iR\'ddUbI*RFZUEpIV?Vpkyif5.ġ\\<\Zgl|\'jG;ORŝƭo@$wSuPJ:\n@RY~sQ>+5ҤH`=RYDY8*c$9?xk6jڐi14[nv`n=3Q_<j>#wO\r:>y\"HZyDvB+\0\09|-xC=&\'h<M鯨^麄ā\0wt%T֨?a߈o4|Ji=ݖK[Xn$7.XZ_/l\rixj>3n<?jͲͮ{D/u aPaEq>:i?\n<y=UC|Cf4أCiovs,spGm0Bu\npYs৞\0\r{ž8tht\r+X<ʹ^mZwb\\g]mFڛ>3\nթx_~#Lto+*ZYOQy$fnN\"G	[i\0{xn῁UC=?oCam&_5D3|%Tap[GjG\ZF9\'IɢxTY#J0ʰ<Gq^m[ǟhZ~`e*lRt:|drF7 ;\0Bw3⫛.tXŤ-6m{UK@	vM}e&.ꤰ\08\r:\nZ\0M=|U3-xSA\0Gm;Lvze#\"ʶcesiJ։Kow]GmicX{iHȩN[h~ \0Bt.?mK+PshZEƗ\ZȊ162$	p^]JFבܫċ-W0V!ep(\0?j?5x\0Ou2=ԙy%A\'\'w\'$\0iڠ?N\0\0%Aŀ@=ZԬ`[?J\0\0>ʦ0%C!qKo\0<!\0\0?OtПjrƄH<HP?\0\0\ZGA\06UŌ4.d ,f\"(\0F#aDڳ[Y@F3O=p<\nǏD,\0!oRO;wG~`s1C>\'Cƿ֡R?/mi/!;mW.WQY_fx\nJ=_(#DG̡qcL{w\0HdqҾ4>h_ǁǉ|-Wڈ5>g$Ww&($#09S_W?eSxV%ս=ë*ğ\"na}9F׻{3|tdmGPF7\\\0j\0[\0o_R_Ʒe.?cעhL\ZfFhx[\n\Z~{i^.O+[KxM	rk+/}<1[(#B\"\0!_ROࠌ.\02鏽~ox\nYI@DCۛӴ+\rɍXB 	8\0?uoa?\Z˯Piw֯{w($hP\0rq˯noįLѩࠍ##n\0^\0>\\A\Z{wOD@ޥs?ƿ;I\06]{:(MmA-R\Z]-F+\0~,]X%{⧵}Z3LoItAw-ٙrv4̚/~[\0oL\nС3Wԓ\0<}1e>g]2I\Z[ӧΆH%Q A!&Ia<+\'}\ZPF\0BW?ޙu5\0gɏ_2O_|EW\0X1}q\0i?zL\0\Z<%P6\05}aa;??guF\0hPDA+I\0>/?\"#P1	c;6_(#HDGۿ+ׂ?珽PF7\\\0j _\rm}_kU]^VTĠ#XWW5[oͳ\nGOۋG#2M\0ܺE\0;mB9\'?k_FTѭ{9n\"Y$v$d#@~_~\Zqq>o$74c}kͰJ.=̟1*2UV\0tW3>S7/<}*_?M\'\0Q_l$H}?ݩ|ˏ?MyEgnG_j [ڋ7Bq_t;#>\0&{/+{Qnc1?#pBҋ΃1٢63f8\"C\0Kg\0$\0j+;w0?x\0xTe&y\'٠->_y彪\rJNneR{TOŝV\0fԞ/8R@ۺ|O~\07ME~@ll!\0v.??\04O~}Kwtϗ/8^yoj,q	q~hG~,\\04\0\\[s!|EϔJ.:Ï~V\0f͘cd/ٟ~&\0(RG!\0fH<~5+w9=IS?wv.G}[Ryۧ8I\0Onc1?#pBҥ3\0ߒ5lfqDڗ̸\0P\0\0Vva?~->_y彨y\'١Ir<qnh?)̇3>S7/<}(y3_?xy[/sc6c\r$>fO&s	/K\\(\0j+7Bq_\0 [ڠԭ^\0^?u\'N?ۤYعaoj\rIn\0u\'4=ϔJ\0?~I\0W91Oj_2yC\0O\0@Y۹QڄH<~G!\0fy\'@Ż2ѧYMPCqi3,sC*T<2# 5/pf8~5#ʖ÷	tݎ3pӵi?%5ĿÇ*/4Z{RE-Xpa_4UI>\rFt55K;YY%U$H~#o[n%\0uoOn#ǕZ\rƾ1բxz&Y:e݌PjOvf3on\n\\~5rJroMѮ珊Fi٫js7q?>GڌV6\Zl8ݞY$(Q/\nо/e<ZxF_\\ipA\n*bw-;.$poI75>q>14v7nu^Ahyr(*\0߄:ѿ߆l΅mᒱ+Btvv)mqƹeO]KS5pʕo/cǟS*lj<Y\Z.%l+*]NB+:jØ$5vmZG$\"{xeBŕI(A8\r\0,x^W+zDp^WV7CZ#UUFbWi9\0]7QuMVVo&5ˉldI!ec\rNNyC;[sxJz~W~ǌQ_\0<9xmn4[GToo.h䲵$Pa\0 #FAǾ6~\0\r?hO\ZMxH//Ԣ֯lu!bEw2w\nN}GưƨTaT\0=vQX\\^t5g(NP(\0(\0>*zvIf=<[a#A7%Nsц~OlxSO6ZycpTm~W>*Rq+>U:u#̺Ŀ\rlO4oԿ#(|&R>o*#\'c<6l\r|@\0p\0_VM\"1*7M[;/c^.{$\"ֿ&{?>|d䕮4{mŻ2_ۺ|Oq8ohyَ͌ 66H_\"}/ٟ~&\0(RG!\0fH<~5+w9=IS?wv.G}[Ryۧ8I\0Onc1?#pBҥ3\0ߒ5lfqDڗ̸\0P\0\0|R$\0mչT~<|2\rjheEv¹Q%Sب:&ASP/%\\6^ZQ:SSr<x~>ok)񟀭k7/Q}D7\'$	E<6.FXp/~|\\~!]+ƷZǇ5#Bf|\"Zt=ц訔4:hх\ZqIZ1VItHU\0MG>&gS\Z}̏<mJ0Ie-3H?|;Vx6q%ׅìYGL\\/y-7)\ZZ1d /I=&hȐ\0xWv\"\'oQ\"#3>KX\rϪtd-{CjZ,(+ԶgBDE4ExXs{qj\Z9hp7)wqK?kZglJa-ֽx4Oژp\nʩ$P_\0`G\nx^K/>s=ӤKi#@d4l_*0x\0WMn.?h:;Tئ]\0CٗP,59|u~Q@Yf|~?|Դ\r\\3A{km\\whfdVqK\n.bbA6_L=oĺOOxw6wM;\nd[xU j7,F tPe\074P\0Tծ!=?ᶍIL׵kG_)=ϖ I,//+|~<ʺnh?\r|{=_Ǌtkh5}&	aGa/m:wbؔP\0nsPĭN>D/g,Ʊ55HCo؍^\06xoxƆ<+{F_oCB$\0Ԧ>$̧QXDī/5_?!㮳|.~4|IZ-7Z4^=rMHWU\rh.I{:~5z t	C-ټhXҮ\noEUĹ[Q@3	c	X|6OM틘_[jWsf,]m3<V4|FcT\0& ş\\Bgpi/x}y֍}\0(\0+\0fDM\"\0U>\0\\zJٹu-_JG\\\0!j\0R [ڠԭ^\0^?u\'N?ۤYعaoj\rIn\0u\'4=ϔJ\0?~I\0W91Oj_2yC\0O\0@Y۹QڄH<~G!\0fy\'@Ż2_ۺ|Oq8ohyَ͌ 66H@~֪S,[nN2a1OY躏%i-<=suy+\"q_D|Kuߏ|m}OGtw4ZAMev̝pr\0N_0_!	\0`<40Ч)Y\'#ZZp~kω?~Z?o[:\r.gI-ׇmcK(\':V75iZWĺ,֐=B}#P\\-}\0xg\0g\04\0\0tͰub9g7n9N3=_~_x	a߈}sn\"յ\'7;[k{n)Ye.~e8q\05	1\\k!EA{\r:;{\nӆX\'TϘ0_!	\0\0xg\0g\05,VZo.44M^;\':Sov49tID$1;q\\o\0$_~=k?!>.wsOe~7Z%-\\F҉D\"1c#/?\0h\0<3\03\0r|O8`sH|1c䏀~=!Q^\"/=Yg:}.,rNB>q\0Z½7K~!G\'s}%[sEr gI!]]W/?\0h\0<3\03\0>\07H>/l\'c\\\\KRZZ.OhQd\r$6NRIWP*/?\0h\0<3\03\0ږkHKOGFr¤\r}cg^\0xg\0g\04\0\0i\0;?g^\0xg\0g\04\0\08?;?g^\0xg\0g\04\0\08?;?g\r㏀?>\'\'_;ە1n\0qGq_R\0\0\0~1\0&3Yp,u\0ҞQS|Ѝ<N?\n4\0n\0\\ݯ?c\0A\0L\0fq\\{o/4;9>\nУ>\\G]~]w!shEX6^r9v\0v݃/\0S?>ͳ!XOy\0x\0^=T~\r\Z\r+A&[Pfy6`\n1\0H#lԟ\0oO,\0ݖЍlLioW83J󣅝HnWco~>M֑ư6eLZ8ƌaOǨ?R]/V~!x4ngV1Y0=Kz[+|5 [eTdT~\"<u䟶wYk>=sxN2<m+XQ\\9^-k7s|*UM֕ߛ\03J,]<[VGV|z*`r<UQx\'\0\0i/߳crj6ֲg˒Dm/`?3`O#|?\n\Z_xZܺ?|Ck:I:r̋+X<n\nÒF<v5/BXڪ7\0\0Ĺ<?\0H|ZĄʓOzGCTxJW/P~\06\n0?ŭK4.\0h-^$䴻-dE#,\Z#XG\ZΪ	[ΤxTz\0k7\r\'\0_ۓ>5\r\0Ohuf::d(@nPv(\'~%WH֬|O@ѧEqQB-滎<ZVhdh\'hS~kp\0|s~0xG*(<j\0Tpl\0U\\	ԟ\0}ߌ/<C-;±j:/$g0JMnCF\n~sn\\n$~.\0EK\0ˢHtxOQ[\nEw$nRm)IL`/vOi쪿	k~0xϊK\07:|URR~\'O\0]GTZ\\DVSt(W-̡e\nv\0;|/-KPxo\'\Zhn$R^7<2I\\\Zތ0&;V2Ojv\0\05\0\0T8WG9T\0v}G__{:/\\.\rJK?ړ\0TwŮO|HJ:\0)7?sQ7܃/|`s^% A\'\0\0\0\ZM\0I\0(8o__{:%xģO\0Q\0\0	Wrx\'R*h#_\rf}#PwE8JvFAjl\\.ܧNRs\0}W\0#u3Gt}yb4S?tTUx25>0ƕ{/WMB/\0t#h+sJ\0`)\0tcP8r-ӭ]R}VNeoX\0n\0V^sŤ?֕Cc\0G\0|4!teQ\05Be9\'6e jOI\0\\A\0_\0EI@_됵e(ÛIGoj_?y\0r\05>\0 \0*3lV^sŤ?К?n?_V\0fX\0?\03BBOͨƹ		\0I_?c\r|H-_j\ZWeGЬI$$\nd澑\0]o\0]_!د\03N*AK(>k:ڸZFnWxjUU&\\maG\"6O\0<M\0SuMoĲ4{yg2w0[{\0J;?ik\\oIt_V7y<;Yכ¼Q2>iQJ.W&^O]JdL>\"t\"]ʿ6=K#7A\0h\0<M\0/~M,3νy^Σ9Xᶖi\Z9I|2bE[\n[;Uh|+\r.sY}th^[_$a.O_AOOa~}/\0\nx\0 \04xC&\0?||}\0o|7[\r}t\\hAK#yAw<b=\"ǄIdη\01iƟE|Kk\Z	t\\evqE5DQQO_GxC&\0?\0\"3^#in|n\0ĽN_4+^>\0ju.ǅ_}A]FK\0KeNVO%|=\r_]Irosms|[2fH3HRO_]xC&\0?\0\"3_0]\0Z~*\0u_x~gh[gDD1iP/_A~۾\'\0Fag&NZT32\'W9ޮVbP\0ϸ\0<M\0?<!\0AODf\'ӿiψ32.|U^צ:l|BK;O	!МGj~/?^\0|M_|]Ҽ/k^{/ĚWwwZ\\:ۏ.EdPڣ\'\'ױ?_{a~z0G?)o\0\0\nx\0 \05<{-g\'<A#+Z^xsVչVFHwG\nJ6\0iOww_5-NeKH),kD`Bni}Ȫ\'~Ka/܎\0#7A\0h\0<M\0/$+~/X{bvb<ϥu}{\0?%}GxC&\0?h~z=Mg-z&6<M,Xw]38ܟ_91\0%Sֿe+:-I6fijpI$\\yĄ\0Ǥoh!kQ6˟\0\0\rF\0 \0*܃v^MEgBc-%\0f\'?hkC(\0I}[Q֡{圓YGq׵i\'$\0iڠ?N\0\0Zaaͤ/ܼ\09Q\0|\0ͿM@e7QUKncV@ox\0qk[gG}\nu\n[>>+3j/:Kj+ vutױ7Q{_sic#$ODj@V6MGUt\r\n[V\r4D	IWg\"\0\0V<C-᥯uC\0h-kco	`}\Zx)\'PW:eq9RxghQ*Y.ru\0;⿉AK|-_i{.v.YF{ܳ.E\\ϗc}}mGY\';8ikveZ}դ6\rG<ѣԮwW5\0*o+ݩԵuW\r/;fh,ѼyF]2Ȏ	kky.6tBi	q-ԁcF>i+\0ſ[⎙u\\Nod5J}AnL1j=ݱiHa\Z$IO~~:%u=SX<auu%^%FbHM]a4>n\r+ƌ\0hؿh-w=\ZEΕK{1&Y47S<G嘜S	$|C\0~+{LwMZQ/FOg2,]0Ku#]*,T|(,|&Ex[OD&M/N\"\Z$h맇C%3)$ \n-sVzE\\%鵹<l򲻪yo+\Z:xcAOu^!rYK}帵g4k?4dqƺ-C^~J, ֱ543]-ΠpGMF3\0\'Y;TuvxcWv\r+_0	.f`lSEDPSº!ZImzQƟo}as\nfX录Z\0Qou5	5ve@M*_	M~bƚ֢~^k\0˹!⟉<W={++&x/NE$sE$r\Ze,l8dE,\0f&W|~0Լ]]CN4K~gcrP@V])_?x7RQsiֶ7q/4rX5uhS]ҍk>|j6|/^&!87IcmYTBS#\0|#w\'Pi\rkNFZhxI<ԺUde%E}\"~Ο̟	_CINWn4y9%L$b8I+{\0Uz_o=b[b[7DEqmf\0M_OſZ麾V[zf{k]-oj+3!,Wut?K|}:_t~3˥i`c+.XJ仺<h~W~l\0\0_^ /-W]7\'Aօ0˶>?tR@?W\Z>\r^Sx~H15j{[[C}%7:-A$rC_ׄ/4%<1G,kYdSȒYbxB7_\0MQ5og/-+Am{EThDo=.!\"\r/8*xK~(|Kg-\Z>5]f-QZMy1{$& F[y:k>-Em}^G;j:ޑE|ut{A`KV9.nm]Sk\'ÿ\r^>ok^7My1;cźWC	e[ukOxSƶ>5M~u]TԵMO=1;n-\"?$46:񕯎<!XɬwǠj,5ñ{a&ci\'\\NѦ<+x?q>DM+;o	8,M:(k)5q~\0i\"O	q|4_+q_xFM>-_ِ[Ա{OqC?ωZ\Zr~^4Ɵ`P~?PK+Mk?^&t[Bӵ_\nˣI4N}JDug0O-Hft? \n\0lso:¾!-EΩejז))Z6I]d/\0z={^9ѼI-GJ_L\rdi=n&BOڦ<$aOԔ\0W~ZV\0і䥴?7})5\0WGƯ\0:!teQ\05Be9\'6e jOI\0\\A\0_\0EI@_됵e(ÛIGoj_?y\0r\05>\0 \0*3lV^sŤ?К?n?_V\0fX\0?\03BBOͨƹ		\0IB3\rm%ݫ?\0\0\ZGA\06T|\\\0⳨pt(	v \Z(~Dk\n<vȯq7\0%PJC\n6_	tn@V-jTpmI7nǵcpe] NQ\'k?++0>ךW_AxƚT4ftؤXTyciv!!Kq&<ca5Kkϴə,^V,y=,[E1xM׎~krxkQŴ3Zl\"C#C\"8sΐd^{Nğ\'x\'lbVk7C>).9\nN?N\0-~|?xC%&4kMo;Qɋħ͉A$i!9v~oyy௉euwZe|IkK+eKEF]na!#V#\0u{x]M*=f8SMxb7yu{hvXx$A&_?^k9/|0%sKbiZM[Z&1 TΖ@#Oq\0ҿ^\0MS<EᏈ\nt]rGto*k\ZZV{^K;Ueam5\0NZ@:3w\ZKkKT^jOX=̖Γ4TP	o$wYM!m~Kf>P4\nx//P5VǾ6vL|mim	pc$x$m\0\0UO\Zxᯈǉ1xwƶ?tgI\ZY3ò`LۤeIF\\{|/%m*O%[{,V8aXڮKCU7Ox/B*xO:Q^-g$+EF-c	MO-㟈zxKDkw+uz2@yh6,?\Z]#\r:\rƹadt;W:Q--g{{\'\r_5F-K\n]wZ\'<qǲCOEZӥU\rs`M4y̨ ˸hCF7{~&xKGqx}]ţAG\"=1sy <;\0_x;ͅa.5xI h-7fdf6p\0/ڦYWǒxRãQ[_A;XK$]=E+bt8l[~&	>CZ_=W΄7:߈e*&?)Gfq\">~¿h:ǈAk>\r̶u2<txC\nıJ6*ٙG*ů76oArFxV\rVl7=̋/F.xkoIj>i~]muOjs{^\\}jcbH\n6\'R|N_+0|x,e۽.EcͿymmR9y-ɂk>~ľEB|O>k|Z֬M:7\'ϷfbVCbuW#s=|	a*ihAwR6Mc\nuExſO_GJj~X?2^kꋾg\05T2ۂ/KO<E\0z59\ZKǪMā)rQCuh/_|Q\'mcźV^C#+	/dP}6X0w~Ph~Ok|+x\ZM+jUn\"aoYz\0\n(\n\0X_%|3FpP9س4t3@bA/}ϔJ\0?~I\0Vv04\'0x5\nAO\Z#\0va?~)\0i?x84ZkTHs\\C\\o^WVkV83aF.׷sk?m\'x[OZo%YHPJp0|{?\0|#Z4f\"pF{\Z>׉,4{[;MSS8UY\'7\0[\0_?0\0.\"+d#it-L+oY$kSg +o|;yh|iZWVv%Aq</Y6`lB~q_\0_?0\0 ;\0|\0\0U> ˇ+Ef\Z=K\r>/d\'[;ӓL_ٓ|`L-5e ѢEI6PD̾au\0(\0Aw\0B\0\0B\0E?3oxf_	m9,t~},I$m3InI57esV_K\Zzh6ě\"&	Uc\0H$\0@w\0B\0\0\0_rP{p!mW?=og6>_A]0\\+ÿ_óMUsxr%I>^x8z4hG*1M\0\09G2ÿ./?!+*ك+-J~~w\04%71$1\\~Pqt\rVZ&&ZXۥuڈ*x}\0\09HdOC`Q\0K(uO_/+i>\'ó\02\0\0\0_rcfj+d/]?>\0оau\0(\0X\0#fj+d/]?>\0оau\0(\0X\0#fj+d/]?>\0оau\0(\0X\0#f\r?NIK{Xb<5\n=ɯjY>*j۔hss^\0\09X7\rZzѴ5Ok3],G̅O;9^{~gn#F`Ϸ\0\09#~\07MEgnG_j,`7&,Rc.n? RTn\0ny-PjV/t\0sp{/ڀ\',f\"*_*+w[)>/ٟ~&\0`hNa(?hK\rɋzva?~->_y彨\0f̄sq?X qWmqnh?)̇q__t$:	x+N=i})3:9c;u2:\'&\'f$_ICAu>[x9T1RQ\0AwT*PN4EF1VI+$.\r=[<\0wW|M\Z>mhQmEFBǈqD^0T=Y4kub@~s\'+A7vJOt[-8l1D}1k	U8IƸ_ʸC|!fi߇\Z5Սx-%λtCgIl()hOIP:iAzmMB+7Y1L8Z1Cy#]oӭhmh|F7v8\rz]!8綟Gx[ǁV2ؖ]^9\\<9őYg{*\0e^8҅iAv-m!4$K8FUVA!pQ@\0O|%ᛍ\"T\Z嵌\\mov/2V\\L%KqkxKJ=ìvZ^_luw\r+C6bI\nf76oG@92>\rmˋ|:.tqlklpHIfį7\rxMu]ZPUXn{,|3I_E\0A&oggV֖,0CH@\n\0\0\0ڧ\0+;qSGǉqs5b2|T?~\0ėL;h1\\A?+QcXD1!Qqnh?)̇3>S7/<}(_*+;\Zb?q\Z\0?~I\0Vva?~,`7&,Rc.n? RTn\0ny-PjV/t\0sp{/ڀ\',f\"*_*+w[)>/ٟ~&\0<o_~+[t2ڷ5)I2;[t0@nzUωt;H{xYnf\\7$`u;St殝9T$ˍQxDbZkFVk{/ooN(%^eyPΣs7\0i\r>)C]_ZCt612Cfv,mX̷E7+>p1\\_,FkSN5i;JOch-?W4/jWMCU!\"ðRڛdpXxlYBՁ^\0g麿u:liv:.5SNvoďTRƂFFWߴox\"Qvj6v\r}-44J+ooF+r|}\0#Ǟ,G,++AT[tM#Qԭ54_;PdA\n2\0M¯\0^#OK=\\z\"AoVlga5;B	r¢T?F~?xzocH/5W⺉Ű!\n$7}\'E|E\'O|YF-;\ZeSX^oS֬\r<W 76:]w<E{Ur͵炾$Z.ZՍ/w%qn^x^+XqcA\0}AE|Z\0.x<v{Tz5ȵԬ\"NvJ)dk\0gK=<3k}YLגw5l%X]XNOJ:\0E|=~#\0\ZZ\0mHim͜x\'dߺ++v|\n≼%M\nk_x>9\\W͕mle7v\'nax }_hT\0;~3K|7ͤ_fmw6V3}eKƚ|H|1u`^?$_|{k/crz%Vg\0Igy\ZXW\Zww1<9\rR\nIچ}a5Ӯtx(iﮚOcCG?୾:cS\0<gyW:jZtwuuW7ʉ4jgb@WĿ+%KA|<|/?ox@otK	n죱Kh\0<mZ\"\0k	|gx\0Gπ<-ɥiy=hS Z3&춧g\0ď	xy5i\nh#|E	[\\4AHLlqIp$\0:aj2\nٺ~LF|U<\0JٺHUx\'wޢ;H<HT\Z{ ISA/<A[\0)~Oj\0b#B8\0?lf>|n^xTfO&\"9#,`7&,RY۹QڄH<~C2~A_3@bA\\[s!|EϔJ\0~Ʊ|BTx\00I4\ZSpXUPrq\0M+Ҹ\'> FY6bXW*܁c_7qr^JoS8\\M$K>6օI%ȯ^^-7>)x\0|A\'5;W#Z;%Avug㑡Mx]/\0W_}+4E{\"~RUK$+JCˁ\"}!}E|M	7;+[_|G-]g7:oͨwFY.FO3\rooWs۷?	_;|6:Fj]ܮpgζ<	1>΢9)\0WuqxP\\Ou\r\r<{lյhw7o\0>wb\0j?mҼU:i+av3 Rg$Nt9@T_x\nA\0\rxH~\Zo\rkx6YZbTA\ZŜBqyЈYLYI$¤Ȭ\0\\5?\Z<<kmZы^Y >,6KUD$ҤIp7>[Je\0}E|\n-\']/̖ڤ:ֹwsӮmIx}qn]R*k^xIn\Z?Vy<&)t Pnt\Z$cPϟP|xVj\Z6]xW֠5cg,sc%5\0\'/\0|Ct?|^fgc{=7\Z=U7_gWcWq Fݷ.ݢ?J?|JhY(дӴٴFk]:ka`{p\'n\ZWmuIKD:=Ri-iB7*tQ\'ͻ(SU{?ꚖKAHoPi%u[#>0m⬾8ԇ>.KqyQ?/i=&/ikno._ıD\0jf{6P]OƏ_W_$gN񔺭ǂ4i\Zle]^v71w^x3mG6?m>m55/;\"M?g<\0+d[8e~E1ΝTѣ\05/xH֧ǁ|U{\Zwjݰ}\nWHL\0\0sc6c\r$>Ծe&Fb^Q10~ܞߧ\0\n\0G!\0f?\'\0WA[?\na<K7qMRxȍ*#R߶#3a{we !e\r ß-^\rK_h|&[mor%tڤk\"X+X}s_u-\\ɕ=v5%:CqS[# ֹ0HѝI%ozoSCB[Q*\0e?9|=s|lWKoc~h\Zz!os&s# FPy֡_x<%*_4fH1ڋ \ZHcl\r_;.?XȪ͢پ#ill1/یWY4|NbxM:.QJ\\ԭU{̱<6HJ3P|h\'~\rn<AOu_t5}<:m\'m緸ݖop\0C>\Z?lOѿs]?6\Z\nknRm9vbge.$ߎj>\"=;T\0{{x|u?ε6ciodg0k2ce!4(DPHT*2d@\0\0ि4eMA}#i<=֐x.-GiFY,#[hLaX?b?/x~mq#5t\rXF]1\\K\'u2\r̪.Sw^EA	1Z(ca+J`*\0~SϊSK$\0	_&XǓmmw\Ze]K\ZdE)\\{o_\n\0k#~naT>\'7e\'5dTqȬNTh5o:>/?Hvc&5Z_+:U*!8ǘIo	kVmdZCky2s\ZN(|l62o\\xKi.gͥ,Dz>*O)Mڠ6Wh[DO]u\0vEsYL@7v\'٫~\0<kv&u=Jgrs?\nI=a@,k\0(\0(\0+<nX~\0K_N0>գWלxM|%?PG!\0frzM\0~*+;XO\0sM@<\0nqgbyտ٨5\'~c>?xyԟxn_SzA^!7ڀ\'yَ͌ 66HR\ZayF÷ҥrzM\0~(+7Bq_t;#>w%\0X爛ڄOHq/Q[ڀ΃1ٯ#[wXğWdƒnVG9z^$\'Su~\Z\0ث\0$Tӳ!V|ux[/jFsϙQך۾6?i=sOǶ|AP|1\rJ4Eҍcnzϳy>\rIٮ$$Uߴ1}gg;s\"Q+vMKuFyK]m-;m)<a>q_ϣxYxIkxVD^Jo\\R|+KCͯt]:\r\"{MsiK%<?嶢up)+r_̌8\'z\r>L_i		v\r3<=CG^׾x__ĿOe*ךZMusXU2F2^bnXhxd<}{0Xx	a!M[E\\hqI6O,gh+KH\r̐opgEqe\r!(16.8##&?0[c_|yRx4?\Z|PVqA|j6ZMy	;]q -\'yj\0k	|aM~,yw{EЯ,:1Q8imx\0vd\'=cfb7O%vR1W(;ſ5ㅯ첺΃xZ?x|Q-N1Ad7&2x˝\n\0Kڃh:/z׀\0Ae{D,.巸AKmգld?6?~|<	>!6o\\By>c8Pwg{seOK_b&d0	\rs^E\0QE\0QE\0ZEsbMk͏ƽ&2Z-\00]3P}pf8~4_l$H}?ݢq/_#X1/(ØvPe&y\'٩~ܞߧ\0\nĿxP\0?ۤYعaoj\rIn\0u\'5:^\'ۤ8(\0TޭPjWot%M\0<	sc6c\r$>Ծe&Fb^Q10~ܞߧ\0\n\0ϊM!r_Kn\rm[ڮimr4w\ZF#wT)N$\0\0j^U	拳0):5zy_?d/\nxrվ\Z/m4fE5ݔ+&VGsK)eaCj?ެ^u{mǏmjXTI=dRGf֦;Vk\0&eKf\'\Z*MIY=xK	|8ռ1e:ޛiryey\\4m*\\gį#\0(4V4;VJu/aihO,\'7#d|-+<%;մ[+[[1)l$ml.XI||ּoêjY$IӴđFarI!JtP\0֓跋Z%gwn6ji*D ehyYLX\0kVwEiu-6mWWw\ZLMXKihi2gwfJ\0W\0_|9.?t6{k$vGLMT+y$FP\0$O]ݿ<]wm[v؋-\"݆e/6H+Ϭ> 3M$K>~):ͯt=aLw~̿5աGj^#ohX$8,-{v$P|<)_x{R&|aQ&OVKOqqt~\\ \0~\'JUMKr>Qt*M2xh;^;3xwME\0yWߴ7-uO.rxKZM͔s,vܬg$Vh7B<y׉\0wo\rMCo;S5Φlz~w$?f$u g% G75E\0xCx_IE-x:ha[;UN7E#09\01xǶzw(YxbN[L,5\'@w4w>X nW2<B@D~\0|E\ZW1xUзMڵƯfT2Mq,2cL.5aCzǉ<qwQk1+PG@aV\r؅w4n.<)QtP7_M4ZW?n\ZWψe-^pGI$/,fYwa.G5P^w7<#+\0	WK7}^^w7]u D*H؏\rw;y\'PjO?t|~?٩>!ĿqGojRC{/\0o\'\0O~@ll!\0v.??\0559op!a0\"ŷ|O\0]+DtHvyjVmQsqwZIB9y\'١Ir<׀Z~ڟR\"?ᓿhCRWv\'\n/ᓿhNQF?@\0pf8~4_l$H}?ݯn|)ofuŗč\Z5\rSJ!e:ܥ]fPg5_~|zm{tY|:.>`5fUP>l2	\0~|K|XtxűFLoC.#vOcaC$fQyuOrHk\0xFmyL8	]ǧ>gx2͔9p>zZ5g\n\"ֱm8>VףeFri=\0yg	-]OqNvyii=٥tR_0tn\0eo\0_pfLcRf&)n߳,$סQ]7~\rO-O[)n|W\\]hIa#Kd|peX] m=AW?լ\'oQ+ƹyyyGݙ|MO@S؇o\r\0\r+\").7оP\\r<MұM\nѕn?/]Rúe%:qEkyda\n*U(7wr돪M=v?j\')B=:-1&dqgQl\\\'˸X\0b|4]_6O:ށma7eq%KdˇQnAʪ\ne|\ZtGEίY^&wwFi&WxrBUj_5oxA֮]I%3,s\r\'cMʍr!^ڊ\0wK}_;ѡ|L|I	7hO6&ANP?/f_Wv//\0	\ryqg-ek_)7}f=\0\02xQ;-+=?8Quus$j#rU(>@ jˌ\rLk?ho\0n\0oWQ@qk%|>ax:-g/=2}sj1^9ܳr$$WdT+÷>&oIl*ͬ\0nI)U`B+5o&<i6?[Uu\ZfgvG%{I8@e_4o7.-ukK RM*+Բ\Zz^-lK\0\0ת@_\04\r]g[[z*lY&E?,PaSԬ*O$OWԌ#:v	r{G^^k\"ݬpDӺFǴ}D?soSUKb!A8Ϸ\0\0\'?k7UYrƸ~Ԟ2]F?Y	{Ix?៎kZvzʐ/Ȍq w_&~??lqe|E<n=+>R\0-w^4kcjK{uZdB\Zh0ÍFd,-ZөQTJv_rfL%>\Zxy79ÚWjޝz[=/־|D6|a_h𵜢kyu5.;`if9;\"\'f\0<FꚂ[įu~aT<x藆QxDSWNγ.*v8=Aj2[b+Hbx\0/\0g\Z|^)1:Du#hV×XInFI^EoKvL&@u>\"h^\'%r5\0hO~}!Â\'̈́V;w@R-3r\\[~Ҳ3!`>!\0L𷊾!#^%ּ\'T-/o|öod]|<[о?xk6WixjxwT\"6ekia>-6HekD7NHp~#xm\rľ/GB_Zgu\Zk?l]@ib\0h\0l}`?g߳fv13gcx÷:i.d\\^ܥ\0P^G!W,@\"(;OCY\0oxgO}?Zڹ}b;GxI&!YXo½W\'oLuOhXP:4$1.³s\\*L?3\0}{}MD\Z%ƭAMCa%-ԶI4;QЫ8TʀXg~i#q0|:8Oɮ[.$l/$<0Q|g/g\ZOYZEM4k>$YKɒ|ciɛ\0~)bj	.&k.t\ZnMMo[_],76($!ܟ\0j߅||_t3jڮK-,*oc<;\'k<*~#\Z,ZvkslGY%c;ʁA3_>↥=_⪟W^\"Ҽ0qk.jRF^;B\rM,wAT\r~\Z俵y⯆M㫏^X_5 uKh\r:|ȹr\0}|gotaXlo,~ҟiH<HݭUr@	(<E`%}ǚzgG2>\":V#,H\"+\0I9?h\0\Zt/=>\0>>,|Ju\Z紈{|Vx_t\0G>i^\nwƙikzsoA_\n΅^T?w5lWҳ=O>>񯄼EᛛW5{{nUaYrC+%W V\rOnm|.Xk3=kVapA$r: 	\Zg]Rjߴ!6fȟ딇U!wޟIloAohwim\':߇b负j\"6\0h\ZY<x7մmn4*:1@`OWg_Ş,.t\0h?5x]<;j)%\rj3n~d1Yo&eR]c_{P^sO9o\nأ*ѫѫ<o\ZKxOr	kdt?jѹGlԟ\0>xC\0|\nrƀ%OI\0\\A\0_\0EINK\rɋzAX~!9ԔsQ\0|\0ͿMU/`K B1 ㊗>xC\0|\n\0,ԟ\0?!\'sO\r	18	cy1`\"6V	n[\0C\05pm>\Z\'$UXAbB9Zf/ä\0y2xcI[m>t[>iwb*MI^;x%7iè?瞵zk\'?ۥ\ZNc@¦Xn_w0i=+U%TP>OM{4{U35P#e1mTpN睓f1HjRt۾{t?=Oj+t9n.% C$R5%<\0$wqW¿5[x~ojע֎ȚmTJbS}z7>9V<5xqaxvCj_\n)k`NS*`z.xC]GM`KKYVX.u#*A	E?Um-.;;8{j3P$\0h??cMĚv?\\x:Vou&ƛiIikn{\\Кx#kSp#eh^[⦷gWӼg{1x7/^uެOT!-b\'W}\0~k\Zd\no_7Oo\ZxjS4$*c\"7@YC^N~eZXV=Pg7VӢFs<ޟ\rj6m$𵫜oU{^#7ѣ\\VK|/\\M>I@]EivϨ4,k1v3D\'e{gżo:	\"6)pA 1}/mc<\'m\"l-A2<gUi\nE#;cc)?\Z|-࿂>)x^-+\n𽬖>\"j+v}JN_p~Z8O:/~$\r_6Kvi3X4YBL#4V\r|#)s8,%$ZE9kn}NO|NKO|[e\',4|Qc`ui#6U#b\Z\r|IgCMV^$k/iwzEVa-y--uA,k$,{w\"hG՛^CZ$?aKZHѫMk$cj7\nǉ?\0[ki+X&i\rBH2xP-rֺm}csK=	\"6цC)G\Z<K\nQMv^\\k[}G\0\nZڧ^h^[k+HR*JJp@SZ+^+HvLK+H$UxcuVS@#EP^scJ˦WW|菏Zr%([\0C\05\Z\0m+h1\\A?+QcXD1!PI\0\0?\0?`hNa(?hT\0?T\ZiT䱀H<HT\Z{ I@5\0\\TRb#B8\0??\0#ͫ~$ZkWZMh$i<˂FT<HIJ8 )eDV\0d.?n+wr;&Jˑ,8\"EtyUl$ডQǕ_>\'K\\&&72_ڌ3#y?n\0H+Ň}/01>i\Z}ipucī-	j\\I\0Q7^G~\Z_Ư\n4\0zVHO/z3\nATS3~|*Mak:u6X5WP{d\0;ȋj\ZF,\0rX&;0)Fe$ݭwۥ?૳x£oÙ^tK\Zޅ&!O*-$e|#:Ι-|J,]j\ZΉKs\n$p42yqc>\'st;c[ڄv\ZX=͘ywLΞz\\\n7؋w<xV+\"b!Udqě?}/Sexo9_\n^Co9QhDmu%IL*Q?yJyj/:] -Kc_aMKHǕ`Oiwi\" \"[YJ:~)@6#뷒bZ֮i︺I\nq\0$~E^χxd;Qay#H`](6L_1PϽ;\n4:Eظc|+դl_31pn\"f?Θ(G]?>x~(OѾ)ⷅO(n`ͬ,\ZkH)k5\0wg?AH1\"@젾Zl\\s4u|}=7⟉V톇j1q$no.XD1\0kgM6|S4nWZ0xKѡm{d+:+{Xsag\0>3g_P#-\0>_\r_\'4[u:uƅ?!ܡOB4&KM:mow>]ź%rOck%˽Rqʋ,|n<FA?-	s{sncy=VHY4MہWI\")ď\0R\0|EOK[i7\Zx[-n4x$	ٵ+Ey\".Uk\\|D?>+Wм;s\0iO{ROce/-e ֟?d\0|pƗO:֌ܭ;ն[pyw}66:eW&h_ZժeX-rh[},\0β:\0G+/;{OIcm+pZwXۢC2Eq)+|AO\0j	<o:~+^Ҭaum>&%?eki2^Y>suNMXM/Eh>_}%|+vIoKW6Nx_w7eM}^j%=&HibǵQ\'\0((((\0j\0u\0?>_WWpRf6cP|jT\0;0)`jRotC7s(\0 \0*_)g?8\0Bu,f\"+V0/C\0p}=I\0\0B4mQYМPxЖ0)`j\0C\'\\p55Iy\0s#\rI?+eOpj?|-ޡxwFFxaZ%9S5qc!? j/`K B1 \0cὟ?⇇?Y%aTծ5FdXM˼[bosTp~ЗtR^ N3^I\ruzx/_T*A\0\0&[$6\0cmanx\\tgMFIuگ_>ӖΣ\nLfWmb)\\L7\\\0}\ng߉t\0_j1~Rhr]Y֤o,%m,nFDb>п\Z<c\r~0_Fu2XCNH8GBA5w|u\'F+u5q܉JnSd`6rDhs>pƟ>/A͔ox?4SxeX_1lR+pnW_:|_|>\r_6z픲jR$d P6N>,xg{O<fs{RXP%T\"lQ(Zx^kg:hdҠdc;I+wiv/@&x+߈:t?&P)ZGmqNoMʒ[5WIRUeHxf}[\r]+^79}7T5nRuIⷞ6RD7\rf?\nx^/eԭO`RI:PVFE&?;x\0~_	|caqg1cy\\Z]\\YAu-&Bw$̊A	!.bM\0|ok⇂<CZ-4\nMcShΧ_[MiKt[:Z4$J]x=C\nicC^ox^-\Zk1z7t.Lj~Ў8¦KHY\Z/\062໛B\n?R@t=7ᗁ,!o8m;xD(oP M\'VU$&v\0b_Oh\ZomLIMF)l55*wJW/RE\":1Zcxľ6mf_O_7-Cu2`(\"D߄h-\"kIfeU22\"tP1!/b=M|[}3Q\Z7llE5TKDGTl2~ӺzxGЯ\0GiZ2ʶT䡍4[+6Mg<|O»|9sj5O|uW[Y0x?Y}sqb=^y/σ\"-ˀ\0<\0<=tI	he\'F\"Km/[ȖX>\\u9^3|¾ мC\'o\"5?Qѭu9bt)4--\0_sTm}b=WÞ&WJ#Sʡ1&FdQ02k149myUk `A rk((A\0Sm\0bΝ\0ףWȶp*7f6c;$$\0G@ϔJ\0?~I\0W91Oj_2yC\0O\0@Y۹Qڸ.\0c~@+y\'ٮ#I-xV>=b	#J$5{kOAi[Nu̖fT({nNUվ&hnw0M~3t{}3i٭Ɍ&^ER((wƚW5}Pi^u壌waIǵgx\'!׺~zGswcsk5ݴ2Oso$w!DYIR	\0h1<EuɩM/JkkT|\r+EigqMl؛s.O\Z3xKje%x&T	pUԌQXCV~%*!lɓ=<\'߷gw9\0(]cV>1||6\0swb2|ɱ?Vw(ۃe?Y<[nFom8\Z_?/|u1QeєckP߆!(Y៉n\"a[\0ӫl04Wu=Y,5izu#𕽼-qo*fo,aPY>:>o?7.&eսrAM*|/q]/@7CikZA{oiɹVh%Iz2K\Z:үVO|qE=мi/d		e`]%De`\nFEkP\0\rXjņsiQ75:vOBW+Bsz(\08\'+	ksq^^qrRZrq\Z=\0?~I\0Vva?~|ˏ?MEfN#c\0x\0@[ۤ|qy{T\Z?t;#>A<\0m_q\0f\'u򟑸!yR\0o?63f8\"CK\\(\0h+;w0?x\0xP/^pY\0Xd??Џ?ۤYعaoh\0q4Cx[ڸ?Mg_E]A\0Xq\r-]a\'9i(bpY$G\nDIUU,rp1ubSǺw^t/c)ikA>Vâ/ZDJI؊	cjb薞&/4x5	RhJ0 ~&k\ZO;[RB\0\0}+FàS{,-L0HѬeBK4$P:zQX^87:?\08tk\'w6.?No@Wx_\n\0Öڿ`a]궷SZOe=YK0%XbTkkM+ǃ_kVK{r!$/$ݕUI\'PW|dyOx/G|6]ķQCquqgk,6ew̮;(\0zk߆\n^sŚ};m#@]C\\(h6Ioc-,Kt\'ׄ5\'K6|4%W1A40qv\r%\nӣ\Z\0+|v?;S|=-?|@tt3/	i</tgb(FO1#\05鞠פכ|i͊\05w61\0]3}qnh?)̇3>S7/<}(y3_?xy[/sc6c\r$>fO&s	/K\\(\0j+7Bq_\0 [ڠԭ^\0^?u\'N?ۤYعaoj\rIn\0u\'4=ϔJ\0?~I\0W91Oj_2yC\0O\0@yJ\"~#UCVzMy&ASP/%\\6Y?<}\\iUWI<2or+ZeVjwgTr,uc诟j=񏎯[Mj-o$ow(\nC)$\noPO~)\'|ټSw\rXuNt7	rQUyqTJ.2q}=h֥\ZѽY=hO>\'~z.\rG\\ZgA\"F0b5\Z73Yh~=BVAƓcK}<)u\\OT*Jұi<&tW?\0?Y㟇k𷃼+K-JY գ}KPV]=-ݹKƾ|nHoğ?5/Η	^\ZH ғN;Cv[D\'KI\0]j}skψ=Lկ=Z=uŵ$RDa,ȣ!X+2C┿)oo~S9Ӆ-mqtP4D\Z+\'㏏-@cyxGNΥxoWw		G$AG2~2\no~&\'j-;V,ͤ2=MXfmN59\0`+{࿄>\ZhQ5 _|cuK@Ow$ybmbH!RȪq迴ֹ/\'?^?ohv^[y/I#KvG [#\ZMym(=C}FC7i\'5\n?$m^]sC$RBRJ5=uKU}r#6mw2MsmIm[Ă&#Ȇ.\n\n=o3N\'͗~վ*48u)<Mw*Z~4y͝_nd{iO(\Z?jo^-<\'7{#\Z燼i|Q4\'\r\Z*],@n&x\0h:\r_Ťxo?\n#Lųxb)lJծ+/-4ôd|V!i&ω |6\0ArmPL{fs6\\}4\'P4Wǟ<CG2$337Svr-Ŋ$K)eI(.]{\0QE\0t\0u\"&\0.NEz%yԌ%^#.A\0\0w)n\0ny-PjV/t\0sp{/ڧG~,\\05Oq?\0c~F珥x/9}ڽ63f8\"Cx/?3_U~\0\0@gnG_j [ڋ7Bq_t;#>\0&{/+{Qnc1?#pBҋ΃1٢63f8\"C\0q?ԧ/o\'$Www\\\"Hȡ0r:U_\ZfIcCcm|g=KJo\rwx-^Nm85C;e}O#5t~J+_W_[m_~zU|iuZx/YLV-+MR@ Y2IWfCkcSC2-?h?>2ho|]Bǋ)7-mKJ\09A4JtgHR\Z\\g^\rCW+axEt%osIky(GwjO τP-[Ǿ9G{\0Om6k6M+P+q\Z +2cH\0f+>)\0>a-So\0j\Z5\0m-mYQ>a;}\n~(_\r\0w㏱\0߷\0ixOgWoϷrzSdHTuP($$~???gv| IIdEۡ~÷\0^ϡ7\0nS]u\0ib1,L dʨ-46N)s~H?*5\0tD\0	/{YHnK}W\0l~>A?<[hpvvsjvЃnӽӆ89 ▿!|U&~z[Rk6^cTch$uDkܔ\'!\0#?mG>~>^\0W\"#Ú}FյK(0;yA*o2	oZƭ\\5mSIDhx_Ԟ쾏..\0ǧG\"r؈0f(3XNχ4.+8ӡ7W%4x[{c(<\\\0}e+~>!K3?ix[G|-V&ycx\'5շvXep)<<d0@Q@y?܉_t\0\\hEzUyWԌ#:v	r{G@X6^r9v\0v݃/\0S?6\\a?%<ZKq[ڋL@Y\Zԟ\0ßt2\0WA\0ҽf<Gÿ\Z]-uiǪ?\"4ci{W1Y\'sA%q%Ἒ.<*Ӥf,4Vq[D\rVUwww.\0OG;O4^8< jcoo6]IGu,	;Hm*rdaسG<;^O~񮇩\Zu^][I~ڌ˂]L\"[f#(Tcaj[C	ārrpMMX֥?lO	z7.O\0{⍯41h[w!`3Ƴmrż_8xCѾ)X׼ixA4:ѹkw|v-6uS6TD[xn)d#ʰFz@8HG_Oړ?Q<mk.g\Zzrt(%Uo\0aO?iS<4ƙm֤д2y	$<.k$^bBgtY|??\"_i=o֏<5IP.gͦ`BUі2r_oKx{RCH<9\Zf/jwz,(㸖%ʶ+FN}E\0~S%\0P׀m[Py⹴]=6:tO+H/$UfY\'Oݺ+6_KK\Zwn<\'CO\Z7/>fCm2X[#_\0P5}E\0~r~\0OO~ ACx:,Oi\Zf6o>15ztJ_dOݻ-Jbvo/>x_ۋ׌Oχ4\Z}wۭCAnۣ;J/@X\rվ$\0CѠԼaϭ\"SOci\0	-8y}.ky),ct@k5@1M4X<躞$ѥ\"GV6\nL(>p#h)\r#r\0\0^\0><c5X(ɕ\Z֎ɍ`/m$	{xHD(TD]t\0\0(\0+)6k43j<?G/-G5=W&J;cRI>\n4fL}e^MG?vji^{9ITϗ:\rWMnR\0>?<=Ꮓ_5+Bԭ.i\r:}U_Yj2iD\\a\0mOh\0XeRz|iwky&E`:oUrs\\^/xv#Y>5Y\r]	ig)a?it\Z{?_$kcP2I\'@\n2g(|ޢ<}-Ց\0NW˘\Z`\0~	\0!	?65Oӿ\0(ۏYʿɟP{;\0\0\Z_\0\r\0}\r\0>ʦ?n?$D&~Gc{?!?o/z|\Zv|/F|~u56ɶ#a}c\0G\0gYoit_}&-e\'0Fx47y|Kn%v|OZp?K-?i$tCǚ?׆.|S|3U4⛘.JZF|Gt?\0JҼ\'R_3O俼-CCi6Fڹcp2xWO\0Yk\0b\0SN*qq{3\'Oe$ΙZ	3nBG%#<?fZA[m?ޡ6BZŋ$6:}夑4*l$E*J~1\0y_WA?kZjVѵ֩I% f7dUgڪ<?l>xAmm3z#wWi4 K^kƉ\"\'T%G\"ta`x }KkxMѕĻa+JaH펔O?7oZ	׈Sxx;֏]x[flٳHy^IUw0Bb>*Nė\04\0.é`aԱnrm<uw~Q@\\|\Z/_9m[g޵8YkBhX	\ZʒRGχ?{?7>pZHҭ4Z.m$ܻ<fP?=>~?m<V;T:ƙ>M)\"EyR$`m;\'>zx=\r~ݿ<g߃+4=>Jk;kk?PEugD٩C7i\0ֿ_GSC~\r֠tcZHo/-~i7Z~\0Fri<uگďXx[|*tZy{Y~Fq;G?\07}E\0|7_\Z/>%xYZx?:u[e.|mueBzE\0QE\0WG}\'g_~?|gе}+Q~\"/^l.ǧ^[7vgX?t#6z_<][IxoMռ_vZ^zᴨ\0-lJA#`ƫ#Uf*\0~5~g£;৊?Ceq_̬hsu5m*A476ğlna?h+ay\"7\n	EkXr7*>$?n\Za\"/ bai\'l\ro?9k_OsfyWn\0[Y@\\_Ib7]CoOۏɟQ{O\ZI\0\0\0ߋ[۝3W..![mNE!t\'i(sSj:/y`v]sk(\0R>^z)\0mY\0\0j\Z<Izps-l2+ܚS??*J\0\0\\f/9FJ;R\0n\0\0\\T_u!)EY\0x?nzWg㟇?ĝ\ZՌ7Å}O\nn\06^swa8PA${@RIKcWk\0xk;2.-.aHu#k_&u7/-\\Awsl1OȑL\r\".$1٢a5SFSögoUE!^I@ZG#v<o5|<	\Z*ItՕYX?1o(B/+obGl.4{|(fcXrX\\y{n2ss|1|cwe<1e2jgV?fX88gwǇn|,s7muexj)4o\ZFO&7scCW&}kOPjw0ݮA93S9e$ȑʩ*+gzum?A\0\Zqĩ[;v_H|s\0A4oGty,u;8HeIsd4u8ʲ+\rkњ\0˱Nk\ZmiN+TI-<2mOn\'x+/~4\'þmM\n#Z}m,b[>H6f>:Mƃx_cGFT2c1\nv]΍=ÚiV\ZՕ=սqO5Π1#<fh:rΐ\0]`I?4~ixg¾rCiG$ jHU\0U?g\0SGMλlzkc@qXS@DCncTup3ϥ\0yƧ)\'7/Vдcþ7S1\\iZ\'ϔGb<\rJ[\Z$<\r\\2.ɡ[5ۤ0Sjoo>cdץQ@ǁ~x*֣kO_.28#ݍ#`ww@Q@yEm\rMnI*J[HCw^^5:j/MrHv^}/P:/y`v]sk(\0R>^z$\0?T\ZiTX6^r9v\0v\nQC\'JÓͬ3k]GA\06UR7_Uq\0@gBc-%\0f!teQ\05rI\0\0B4m@5L|HOzK\0frlsi(\\\0]o\0]j?.qCď	jv%߉`Iczq#?X\ZM]3owg\0h.&\0\0IsZށw˴/&W&U(OP7|ve?e16/۝d|>ӭ1x*\">(\"\"jPE\0|W^&లκm&໏Ԑ?Z@^s34mFܴy;3|_L#eԠB\0\0_ @_]^EC?+4R2I[Rw\r\0U|{E\0}\06xg\0U\rŏjJľFDj6Fnux;\0*]^\0?4\0hux;\0*|s⯇_4+}StBUtI eՃraё*P|d]L8*ڜ0=A?ڌdx¬4\0hƩyO@r|J2\0*uOKừK-BSHTyY,&H=1[_\0Cgi\0_@aw\r\0U\0Cgi\0_=\rhH§l	:0`&>\0<3\0H??e~-9ޟm%0@Az\0$W\n\0k@\r	c1F qR\0g\0Q_ۺ|O~\07M\0EgcBsG9A\\GH?jOUA\0pognG_j<.?ړ@?R-}\0\r|l|3\'$Aq|m=褌ğ^5.\0xkcVY p/~ּV4\n2w?Ŝǐ	j\0ko*о7̏2N`o%T:<ԐOߔd6\nwnJ1>[ԭYbB2v뾇xG4W=S}4z]cmhѐͼLsw?<O\rNo	.rVF^NncW-:\Zw~>\'~{xw직d]RګwF8 dD \nP\0x|JW48<1zWc[ןPԢE|L\"\0MP&iYYp=߾%^ǅ\r*/,OImjzU؞->Qt[*]۶\0w~>4OgV[{\r/muy\"ǔ!m\n\'?}xWZx<Wo;kMN\rjZ<etË5n,VC\0?~0|]E7|=O_tCz\0_K|aq:&!_ˣ-ܖ%>@f\"  @+A\0$Wv>7:Ue6&tb97WKMw~!ua-h,p]ʹQUlϟ	d>\rņៅZ^_x_^_^:mMioِ	bCY&$3;6\0fR|=~-9/w`:\Za$6Y\' \rG6ĝo;C;FT[Ȣ9fE%Sxo\0__bSM᫏]Q˥:}YI?fTك^Qkυ]7-Sw \r}c7n|G{aV2C}P$eV%v|\0xH¿\Z<kj_ANn;\rcXB,?L?hbϘ\0{oۺ<( wI\0-K?l$Es%ݲMO$Ou*\Z\0/O[@vxNռKO`u;Xc]6C\Zź9&3ȘUo/jI_Øc<Ajj3{khE-#y3Lq!S	2VB\0I|Wo_\rAx7|7/\n.S4]y\Z\\[=Ŝ>`F\0,OOk+Z[ɨF٥io MOyͳvǝ㿇~^\\j\';B5,,-ͨS\nTK(o;\0owij~%5]OCcK:[ē-ͫıçpo$ڠ??Դk?]m{ߋ/wQLc.=.1:2(^@7|aNxWsxݵ95ykkq^Iw\\uT<:ȱ%g{\0)1^*<Ak?M*[BHmt\\<ZYm(ؽ?x?:?~8i v\'-ƅa<)rFe1\\+6Ⱦ`/~ioj!}{GSAlj6qXExT\0?7&</&xǚg0hZW㷒Qn/(hmaf@IE]/5i\Z\\hQjgxH۸Om<2Utf\0\0	8\r,=ej5~4\Z&oyofw$!o1|0N­OB<Z\'χǇ$t+/4)RK{v[bX>8$\0}EP^qxO[{xK_##Vz=yǍԷ-<1\\xK_<c\0*+;\Zb?q\Z\0?~I\0Vva?~,`7&,Rc.n? RTn\0ny-PjV/t\0sp{/ڀ\',f\"*_*+w[)>/ٟ~&\0`hNa(?hK\rɋzva?~->_y彨\0f̄sp?Fm\0ܫ\r>1\0HڻwANd=~\nx/ᵪN֗PxgIF|V=rA֚\"pW}_,|ai~|#]}}\rAо[h6𕶿X6{*ok/8|9y+&LZ;{gXa68z+ C\0+[>oj~4hg=}>HfX6ilDiƣTd񵰑G}/m֧|8|R׀u-//W}:,{{b9zmĎ#\"UєE]1_|4<!}xSƞ46R=B/gܵԭqRHOw\0\'o\0;ÞӚ_5Wr;.k7\rp&-n?ƍ3AU>\\xMᤛQn_T*nd1G-WE)V%p=C}+㇂߈2JT6}&v,\0A6G<\0ۓ	O=^M>kP\ZBo;$K52]}\".VU\0b?\n\0k;B%uC&ugGB[{;\"lp&X6\rip5<}M9:ShB.o\ZYY[\r|_[j\0 ֟ľ;tm;N\"; Rᣒl|9A*vd]GOO\'s|;1hiGS[}Z,/\'5I#\0\0|JM}]+]^]-}.\\\0}\n5	UD;xa<Cf4ec%Ns)-!3i	;WD\0f\0&\"rxM5w&?KlbVVbZׅ[Hc@\"}oF;n#퟼ݻwl><|Ѣk)|	c<W6o)5)e-y7fнI$Y݌&|ŧ7O_ \0eGh\0	n|qg\0.\0mox<U=\r.f_4i.(olx]\0/>9\0¨]G:ozY8e.giݕ$6>\0kx=㷸mZ֘,K+hXZx(kKe\0e\0$~~4wuMEW7wB&VEt>T\'˅(\0O~>𗃼\r\0nO#^4EK(n1jbLH\'Rf{|C>\0]\ZfZ.M xrTI&+?g	G|4%x{Sh\nńSExpV0qwcG?i//KqؿFWbP&\0\0]/\Z,6E}j!IHQpyVEnה~>	2xvXOuolfdhñn\"9Ǘf^\no|Tk\\n\\$ezMy،>.bG*k_?%=AC2~A_3@bA\\[s!|EϔJ\0>xC\0|\nrƥ3\0ߒ5O~}~\rf>е(Ex3ZNj;{kT;P\ZW+Ԭ`[?J<-~\04\r#K,iejmCy̢8Kya;s^o)kO\rwKYhv:e\0mWI\0cXD1!W	O?2a\0l_\0|}^ǿ݌\0Ŋk9ῈT>>|Y[ʍk!Xi^ؔPko	?hO\0$Xxh\ri6cWD;\\X<%	6n-\0}J8 )eDV\0d.?n)>$^ۯL쥴 C>w]>j|7]㏉]Ė4YcMR	=Wj-fmm9P2r\rT]jnq\0>{g2~\"Sѭ;\\h|wB&	%9>d]C0K[ž\'		Zw7>>1[\r%ZkA	le9Y۬Qh6\\x~aŕj&%qPcINQ~2WGGs⎝S]/\n\0g[D|}^$eQĨm\"\rԐ>_]뺇%!x\0Z=hUl(!&Yn>ynT\Z:!%2G3EM*dg?J/laԭ^bN\Z92~Ag?ï(W[a@<Oee<7\rjRj7W[\\!Ht^;lLe㉞yJLTo\ZgM,h:\rI2yWkqggrȣua{ĸ0gk)AT\\=0I+QVD\0-p\0\0jۗOoௌo$톽\r&c	\r#!MroycG&ƃ0YOE4=*OAzYy.U<1GHVA\'Q^éZq4r en\0~TxgK\0o~ݩ~\Z<_xKw$iY.\ZPoGI*pIO3~ƞ)om<!;X}iFX\0ImatjAΊ\0~	Dx|yo{5+;QwQydȭ\'8Ó$?~[~ߟ|Y࿇~)Yk|HӚ-<S,\rlR)\Z?0\n<8%?/gMO|1K+RƱ~xFPXgV\Z$0(LD8\'>1^x_5۟cti>=>OĻ[ˍl[1LO\'u}{[Jgc3ЏZ?\Z<{?lxCWs9k\rF<O-Ŝr	dV7q<q22TUzE+g<~\"`MNM\\,G˸3[U$@O_|w\0>Β>$?ãY&.imj[],RFs,q^{⿇(}yg/\Z7x7֟\0fxw\Zյ\n5],51,сY~|94\0\ZkZVoCimg|tyYd3le\"B(\Zͦ۴0m1ەh1_TvltbS6_|끄\0\Z$	kX*͜0]MbO\Zg\rr~$L]gI\'1~@Q@x߀>\"sx1.5ѶyaYYp_JJC>$~?twk>\'lm0HA>]t3}	؞|H/ln\"YvmZiG#nE\'\'u+O1spA?>W\0|Yпj\ZLuش_-5&TKc]E1\'Q\Zso,?+?@\'HG9O~0%C!qx/9bu~|D[57HG<ؽU<C\0.hߎ.tmI|%ok}qj63Ŭ%r`gжv04\'0x4%Aŀ@=Z;w0?x\0xP/^p\0\\XAbB9Zb!A8⋋wANd=u򟑸!y@(q_LTMo\0\0D˯\Z|D9Lϗ%fc	Ep\"=)nۀ_W\0	\0+sF\rFsO~\r#]ACì\\Y	@Cukx\0H-aŊ۵瀫ѷݎ1^/\0	\0[os/\0UO~GG?sPBAq[<!\0j79CG}Ff2qN>!_cypRD|\0\0	\0[os/\0Gq?_s~ojM3IhLc,I\\dCX\0+?5\0W?\0T}G\0>0~GF\0	\0[os/\0Gq?_s~lQX\0+?5\0W?\0T}G\0>0~GF\0	\0[os/\0Gq?_s~lQX\0+?5\0W?\0T}G\0>0~GF\0	\0[os/\0Gq?_s~lW?\0`\0/˯z߆m6/%Bd|ĂA}=\0	\0[os/\0Gq?_s~k@2N2z]24Q*$$kMmU}*࿅HEIJ5)\0-zRJ䟣_l$H}?ݩ|ˏ?MExc0ļbaR=&\0O!8/Cq.jOoUS\0¶Y\"xc\"oj</(UG̥YB?nֶh/^+|\"\0kO~_i_ޏkϓ+km֭{K<`YrHDfl\0M\\)9-C9ӣ44it;+e\0dq>k{\r-&eGx#1ĒyRТmr^\07Kkִ?\rjv\Z5rhZkZ͓4I(Gi\nM杩A}\'E|\nw<1I\r4%$V7\"+Id`Jע\0?fEoY/څ̱8ml溒DDĘX`T^1?Eg_T@:iީ%ZIo߆HJ|\0\'𿍿lm3᝝xkӼA	t^ߺi6y%!HF\0F1~ީqԼ=ڦ%?QiDf	@G\n):\0| qڟuYjGDÚGt4wI/\r	h\n@Q_5xc\n^}˫4w^\r͕:anN^()ee+]e?ޛh.mmfnln1X\"h.^!\r٤!&;bnii[ρ߲\\9m1氂j6mne%Fo6Y\n3a|_T\rséWC~9|`7opmy<qy`;$U>e׿/h^t	7/QxS|I{Hu&$;\n(]-$zπ*xDW/;OdA\nuacI;m L^{|w<1/\0zǊ?ӏK<7~ߕ\nm<Pt}Kח!/Xխ [Můk\rr|Pď(}sE|F@a?<M^&yڗҤԭBq-NVr/^-ʿVwN߶G+/[\rOŚݯC&1K;-ť[Q\"6s e\0-=Z5y۲o:6j\'5\n&_\Z[Iρ(\'2k\"<hSHI^y6~y8\0֍@\\(\0j+7Bq_7a<K7\0OŝV\0fԞ/8RS}C~MxO^.	\0TOj\063f8\"CK\\(\0j+k%sJ7q	q~hG~,\\04Y\"xc\"oj>!ĿqGoj\0.:Ï~V\0f?Mg_E]^$\'SuοgO[Gkqq_JŵwcОJ\n+~!GXmz=3PC5I7tEo~\\쟶\'È~4?b?<lcr?jIiMZ;[|Ո(M&#5xExf\0%/RZ%=F	Pa5O\0AmHn]\n};^5[hz}s蚎\rV,w<}	,7,+|\0Abĺ:OMbٮ-KydV$o:ZOவb\Zah\n6}}1[HpL<fY#Fbh诞.য়\nmi}G^Aq\\h7ֺJWvVBHUWʑU*)P$t5Mgu;Yjz,Fso%,`@ 3⯃~/?_zWe_;ۍZC(VMX(̬ۑ7tZO~|\"xR\rBL}6ojrZyX[K̑%8;#(~#\0K<U7\0_Wƿ\nm{gj1ѥM=͌Q!2:	,lM|*<_IfƉkɵA\'rHƀ:J(\n(\no\"TQ⦵tc^^mvqOω~\0.(y3_?xy[/sc6c\r$>qxh8	\0Toj/faL;}(_2yC\0O\0QY\0Xd??ԿnOI\0Egx	_x}\0G~,\\05Oq?/KoV5+7pO\0R{P91Oj_2yC\0O\0Q_#X1/(ØvTnOI\0\0y&ASP/%\\6];Z,6Oۭp|AR\0|\0[tyBn{5j:ŅƱOn 7#\rNa/}څ%RvE=9h)2<Y!+(5]_L\'LiBF(Ya-4wlg\nO\0⟆\0`\\hjM~ef]|%[L\0~q)|[_\0~ў\"u\\*znxNgljSY];Koħ9$w;0%RjN.-{\'neZEm6_KQR)5;DFNYTm20T\nH_%|__ϊ>F>%[juV\"N.^v3kW%f춀j/)_KKχ>|>>Ki@K6Y~;KKlyǛqldKoS𽕟<-wy}=oAH67K#ܠH03~ۿ<AM\rcscKo5E%6S/w)V\Z#NO#Z\0uIަwipʚi	-OPL?~l	-\0fߊQn5]Cu{-FA.3Q	\"$X\"-@q]~\0~1Go~ǳ-Uv)2mPOA*|/\0	7\0~߰}ݷg7w寎!	|]/gdBI|B\\@֫04W92p­p~즯h\0>g?h^o#\0fv_6|h_.!F-Evv\Z*Du,v.Z\rbΎ,5|$~|~Bh~ƚԐiluqA28|q\r#?i,Z<y6z|Mk{oX,f\0\"9;P,|(.V{6|\\{ƣ-,FM:wbKM#D#_27l4j7?ڗ+KE\'-.m-fյK(f˸\ZI3\0+\0x^_\ZJ/uvWdt`y scn;t˭7`\r-_&3ն?u=~is-,ț!J:\0C5_<yv=6gqM*j;/3Mal.͇u\0~^éYqo,s΂H$FC)G _	?:|mE\'i{pilF81+(\0(\0(\0(\0(\0;aRڑ\0x%?D;?\"LxlGﻁ@<\0nqgbyտ٨5\'~c>?xyԟxn_SzA^!7ڀ\'yَ͌ 66HR\ZayF÷ҥrzM\0~(+7Bq_t;#>w%\0X爛ڄOHq/Q[ڀ΃1٢63f8\"CfxM\ZayF÷Ҁ<ko>+j	cW*jުi\r#h^!Uu#?z\0-kퟷ\'\0¢E/<D>aLErAy\r>,W3!_GN#駱\'|AVV؃ּ\0==R>!ĿqGojRC{/\0o\'t\0n\0W}|g\'(ٛä*^\0F\0B\0_;_i_#X1/(ØvTnOI\0۸_\\\0ki@!\n\0:w\0	os\0M=}gx	_x}Ktս_p>>,o+\Z2^N	\0I%|C6f\n$ׁ\0+;3AļHO{Qxc0ļbaG/_yo27O\0H\0dr.GI\0>ܞߧ\0\nĿxQ\0W}|X?dfBGz\0OcMNƭۭy8\'zz_j}C~MxO^.	\0TOj?q}ό!3xtQ~k\0?\\?k\0k+k%sJ7w}??+y#?z\0-(W3!_GN#駱a<K7	xn_Sz۸ō%|CFP|:~ck?ډ?dqF!Td?}qxh8	\0Toj/faL;}(_p>>Ms]\"Ѵ]Lܤ\\/uO,\\b1k\ZtvAhjƠ\0U\'\0¢E/<D>quqzX\\,49)+?򩪥	c1F qR\0g\0\\HX\0?\03\\/?e\0b\0zvv04\'0x5>!_>=^hfi-\r\"\rB0Os0r{}Mj;m7YkKY9d#wpjޯKΆ-H>tƕ&]]Zs\"GIeH*\0k\0\0\0~k\0\0\0~i%7{lqa2.u*a+ug?%<OO{hIL:m4^n\"Q\no;_J|N?jU O^ZQBYӞ,JiFھ\0\r}\0\0\r}\0gio\0ӿfYgb~\'<<h8t颋Qެ8޲KWfX>#~~I?}o㲓ӕVNJ>f>Ў6\0Vs2\0_xxxg\0\0\0_xxxg\0\0\0I\03}.^mbNUg1\0gfa%YiM]XԾ\0Yhh2}ke{ic.i7:Z,k$dNiCi_xxxg\0\0\0_xxxg\0\0\0k	M|1<TғB>u=kb/[::c\0r[+@cI}}ď\0g}\07Sc;q͛wo\Z???\0\Z???\0:?~%ׇC{?\Z<曤h&miOayw#G\rg\0c=\Z+Fyk:\r#ͪXNb%ɍ\"2+k\0\0\0~k\0\0\0~=Kz[7_k/Zb]mfCG\",W%]X_/!]꺟5\n/u_EF&}Qј\\vP2rI/xSb]5燆\n?G5燆\n?@*!%׼?c\\աON+Y]Z!j\"EKAt5/%5~@|`񍾑=\nR4[^C[}ա[X\0ju_1\0\0)\01\0\0)\0\0haMqaxoYΧ%ۭ+TOClrۼ/q0}p\0`[źv{wcm.\0A<7-+R6*#qryGv<W\Z???\0\Z???\0?\0+ *~?	<w{.Kt9!a&kYuV#,ѱ\"1%Lҟ<{KCç1|<N4k6X]sDa>\0O\0\0O\0H[;{T5_9<K+hi\ZUo%4AnRJ9	\r4\0> \0ҭ\Z\Z???\0o?u?`cӖ]Ú6H{r g9\0\0R\0f*+;\Zb?q\Z\0?!\'sO\0w|%9,`7&,Rc.n? RPGA\06U5T,f\"*_(\0\0R\0f\0?TVv04\'0x4%Aŀ@=Z%\0]o\0]?\0<\'c\04,vm*ED=t570,b~V+O\0Yk\0b\0QT~뚇ȼI]5)`_.F0wq\\G񗋴c\Z\Z詠eP{yEȖi\ZY-`BGyaE6ܚtO	5Q{xOQmW4^kHcfFuɆ,c!+n\"|M\0_\rf&μٸ?dԦ۷yyvy>gΟ6uKYc񟏭|isV;d(=kualfm|ͻ\n$eyo\0kw^nOް\r F81XvtP~?\0k/^Ci;]kSh۽:QiJ><}\n~?\r=\\Q3ϨC݋-ōn$<\\8E0Q@?|G`|\r\0	O?N~=shO;E8k~!|-tC\rso>^Ssw/܈X<ؖQ茾b+(\'=/f5E߇t)ۼwIoKj9 ~SI*(ȱ}/E\0QE\0QE\0W\0wk_2msz#ָܹIt\0;\0\0\rF\0 \0*C2~A_3@bAn\0R\0f*+;\Zb?q\Z\0?!\'sO\0w|%9,`7&,Rc.n? RPGA\06U5T,f\"*_(+3jD&Pz2+>)[,6v^+񵇃`\ZBe\'lqFdhjIjBU屬hu(5e{y<r!ʸ=5K]_E//<Ev\Zd2׾mhCc@c^մO?\\w!feDJ[j\0<qeƚW4o5m6NYjss<v&4Qݜ@Zc\r#׌\ZW42)3BVhmJ`6n*ƙNxX2BtDސ tV/*%vyDx r%Bȅ;+´\0)]GأT\\o.unC}^+uI-ş푽>הRĀtuOv!1>xwR}\nMF-,nyfmk,X!\0J+?jxo~1	p}:}N/hwYO/cfӇ*\0?ifg_U\'K{?YӥHItl)\0:j2[iXs=\nmVy^i\'Gv=5cQV絸O2)PoV#5\0?	hc6~<VZςu)fd	ۣ7,ѣ8Tux1-!O\\ ,:_]F(UI6EGTa%\0+Jдk+xm,X-Gj*\0\0tWx7w.M\\4dүwbeZLb^5J!FTp@~*Ӽum7[!4b++[tw0JOue`G\r\n(\n(\n(\n(\n\0٫I֣\0cW\0}^^w7Y/I(ُGTw}@BOͪ\rS??*JrXoLX\rժ\rJ\\~A\0mjcXD1!T\0Pc\0G\0	\0!	?6`hNa(?hK\rɋz\0Ks?soQ\\XAbB9Zb!A8-6?Oto\0<!\0EgcBsG9A@$\0iڠ?N\0\0%Aŀ@=ZԬ`[?J\0\0>ʦ0%C!qKo\0<!\0\0?OtПjrƄH<HP?\0\0\ZGA\06UŌ4.d ,f\"(Cc\0G\0\0TVv04\'0x4*BOͪ\rS??*JrXoLX\rժ\rJ\\~A\0mjcXD1!T\0Pc\0G\0	\0!	?6`hNa(?hK\rɋz\0Ks?soQ\\XAbB9Zb!A8-6?Oto\0<!\0EgcBsG9A@ϔJ\0?~I\0W91Oj_2yC\0O\0@Y۹Qھn]$?Ϡ!8/C|\\?aު\Z߅l\0{a@O\r7Q~nN&QNf?h1p\0~e5U0[Ynݴ%P@`Pl<g(;[Gڿ>?/O^g89Ͼ*ŭzo13-p\Z%	*B\03@6)n5i໊{\rdr\\hG8vl9dq-[ \0Ln63+~]#\\\'vw7a7wۊQ[_	@x& U6\r/nhROn5iQ\n\\)A:xE>׮KS-XCZGV[&l64^I6nsF\\VS=q@h\0(\0(\0(\0(\0(\0+?mߏ\Z+\Z$H`=\\@vAs\0tZl4Z{hW#)Ѹj\0\0gM\0ڍz#!\nL{osNkUK|TƇtx?8ªU\0\0+?eRH:ڀ>3\0ߒ5O~}_2yC\0O\0QY\0Xd??\0/^pnO7=ty\'PjO?t|~?٠	lf>|n^xTfO&yَ͌ 66HR\0\'?@>%A/<o88?Y4#?wv.G}[\0.-M9^>V)=\ZaQVt{xlg\'\'ҽZq8ok?g\0<|uc{29cnr=jRܺ|n\'+жŹ|nU簞O(L;2C5mO\Z++FnQk.khs\Z\nۙG%HCs~]\rέ]9n!< >}O4oEcYu_֭w6tFI\"Oy|緙*pªʚUw\'T_7~ڙ_?KJn<EqhoVzɶ4A3HG2@b/)_<A VZGn4h5MkRկ8ݮFӾŊ찕y$ѿz~᷵_oK+ˡʖ^,[ڽE¸ECT$w	CoLVqiu톭p-D1&{XŷX$tisƿV?xwWquizֵ=6MkZEyFmf6\rUk\n[IixG-M·pi{-¼kj}&Yѕʲ?&7S]CǾ\ZAqjzDXKqs\'\ZDHclf|q\0pxKW\0mk?ԠྎOѣ6\rHH,$Va\"#+&P\rO\0W4ᆓĚ\0_k42+DƱKo\Z7I`_S^hh_~?!FtgF`kXX+BRTv_BUl7x	8Oj*(\r.\\OexOrWEՃ`-oM~5xڍωt^	6y6ܽx}/©/B\"H@5>)^k*_c,`C4[Kf崶>Y\'(9-#ܻFI\\\0\ZN\0Ge.mWI.<I[=-!0F|W|64|\\Ǻkn^jOeW\rmDm!Pwb[w5+}\0i:||3tBԬIKY ٣BO-۰A\0ֿ^\nR>/\0Q?ha-uHkynV8TI,[DVo~>9ѼV}WZH,4.!fE<kqʴGvW/&7|C2	UYarxLq[Mjf\Zư.oRIoH\0eZ}\\\Z&>4O榟$idkZB>RvTz+Q@s?Śsw\Z#!| WyƑ2pz½\ZXjݑe&\r=V)\Z=<hOi\0W/uaE-Z=V7D7 1`\"fWυ\0No|$<=Mռ_q_j\ru5f\n#;b2\0ocόb}kGKG͕L\ZV[$yF{y!!XWx\01|S\ZƞqͪJivؖYPE1mFy^NkF^F[ϧ\\h0Do\"\0\Z1\0߄\rxo\"xϖVK{I\0ޱuoKxaׇ<jI9ͽRd|ѕ$6nzb2|T?~\0ėLS{Qzo,JِyhaE9?yq֑~*|\\بSZsc`g~Seoj/lf>|n^xQpf8~4_l$H}?ݠ	~\07MEgnG_j̸\0P\0\0Vo88?Y4\0%A/<A[\0)~OjIr<\Z?1\0<Oh{w[)>/ٟ~&\0sc6c\r$>Ծe&<E> )&Gon\06Jۍ[ǈCaK(oa\0,pNy\0CN@r\'?ڷzM4gV:|࿊G|G/<\ZGt<Ak,\0V;V\\Frď{&M]F?EYi>\Z-R?&[\\\";nY6mݎ\"9\'ǰXj0k_t{W΍Eg.xM2Fum>wSI~A\'?\0ďߵ#^XI<C<ixnw+KėWac+$k<Pb1.R,|g?ۓAѴyxH Jqm5mNT2ZN߱|z;4|I|H5Zh:ǤO}($_Ks-k?o񞡬Y|x,ՓhD:\\Q4\Z4(Ǘ]?sKFxj7Vxfm*YP{cR}!D UD>ɢ?>\n>{}E<Vw(L?/I(ȾLʫ198?b??15]\'/S>\"[EbUĺVcxR[Qݷ`bs@\0ɿO_~~Wz-sW{i,汬Y^i\rgݫ\"lWj9%?go׿\n]\'߉W]hӼ\ZDgm\05bqcL;U\"80\\\\e?RNM\0|i1ς~\'6ҼAkC0-7mg&ۈi$i˒ >CWZ]֙%Ycu$Rm_\\\\T-ep@#n	K)QdE**A8\r:\n\0Z(\n(\n(\n(\nٺHUx\'wޢnyKjFW \0nڀ;H<~5+w9=IS?wv.G}[Ryۧ8I\0Onc1?#pBҥ3\0ߒ5lfqDڗ̸\0P\0\0Vva?~->_y彨y\'١Ir<qnh?)̇3>S7/<}(y3_?xy[/sc6c\r$>fO&s	/K\\(\0j+7Bq_\0 [ڠԭ^\0^?u\'N?ۤYعaoj\rIn\0u\'4=ϔJ\0?~I\0W91Oj_2yC\0O\0@Y۹QڄH<~G!\0fy\'@Ż2_ۺ|Oq8ohyَ͌ 66H@\0o?\'?@>/q\0<\0\0q	q~h\0Kwtϗ/8^yojRq{SxԞ:<\0nqgbyտ٨5\'~c>?xyԟ3>S7/<}*_?M\'\0Q_l$H}?ݩ|ˏ?M\0EgnG_j [ڋ7Bq_t;#>\0&{/+{Qnc1?#pBҋ΃1٢63f8\"C\0Kg\0$\0j+;w0?x\0xTe&y\'٠/Zaaͤ/ܼ\09Q\0|\0ͿM@z+	/?9_koۣM>7>֚|)b#-HqWԶ?OtmSGIEG TkZ:m\'nƽ\'Rm_ѹ\0G\0\0\Z>ExEB}?ӎ^~ȟ\"2 \0h]pq\0]+υ/>#\0A|as\0?7?Ə\052ÿ.Gi\"|<\"OBb\0A\0|as\0?7?Ə\05zȟ\r#hE h]u%駰\0dY*	f(\\-\\_rw\0{\03_\04h\0o?dOYP.8\0\'2ÿ.ڸ/gş7?s\0[hѹ\0_g~ȟ$~v\0-+7\0oCcNmntRYӦuuI%fkue%pA?p_}?1ϐns\0?7?Ƽ_G׾RB◈|3j^6RՕKyfjzk)U\nط^\Z-ksvsu,2$`<L;QUAl\0ڸ/g_7?s\0[hѹ\0_i\0 |;\0|\0\0Tv\'\"$|. J?p_}?1ό?ns\0?7?ƾ_u\0|4\0%]\0,}\0Q\0A\0|ks\0?7?Ə\05}+9Y|>C*Ҥ\0@w\0B\0\0W\0>܃#\0?\0F~n7?s\0[kO|>OB]?\"|<7uԖ\0\\_rw\0{\03\05.|$پ|Z|z9I>Q?Ƶ~ȿ#x|&7$^ixxAgiLb8\'GaF_SW/+݃/\0QY됬\'\0XI٭*I\0\0O`?n?_V\0fu^g$Q\0,|ZI\0!	?65Oӿ\0(+rlsi(K/?_&?soSPm\n~Kx\\qGzK\'?hOI\0\\\0S!3A^q!?/[[VZe[gj\"\n\0N9&ǹ\0]o\0](uf	f^928P4?f\0+O3G4?f\0+O3Z4Yto3QMFm.U@>ΞK6cnpBz/k1j1æD0O4GtGPy9@4?f\0+O3G4?f\0+O3[\0HKga}t]u\\\0PAܝ@u:,ZwWi{Ί#&\r*G$\0s:\0\0\0?:\0\0\0?_UNUVHUe)pFc\0u\0C5Z?u\0C5Z㨠\Z_3\\\0\0\Z_3\\\0\0:\0u\0C5Z?u\0C5Z㨠\Z_3\\\0\0\Z_3\\\0\0:\0u\0C5Z?u\0C5ZϏ>2iNݝ:9\"9!*}YHE\0}\0\r\n\0ר~ɞ\"R<Y2:\\ζv)\"5ڸH`sԒ~h>4]JhOeoM?bu\0\n\04\Z&h>K$\'=%EX6^r9v\0v\\\0\0\0@j5\0\\P۰r\0\0\0j+=ri/5P\0?\03@\\qGzK:X,?唃I?!\'sO\0w|%\0EB3\rm%ݩ`\0\0mj\0/w_\0[t<ڷr\0=+_óΩ~fk[lHszՎ\0[\nn\06V}:Hmn++ڮc[+Џ~7yMF:>$hr;~MRGU%Ps@S0qR4ƇoCϓ]\02;7g$nϵx7^	{B!|Cش[n4*b@IFv\\d#_\r^W;hioF/s.>˷xctܜS<g\rk$FjH\"Lw #xK\nS,_|	ek5[Dky ۔27WR~dK\0s|jRv75wRcXX_\"!>9:~7|E]oix\r7ZtS&l^-XPyƝ5̩52\ZXV}\'oE3~\r<o׺ai#uu\'{]j&_^qĺͯs}3WvE;g)$$l#>\Zǿ|ii|G=ն\\A;=+Ez,]i\r8m wX\0_x> ^wY~QۭD\\P%~N<w-*Zkem&i;T_iˀs]W3?^:</xZ<t=N	q>bg#_x	#>4)>CR\ZO6nِ֢N,ੂ8h$>/\rB麿)Z?qs6{_e`%X4q@=\0\'<z?|&֡5) jwwZIdje	 uD]rb·kxC^>5EؖirIw7QC{e3P*6~`/؃[qx3~xi>ӫ^u6$ )O񥕙m\0C	ώe{kZcޏGdi,ah.YZ2-2\0w\Z?{o/ƋegԷij=Bkvk;ytHe,\nwÿ:Wr<[{idtqVK$W/ulAA\n\0eYWG>|-m?o|7/լ&ͅجʎodo*POυ;7#NԼC2KkX~-w03,0,PB6[\rz;Bk#s)$!1og*,@2>~~7I+{ۋtU%-c,q]Z][HYP0AVo>&៾~̷Ѽ	o76xK۴gOjZ\\LBZ4>RcpA,\04M)|MM>\'4MGA:{Ծ\0ObV2^57\\W\0~\0U7\0\r|9WÏWӛS׉|HtfӮ\Z\\}Pܛk4HDHl)\0l\nX|D[?i(nZVs:icqz\0kNngFg_\0\"{<+;xmvm;Ytڬʁ&7br<iK?|}Ӵ\nSI-zD\"q2{rBIdsMgMV^WčK]>r]	+aԬ⸷9A$RE#! _xĭgxb?h&[\rOQ}ֶvy7FH\Z|yu\'<\'}wh\ZMi8LgqBzw((rբ$x%-q\0!HI?j?5x\0O&ۤ;/>տ٨uj;.Y9)/={VBOͪ\rS??*J\0\0\\f/9FJ;R\0n\0\0\\TgBc-%\0f!teQ\05rI\0\0B4m@![0[Y$U#I+\n/YxG67dF`Ҽn$``c_NtCO\04}M\'kcO4ۋȖ{Kt	@dpU@<8:9Sq_wG\'ngez`\0\r?·!wx\rqxL-ʴ1\\R\"z{Od>:M%|1`>y_e_;gak:nYi2]>-ĭ-g\n	$pDލ\'b18iYZC\0 ~kgl6obm~kКɩm*\rO|ek$܏!s\Z-~*|5c4\\vvw:ݤ-,099$o5ʐyR\"md?D~!+xa>k\0t??c?k\0ƫW;^z+H|/!ZƱiϧk\ZmDwUV8o\0߁^\0/\nڌZuad\"孭d6N[Hv*&Y${<ܺz?/F3/>k5\0I\0t$Gq\0^?׎|.|JiFoKW͉dL,7pGZݮŖa\Z8iNΣ=k_nOr?-x8#y\'kX[D^G9^\0\rs3\0j?k\"9\'<-z\0,h/	??k_bB\0O-z\0?sM3LMmx8#y^wExOA\0i?k_r\"%X`Z?/5O\0Z\0?⯌\rǧjm\0%4rT=gTѦJQRM_sG4\Z\nI{k8V93&5V{|_Ӿ(jb;&DiT%W28~l|\0|I_z\Z_>W	G7\'	g\0b7эb)G=Uo&םyK}c!3A^q!?/[/Zaaͤrut?Q\0>ʾxR?y\0r\05\n~KxҨlԟ\0`K B1 ㊗>xC\0|\nc~F珥Kg\0$\0h+;\Zb?q\Z} bE lEO~}Kwtϗ/8^yoj\0.,`Y1s!E	c1F qEŻ2_ۺ|O	\0?`hNa(?j_?M\'\0QY۹QڀH<HT\Z{ ISA/<A[\0)~Oj\0b#B8\0?lf>|n^xTfO&\"9#\0Ɠ:^Zؼzy-\\^c`rzVO~}Kwtϗ/8^yoj\0 iZ\0\0|O\0\r|Fm7Zխ։k.h$?\\jtmV&YR34`BU\0>%w\0GZ0\0t?yBi\0jw[)>/}\r	18Kg\0$\0j+;w0?x\0xP\00)`jRotC7s*tH<~5+w9=I@3@bA/}ϔJ\0?~I\0Vv04\'0x4%Aŀ@=Z;w0?x\0xP/^p\0\\XAbB9Zb!A8⋋wANd=u򟑸!y@\0g\0QYМPxԿfO&s	/\0	cy1`\"6V5+O1spA?Kwtϗ/8^yojRq{SxԞ=	c1F qR\0g\0Q_ۺ|O~\07M\0EgcBsG9ABXoLX\rըs	/	n\0ny-@Ō4.d ͦXo,Oh$lUЀ9r\r}qnh?)̇|C]h?i0qg{A]x,/\'~g;+u\'zu5qdu\'#ɩ<c]ia&=(Ek16=0+c\\j_SֵH6JЩk%Qz#~:ִvVԢgab.	EUygZ\0t~T?K\0jCҾ?緕?w8ֳ_ʏr\0Y#;+_ʏr\0Y#;+_ʏr\0Y#;+_ʏr\0Y#;+_ʏr\0Y#;oMfQ5X6U_;kQGGSԿ{\0coǃu菍W˜_!A(L(\n;Kcᗓ/59$([ 0Hc瘟$zy~e`]OLf̄s0%C!q&{/+{Qnc1?#pBҼ%Ϸ\0\09#~\07MEgnG_j\0} bE lPjV0-bu%N/^pnO7={b!A8Ϸ\0\0u򟑸!yR\0o?\0ϊVK*\"%C!pqq^^mJ\"~#UCVmx\0qk[gG}\nu\n[>\'KM֭.X*?¶\0	?\Zj:hVjmi LOB<u<c9(±ֿ5Yo\r-|3wAm[,[}H-ԚiٚS\nU)kffI\Zk[v{[Ziw]IS˱pB\\1|k~\'\0S~=umzT<G\'t}[XO%/a$al@X\"ϣh&?n/>!\rխM\"ku%I!THȆFYA U\0A`O^Zv].2ni6|aLpp_:`ewx?)~c\Z>\'&!1i`L UvcRN\Z\0F.Wv_\nx_÷W\0xd?B\0\Zp7Iird/lPC̭qTW\0=_F_IN\\n5=j?arhd[jFW6_7nUk\\-eE8;Z-BX!3G!9cVS(W\"\0Ms6~NWaӵjz5K:n\r֪@`=pu_)]?x/{|Yq\0	d往|T4]nVmMI99\0ފ \0KKx[Tvv:-j6\"5vrb+ԗ\0)Z?V;Zo7ƅZ\Z=^og+}Se?B!r3Wd\nhQ^+\0+߆\0\Z.(ksjyQ#	2R+\'OPEPEPEP^w7Y/I(ُGTw}^^w7@R\"i*Pr0)`jRotC7s*tH<~5+w9=I@3@bA/}ϔJ\0?~I\0Vv04\'0x4%Aŀ@=Z;w0?x\0xP/^pp/~$+j:()ηxiQҠԬ]gE+r2+Oro^7C$~gEFg30y\\6UU$@\0潌1Sm7˪&-Τ\0qdb\0%~]\0oŞ&tM.KֻP4\"&1ӯ<}P2$eaE\0~i\0\"3^xooH]L$q,<n \rFJ:%ٷ,cαNJ Wve	ʸ?\n%BԒTK_e\"At~w\"a	%rry?`S\0#7A\0jsn\02VGKTV~vxGeo>(t;ȯxWOwڥiL<sFy8Ns|O\0QogB\Z.XxCLENBt%E24L@ߦM~\0xC&\0?\0\"3Go_x/\0񷂼9v7F-\"|FyP<֥}k\0\nx\0 \04xC&\0?jQܿ)\0U0G?)o\0\0\nx\0 \04\07_/k%Q_Z\0xC&\0?\0\"3GÆY}Z4~GTWֿ\0\"3G0G?)o\0ῖ_r\00\0V_\0Ugx)R;Hm`\0<M\0?<!\0AODf+Vqr\01ŧu(\0JE\0}[[qWވ[8Ug#7A\0kSe>!xv{ex( R,&c9vHiO\'sZXJ4{n2QPf̄s0%C!q&{/+{Qnc1?#pBҼ\0?`hNa(?j_?M\'\0QY۹Qڀ͘cd/q\0<\0\0faL;}*_\'\0\"y\'١Ir<gx	_x}Ktս\0y3_?xy[/sc6c\r$>qxh8	\0Toj/faL;}(_2yC\0O\0QY\0Xd??ԿnOI\0Egx	_x}\0G~,\\05Oq?/KoV5+7pO\0R{P91Oj_2yC\0O\0Q_#X1/(ØvTnOI\0\0EfN#c\0x\0B<\0nqgbyտ٢ĿxP%?7{P|Ny?2\0]\0&yَ͌ 66H^:[\nPL/g1)دFb^Q10	|ˏ?MEfN#c\0x\0R=&\0O,\'9&Ir<\Z?1\0<OjtOHq/Q[ڠԯK?yI@߼l$H}?ݩ|ˏ?MExc0ļbaR=&\0O!8/COŝV\0f;XO\0sMB^\'ۤ8(\0Tޭ@A\0Xq~@ll!\0v3AļHO{Qxc0ļba@G!\0frzM\0~*+;XO\0sM@<\0nqgbyտ٨5\'~c>?xyԟxn_SzA^!7ڀ\'yَ͌ 66HR\ZayF÷ҥrzM\0~(+7Bq_t;#>w%\0X爛ڄOHq/Q[ڀ΃1٪>,y 43P@dܠU?0^C4KĄ\0o3K0&	\0Eio\0?§aa37a<K7\0s+olq\0~}[\0TZ݈8oݹN3\n>!ĿqGojRC{/\0o\'\0`^|	Ȱ#߻L[	\0?nk%sJ7R߅#\0O&gB_`\0Y\"xc\"oj>!ĿqGoj\0g7a,?GTea?+u,rC*Br,!릸C4KĄ\0o3K0&	\0Eio\0?§aa37a<K7\0s+olq\0~}[\0TZ݈8oݹN3\n>!ĿqGojRC{/\0o\'\0`^|	Ȱ#߻L[	\0?nk%sJ7{ß\rt/-Yx-cT*dq^?ۤYعaohE/<D>%}C~M\0\\<t/<91OhC4KĄ\0o3K0&/q\0<\0\0q	q~j_\'\0¢E/<D>\0#?wv.G}[Ryۧ8IN%?7{T\Z?x\'S)={͘cd/q\0<\0\0faL;}*_\'\0<H~ )ܨۮCdVR\0Q{Et^dλN><RRIH\0	mջ&YӒ91\Zbc	n\'lI*x:Ι\\lyBྎT2TJ4qB˽A\\r9Noxs7kwv|{=,:݋mѭǞ,ˠ\"~NT .źw~F\rY[4NmEuHI\Z6S \0ď%\0\'?Y8۔%_0ǹ\'1珬Qg+E>0^o>#F\rt6ҬDN[ak{>rKX\Z3|Iu?\nocB	-!2Kݘrzק@&xC	i\"k/R>&/ދit\Zk7	pI$>|qk^\0ZxO>!>tG7Fg.O3\0oVgRFD{	u}SE\0|?_xU>Fvio\nY;:FK䶎/65;~!<!=\05tWM\"mFOSm\Z}-#4$BB_/J(-V5\rCZ#VxoRi=?Ό7U$+t~&\'i)/F]kE.s^L>q4C֝{ bjEr<eE\0|$go&P>5\"-p3zZ$R46_d[$PYe1B\07=Q><𥖋aK#ͧX[|n}>Z\"<)rI-O#]OϪ_E˥k~ 5{_[]jog$u;kw [BXIPEPEPEP^w7<#+\0	WK7}^^w7]u D*H؏\rw;y\'PjO?t|~?٩>!ĿqGojRC{/\0o\'\0O~@ll!\0v.??\0559oK?PVo88?Y4#?wv.G}[,a<K7	xn_Sz\0pf[1\0Ω\0|>ܮ͌8 ys0BESl?j=GOVΆ7S@\Zܹn#HJ7Nh}56UUcSL&Vռy}~Wlc-c_xx\0M᷈tJKB}wT{\0o\ZE媣VaO%kn\'5k\0xO/o=(2xzI-M$i1ednĬ+Yn[C/NRWԬ]m^uSWo\ro/ [Y`M\r=#6Lc-/\nnÞA<Oqoq%CT?g%͢lU䴒(n/|V+\nsᮭB]?]׌.J-2!V3/D=U\0s\';wEw1^ͧT]bhO\Zꇪ+^|(?^na\0\0iϪ}v\\й(#&&ˏ|=\0>sx}2Ok\\Ea9$[$w7[bM$R$`v|\0%Ǆ3jT:ok>x᳒=^GT\0V~|\n\Z+ZsgYGi\0h@w9##A/x[2xNԯ[hD>KxZ-gmbφ?_5`Qmgkl~\'=f4nxG\ZV]	fmͻw4,_	kHL^K\',Q@0F&$qD7ɣ|\"ti=cak}6۽-܌u;\0K_~5ߏ<K=sH|Vmna\\ZYWzT6I9wOI%Sla?xZڝzf\"-\'_)48F<DOUʖU+~0Ю,RԮ]B;7jyӺ9^SKl//tIN$OxZHXcsFYH%$u6ev\0t\rFQoxE{gT$$O1mO\rXK5ڎy]O6wW8UDQ\0(\0(\06:/O*k\\lL55gTo鞂;뇟΃1٢63f8\"CfxM\ZayF÷Ҁ%.??\05!8/CK?TVw%\0X爛ڀ%?soSUKb!A8Ϸ\0\0\'?hOI\0\\EgcBsG9ABXoLX\rը[\0\0\rF\0 \0*C2~A_3@bAn\0R\0f*+;\Zb?q\Z\0?!\'sO\0w|%9,`7&,Rc.n? RPGA\06U5T,f\"*_(\0\0R\0f\0?TVv04\'0x4%Aŀ@=Z<S\0\0 \0*u+\0Q((·d?4}{	c1F q@\'?hϷ\0\09#	SB4mPj\0RS} bE lPjV0-bu%\0\\?soSUKb!A8Ϸ\0\0\'?hOI\0\\EgcBsG9ABXoLX\rը[\0\0\rF\0 \0*C2~A_3@bAn\0R\0f*+;\Zb?q\Z\0?!\'sO\0w|%9,`7&,Rc.n? RPGA\06U5T,f\"*_(\0\0R\0f\0?TVv04\'0x4%Aŀ@=Z%\0]o\0]j?,`Y1s!E	c1F q@\'?hϷ\0\09#	SB4mPj\0RS} bE lPjV0-bu%\0\\?soSUKb!A8Ϸ\0\0\'?hOI\0\\EgcBsG9ABXoLX\rը[\0\0\rF\0 \0*C2~A_3@bAn\0R\0f*+;\Zb?q\Z\0?!\'sO\0w|%9,`7&,Rc.n? RPGA\06U5T,f\"*_(\0\0R\0f\0?TVv04\'0x4%Aŀ@=Z%\0]o\0]j?,`Y1s!E	c1F q@\'?hϷ\0\09#	SB4mPj\0RS} bE lPjV0-bu%\0\\?soSUKb!A8Ϸ\0\0<\0\nn\06Z$^xDZy\"M{stB˺8B;Vtg7LVK*\"%C!pqqZwj׾V&7g$\rFáOUl36\\s\0\0<]-͍bmzO%?xA\nщ*#\0ⷳ1io.vԛM\ZR[4[ai^=Ԣ\ZHvWR߳NkS6^\Z]Rաm[I##H#rX\0%|?L>!N]ǌ~ԺNmZ;)JiľTa47Tqrno^-X4{Bvcv\Zl0Aj_څf44$63Ƨc\07ψ|!xm5坌^^EayVH%I$\"]1\\V\0k7;_izFym߼^/oo(0ޕvxX1n	C.<cK?WZ~ptټܵ3hXceJyo\nO\Zz&yyQy`m\0gxK7_ڍ=;+v`mU_xk2׭Y~\Z> ǤSjQqF8ZGqhTf*؃³|Qzt=ݬ}SomF1Eo\',X>	\rs7h?tm*eэw7P-ԥ0	_)\\\0ILN5?M}ȼ-H|siu{9?j1Zw\'jp30t\rv)~Ow/}cmzO	Btm:HR[]F>z#(ϗm\"&}|Ai{ϋ_KX|_z*ߣA0O{/mJ}Y\0?Jψ|k\'/<Mk:4[PAykga\"D6m\nS\0IkuMqj_)\\0RYwض\'b22oI9>\0^&ԼE:5l׵=ST{IHX4˙MO\0Լ{UxS|c/ǩjZg%Z2NaHGRwN*B\0?t^5uXFմ֚sur|\'yonѸQ\0h/˭OMnxwG[/t#T[T#rfId]\ns¿b-?U\0~muOٱѸGe|ϖ5>$#ϼ<Kjo̱ٵ>IM>\nt!\'p/\n~:^0QK>o?b쒻\\}&_E\0\0Wwxa \\^nmFpi\\9%䉥i)VߋA.\r|?[0&kkv&t6E1lY\0-#AӤO5}*A<4FG&6֑y5YC\"\"rϊ~*|B񶍭x¾${j˧\\[]wմB4Hn$0~J\0\rx\0]׵-e:Ln#o<{FTMHEs\'\0\\\'xcEi]OX5/\r\\&&%u+Ysz1f3̬\Z6Tz+O%߃?\nj&]]}hApӦe%\'O-\0\r_O#Ƶ>\r6׺[2\r;8T6UT?XO\\hNյ^er̓hY9!7ɱ\n_iXtMĚ~jz<WڥvsZKmpmHh]7lewk<;\0Ih\0lc=j)\"42\\%ii&6[n\0\'wL?\r\\ty|ɯ%UQI;!BI U|Qzt\0AwM^MkLxKUWqdBY٤7	߇?jw?f/\'=[~v֩si{=FYχ/5iIYJ%FQJ,.>o\\\0s}S븼uK(wa׊&EBb_8Zj~#\0湸٤]i C܎|\n8mo|/ĞUqb&륦ytWt+	e=_⯆xsL5;?Q?h\r+PH!\0r	!,(A\rǏ\nk7x/dq]\\c2gq.waTCei*1V̓Mp}/O|	+{jr@M,}Ճ,,+\nTT9  \0-]xpEKWYE֝y%`IÉ7V_N\ZG\0o\07zAOeccMla\nke〳 pRf6cP|jT\0;0)`jRotC7s(\0 \0*_3@bA/}\0X\0?\03BBOͪ+;\Zb?q\Z} bE l@\'u\0&ŝW\0HgE-dS^m[YQ\0gTˌ~0_IXם\0F`X6|~9Ƕiwc:9 ζ;tXу+Ђ:ԕ?<mZrc&Ywu7t_&x\ngQk]3I;ZWe\0af-~Fh3G7%gaQ!|4WƱ\0\0\n.{[_k\\\Z,\ZRAmM\Z5\0\\S\")`0pDqL\ZO|?4Pnm#f!HQp$1\0S&WĿ/hz[Iׇĭ{idtFn7uV4H\0Ư<?+⅞:Ӵ+;C\Zi:y6˚\"r0qFk\0ᆥsi~\"YbO%5tѬ$5֝V4+\\246QE<ۑ1lGmj^~glYl\r.h\ress8R/g	 \0s4*03\'W#?1k:\0i2OҭrF%ͥ,[B~0\ru>4\0WmK_~9\0A^S𽖠)q<7< \'TӥL2(3\0=?5i7>toe<M\r3v\'x-(-t@ask)\0fX<	[O\rxPb2c;>#<\0=k~:͗|#u/3dC/R6\\J$tV4jdg$_߷x/VZ$4Khu[F|¬\0?Ihͯqo4ƣe?V5麰msHP][So^ҭcq<\nH(_<<?\0NG_<gȫkM\Z1jėB>,Tk~T\0c5t\'II?w6^\'Dz0\Ze[D2Es~o*Uֽw>.oD|x8\0.@s?soQ\\XAbB9Zb!A8-6?Oto\0<!\0EgcBsG9A@ϔJ\0?~I\0W91Oj_2yC\0O\0@Y۹QڄH<~G!\0fy\'@Ż2_ۺ|Oq8ohyَ͌ 66H@\0o?\'?@>/q\0<\0\0q	q~h\0Kwtϗ/8^yojRq{SxԞ:<\0nqgbyտ٨5\'~c>?xyԟ3>S7/<}*_?M\'\0Q_l$H}?ݩ|ˏ?M\0EgnG_j [ڋ7Bq_t;#>\0xT~\n:C<!r4{ϔJG\'uu\0&E\Zk/5[\'򋫟7R<cO\'s!sc6c\r$>fO&s	/K\\(\0j+7Bq_\0 [ڠԭ^\0^?u\'N?ۤYعaoj\rIn\0u\'4=ϔJ\0?~I\0W91Oj_2yC\0O\0@Y۹QڄH<~G!\0fy\'@Ż2_ۺ|Oq8ohyَ͌ 66H@\0o?\'?@>/q\0<\0\0q	q~h\0Kwtϗ/8^yojRq{SxԞ:<\0nqgbyտ٨5\'~c>?xyԟ3>S7/<}*_?M\'\0Q_l$H}?ݩ|ˏ?M\0EgnG_j [ڋ7Bq_t;#>\0&{/+{Qnc1?#pBҋ΃1٢63f8\"C\0s?/?1ų͕?08ǽrߵNc_|@7Wu\0W.w\"W\0;GMN?(8s?C_azu*\rUeRQ>_s\0	<*\0֢-͛/aŘ\0g-?\Z\0\0\r~)h%ׇ\"![gd$ \057Mu}3LfQ)oeaNѥ7knmrψkh%xv%H\0q\0Z>\0O\0k<aũ%jrrG.rwmlz.\r\']4˭1^CI%sĊ	(x<t_\0Ykϵp~3ο;\r:~Y?N\'T?<c>V/_êx2Sk@ė7,GN[Y\'~>709]ľ-Ҡd}OOG+\\ 1@sXgǎ5+ \0#oI<O9\':?拯yؕ Oƿ=|uJş.5_xWC\'Wr+x(\\Fv!\0	>~۾ccm\nA6vis,WdOK7q;j^EN_K1\rs*Z|Ok_4O\0\02~uic\0LkO\Ziڦ~l_˹)/\'i85P|NxjMdxC:<2|_fGL3ZԿO~.\0O>\n:~y?j\0sfiG1f?q>ƾ/P{yc	IdH #KO\\_5_G_-d*@N??\Z\r\03_QGOh[~3ο;\r:~Y?N\'T?<cQSv5_G~Hy?)\0?4]~䵐ĩ\0:~x\05}\0W5\Z\'\0t\0fmY?H|O:p4\05s6$foio\0	F8U\Z[4\'R\0|=FZ4(g2O%mssַu+w9=I_\r|KciRA4y;t;XeH&@u\'~c>?xyԟ׍^-ǹfOkr{w[)>/ٟ~&\0sc6c\r$>Ծe&<E> )&Gon\06JoM!r_Kn\rm[ڵZ^-5?!K\\RbSr69ȩQA\";xƷO~m$UM^X Hd|*\Zcs?w㟂Z.>Z 53eI[;M*MR]E.̳4B(fkdΈReaST> o\0]ggω|bXkfWdx\"8m\0T\0F~,h\r~:r<U{˻wѬwi\n6+A=$,EtW߳\0xh{ofmdcto0Y&q2@E?S|@<m|+1Xmx+U6Oq6%[\ZS	lQ\0n_|Y\0xP~k~iO{kZqY-׉t*|%SzGynʈ}[񯍿mo;+4=k+/tۛ\0[mBV5MJ\Zb˒v@F_ڏukxAY.)!.|6q{FizVf+*Cˁ<|F~+>+hϣ?w޷~e%E\nZ,vGۘ>9j㎋jG[WG!\0\r4F5mSĚ}$&E-^P˟Iyv\05v|<-Ye糵cGm1mZ\0B\0x^m#vu\0|-դzL6td\\[MM C_<9,|}nZY^jwV6;UVʊ\0+㯍/-#x#Լ\"nu[a=f3+${\"Bޙ4xƶ~<[49	=>[Ysʰ-1CI~hSI!K_xxg+P/m7X5ZY7:7MaKh$+1Z9%DM\Z@Q@Q@y?H_G\0Q^^w7<#+\0	WK7}@[ۤ|qy{T\Z?t;#>A<\0m_q\0f\'u򟑸!yR\0o?63f8\"CK\\(\0h+;w0?x\0xP/^pY\0Xd??Џ?ۤYعaohd~!fi)S|gH52+GW1~!nHS:G\'\\gFI\"%.\nu$\Z6e_\"Hs ULPLDQps)?zp¡5?iwcqͼt?$WEgѬ6aBsAGA4Q@m\"$*0 Qmk[!\"LڊdI$jJ(+/~|1M8<\rFGcR\rs\Zg\rc\0h%gXp\nn#t\'΋}l:6Rjvt>xdtaX`2Ҁ5hWKoS𽕟<-wy}=oAH67K#ܠH03wω+_CCm.xRY$6yDI#erE#!\0zU\ZsWIG*VJ@\0p\0\\?ڟ?W?xkĺח嵥\\~\\28vb|+v\0ǅω4}?&A+umԟkr؃mL|¸Ds$/Ѽmj\Z%CZV5I{\0C<B[|=젅޹EqzGc?>;t)T[[sl%2ɷr`@\Z];Ou=>m)fG*$H(RyMmέ:CqSܒ elZ/ }WMH>HP.DK9:Icun\Z<GT|0viZz!F\ZS6d\r2!@Ch<>:ռI:յùbm̭J:*+O;`Olrb2|T?~\0ėL].yke8&+iVX\0pH<?\n>SF\0;=\0w&{/+{Qnc1?#pBҋ΃1٢63f8\"C\0Kg\0$\0j+;w0?x\0xTe&y\'٠/Zaaͤ/ܼ\09Q\0|\0ͿM@z+	/?9_hMrHv^}/W,ԟ\0$>u]R;[-w(A+=(\Z&h>K$\'=%EX6^r9v\0v?7fe.WbUz&&P%%	9\nI$םI\Z|t_cZM/kKk>3TS/v^MEgBc-%\0f1<$xZү;?\nkv0̺fdkThfX~StZ\0t~U^Nn殿)gkC(\0I}[Q֡{圓YGq׵~xkQGY\0?f!kQ6Կ۰r\0\0\0kcL&j6wwKWΒKfdPrAW?O)gBc-%\0f!teQ\055p`fzuTt5/gO;\0|#jyusKw\'.\rVUVDoeDhݷ-c0y0Q_ʏr\0Y#?F`\0Vz+	/?9_k_ʏ-?*?ʟ΃fMrHv^}/P:/y`v]sk(\0R>^z-?*<\0W*:3R\0\\f/9FJ;R\0n\0o-?*<\0W*:3R\\a?%<ZK	Cϸ=%ok_ʏ-?*?ʟ΃f!3A^q!?/[/Zaaͤ/~֣t{ٴpve_t|1]򼇾608IH\'ޭlW˪aZ3:x4k/?_&!XOy\0x\0ZU\r\0]\0C5瞉M5~!yǤCPwIͬYH8yڴB4mPj\0RPW-c0y0Qڗv^MO\0>ʦ=ri/4&ۤ;/>տ٫?OtПj\0qBfB_4_됵e(ÛIGojQ\0|\0Ϳ\0~qY]	\"U	=;?m|z;+puN~#L[/VVoXgNXnbuYX)A-#fcKOS+Cߎ\nXsr~g7\\M[y\Zo9əeU-qnq$t|\0>&\0KZfÌd p.Yab~c2˖U~ş7~:Mԉ崶$̾[ ֠Ԥ6&k\rhGeWٸ)Ҋ=Tөvo3,L*sR٭[\0\07|m\Zn*͵]፞Rwġˇxb	0?\0<GIA~{ozV~ ^]H	\ZGGdy6]NO&S/\0S+\0gQ^_mq~\0/~[xǋc6^6ogIΡTxpo+߅F`f_ƯT<IsEd<\'M3Rk&eA\"BU_S/\0S+\0\0T7\n\0i{<W?\'by_\'QO:/g(4Ov+WwWgJ6M/`i$`f\"V9l{\0i>#c|Gd<ծa}<s7j~>}\0\nw\0*x\0s\04\n&\0\\\0MTWFxI?6<q\0񆍦Q>xkLm~i\nŽZ򛈥یBDfw[9sW_\0<cuKN_-]o\nv4eiՉ̲ɵ$i\r\0\nw\0*x\0s\04\n&\0\\\0ML__z5q]?^_|\0{⏅??J潧GpixU\ZW*\"#Y7dVf\0h\0T7\n\0h\0;\0<M\0\0B*\n0xҖr\0NO&S/\0S+\0~GD}C\0>3?S/\0S+\0\0T7\n\0h~GAWr\0NO&S/\0S+\0o1__s9d;iH~nҾ\0;\0<M\0\0?NO&Vtw)c{8I][fsRo~j:/y`v]sk(\0R>^zu^%д{vVpGgv*\0I?N\0\0ϫSR.ӣ=F:sU\"ֽUZaaͤ/ܼ\09Q\0|\0ͿM^	\'|Mcgۦtջy]?įZg\r9a0ʗTaMXpErkuh+WJ5m/SN\"란w\Z\0]\0\ZZgr]>(5SѠfe?:68t!чPC)\0\\π\0b/>\0-\'Q(u[moYo/.ΒI帕a<@BȨFj\0^\0wjj\0^\0wjG6>i^\rOD,ff=ނ4I=avb@AۗV4O\'\03Z\Z{O:Ks7Z&dYC,\ZK		9᪼\0A{\0?᪼\0A{\0\0m_-<u7{>!X5;յh|߻\';\0>|.:>?.--yhvW>z\0\rU_\0\0Q\0\rU_\0\0P=~u\0hQ/- 6\\$:]ۖPĖfSEO_\Zx\\ŝjvۘmKZM>9ՊX\n9\0\rU_\0\0Q\0\rU_\0\0P//\'­Oe\ZG8>׺N/<]xv{[[m尺I[frw%<]\0u(4<-5o[?J[ջ7qByǽs\0Ux?+\0TUx?+\0TCM6:c[hwQ$I @H|+&=hI.5m;dV]ꈩ\nƋn\0Ux?+\0TUx?+\0TWUg/\nGu\nw\Z.emue;)tm֒x,pB8Ǝ~:\Z\0kxsv 0|N4\Z/6,Tn7`Z᪼\0A{\0?᪼\0A{\0\0^<ƃ\04H<9%iJjVʀ?2crN%~\rx,n|V\\k:%ԮoDisi]EH+*xB+E\0\rU_\0\0Q\0\rU_\0\0PY\08࿆G񽏇o?/luk M.x6vEn$HU++Jj\0^\0wjj\0^\0wj=j\0^\0wjj\0^\0wj=j\0^\0wjj\0^\0wj=rբ$x%-q\0!H᪼\0A{\0_نQukɆ:AW6eN\0\\qGzK:X,?唃I?!\'sO\0w|%\0EB3\rm%ݩ`\0\0mj\0ͳ!XOy\0x\0BkC(\0I}[c\0G\0	\0!	?655 K涑GyN:յMOLӦ287lP+#\0`\0bΫ\03ףigr*C.\'|\r2kzƑa6)\"R7 \0¡q2k?~%j\0|-uD3i4Ɛ\0mV.n!d$k4F&i52G,~E\n¸EUp?7[izeH[[.#=ݘrhSq?.cg4w-<m,Z>I_	t)XL>\\\'{Vo&ocV3ip6auwFKHH0k[i6S$(ߣtR4?1~	xWӼwmKc}匶n\0꺛i(=0u:?5.-#Ud^9SVԬyud]YmdLZ<$aE\0~sx-k?i|n|MGn`ծ/olYܙ5FK4P0\0 KiyG㷇_^iv#hIu2iiq1n- PG✟FZ&7ɽMzD5e,-Znٔ66jٟwZxcz-3sshqoetX:ɂk$4lW.G߈c|x&SS:Z\Z|E%@٘)`n1\0mr\'\0|$ѵx~HZ%L|\rۑk<yfKPxX((]ſE:Yt[?M\rQҴe:}o|;fPL\0ox\nŨ7\Z:sxx=S#\\O@j{,Io][(\n\'t]xgF|EK/Qn4fuKӬipЭ\'mg˙qvZ?k}r◇3\\/\Z\r\"τl\' d2ژ㻺ifᇜ%Ҽ5aj\Z՝\ZI\Zmk(?3lj;\n@/\Z<u?|EƌZon56p5QŰ9ωOy?t\Z9ie6Pdڡ{ff$Ky5\0wk_2\\k/8-c0y0Qڹs?so@n\0V^sŤ?֕Cc\0G\0\0EcXD1!T\0TW3>S7/<}*_?M\'\0@YМPx3WEܑۡ&^ks	/s? aC\'!y̼t\0gPe<mkF1ɐCy͋ΙwCwo6ʺ@+m|ߌ9|_fKW:WO0\nn\rؚYmov,2z%ğPڇ^mU|J-է[kӬǬkbK*97hS\n\\wK^IxW\"FXfdP#UnH>X\\IsLn<@!I\"*J\06}+E)ԊCN5]I+9ks\0	\0	+E%Ɖiqp̅ad8ݻp|8~6;?\0aMxj>:{\\^_7S@E$1\ZN m()K3nXT}{\0VGMoMt^_?,<Ꮑ\0ixK&M7MDů5ޖ>HF:Ś<ov?>3x+z\rjt{iDLSݯ1nJM-gsFgl6qI5fHb{rL_Lt/J?n\Z/-v?;WB~^/}/\"ƚ5VE|l-#̸XU-Χoߏڟ<Kx`^jvӋO0*Bd}%3Ey,\Z<>Y\0CiuCNd@Flu?Z~z\"%8tM5o=Q]QE\0QE\0QE\0ORxIռ9ufh!uHYG\'+־+\\^\Z8~Zx<T=U_\rih\"-ĮYI\'_uv7٣9;\0CS٣7 nP7Z8*4apܜTk=;>xC\0|\nrƥ3\0ߒ5O~}H<HT\Z{ ISA/<A[\0)~Oj\0b#B8\0?lf>|n^xTfO&\"9#,`7&,RY۹QڄH<~C2~A_3@bA\\[s!|EϔJ\0\0ٻX]@{xζ\0Do-\"yAiJ۔g²\0f{_>Ӣ5cΣ~\\xrPX5\rNv>ϧ_ξO\r\Zs\\ӊ7uwӾ7%˫k[О\0|!\0	Ǆ?,K9?mDqd\0gmLnk;P:MĿ:iVW2\"]s&as\Zp@>\"|f/N4?h<Ksyq\'xUDFq8D/YFğO?x_4_A%~jv:z~,ۇk)h͉\'G>>f|:EH~mjmflVp.giDyi\0溽w_|/mKžӴ]:=^kۭRmᲐ;( HNz\Z	#MFn\0j!?\rBc<\rh-yYMqI(WOZcKI\"׮-|G6uq$O;Y/E$1on __>hN>	> XYws:V%9,oSq?tZ$Vēog@ʌWld~\\rT3h/7߅7u|B펕{smi圻qZڦZYT\rj~OƏZ\';V8c~MmL{^h\0|sPտuu\'#VWNψm?\0g䁰Gկ\0\0Csd..f4d]V@\"6YT \0i\'<_C|DƌXb֟Ft\ZSgw	@	\rH_E~\0_\0e/\n|:ԭ.#Ҵqa}k]Ya]w*~U(\0O\Z~=\Z{^\nڮ3LMҾۦ	rRl%\n)[+᷍<?\0N?~+:mjV7ku{\r&$Ү\ry\'\0~?|]]v1ִo\r\\j}\ZAHl{,+r%a/%}Q7%WD/MocHZ+O6:mtݛ܅\0z\0\Zu_!7+x#Y!\\T:|zmbbrfPcf6V׃n\r\'_t_8O˟\'V4t{c̒XgmؔIAy+,??/|Wu|5_\\[xW%ǋ%ڽڥޝcY]]3KmM2\0\08T5uEQW\Z&m\',I\0a[%^-˴\Z\"\"\0\0~CuxkjvvIu_Xז*eGꖰ Ǚ8Z?Hm>7|\07<+w=Bm&KM:8J&@ڥhۼ́\'_	[x\0[cOGc⍯Cv\0ы/V*5KWbKa`i#	){Y𥧌;O|3{>ym4Z@\'<pfc*F֛T\0m?\nho4~ŚQi3Om2,p\\v7ô\Z/\0G|\r\0\r\'W#K}o}Œng\rQ^Ws,DX;*Ⱦ#Y@4N<}X|4MKU4tȎL%[yy<\0~9ֿm}xM<;%%.6fX!cīGpw\0\Z]3NtM[R]N6a9ۤˑωFYH̍@Xz|x_:x}vHu<O!}2Y.44^@jecnN2m:\0(\0\0MgWK]vc.n? RW#XɬJ\0WT\0Ikԭ^\0^?u\'\0OcXD1!T\0TW3>S7/<}*_?M\'\0@9_Ý[s\"m\'w>je;_%4<P9{OO:12; cE=+;HM+j׿U#daXsvbo\njiqv7A[yd{UoWVc^-;ne!nAk~0ZEmEyj0ri![<,9x5||en?Z\"N]Ų.gA ʰ#q@uu+4]Wlw{wz6ҵxB۹O@7]|en4[R*$kp*KΜp3Vo9XNֳCvid8cͷʻ16@gh\rב}ise6ysѶ|\rV⯋\0\\?4,Faرo-s	N\n(\n(\n(\n(\n(\n(\n(\n+Sڀu6n\Z0b|ẏ=kЫ\rG_OumOb*tC\0}_P~6p7Hf6c5IPI\0KWt4=.<kX(qm\0d=kfAH\0KPz0)`jRotC7s*tH<~5+w9=I@3@bA/}ϔJ\0?~I\0Vv04\'0x4%Aŀ@=Z;w0?x\0xP/^p~p0B+j:(9^׭<3M{{2m\0;~Mp?,#3pB\0όձsÚiƕ\nj~WN#He	>\nMt](I)lm;tFU5:Vׯ3Ɵ:{sM]>\r9&T$2sKUo&xa*u{7OYO]NV2DgKLj@!YAʭvX>?|/Ӯu߰êꖚ5y2KLIug$|	\']G_M;@]?ں֟qτa y1KK\n5GCV|q.Ꮕگ;M#>*ڥv[,\'q?QvёE~hػiQB~gxqSPլ5ם	vQ\rna^O)^Sƽo^j$}4}[Iok|3_9\\^asRMn6fK.\0me!(CW\0KWƟV|LL𽞁#4vmFvhykki>Ԍ!a	^m\'\0-GJz|SkvWZoAqwulde@.![\0XegteŅ\ZnoOcr|3V؇_<=vukn/h3xD]Eմ^$+8ey\0:©b\09_\0~˞:/?x\0R9mLu&\r;/2\\?QIcķ:<5z}6mOs(+$\'b`TU\0g>\".u|?HnԵ_\Zލmf{HG4RFD^@Wnx/>6oeKI&{(6U{_sϡ\\z^tsOX/=4l`x*0\r=Y/7?EZދhbIk\Z[hr$|kpC` _w\rJEf#7Lj;S2nL$FH*=\n37Wi=\\Z4\Z<{m\'ŶitR2vlF! g8_̠(w>.oD|x8\0.^^mv#\'O\0ItPhf̄s0%C!q&{/+{Qnc1?#pBҀ%Ϸ\0\09#~\07MEgnG_j\0/sc6c\r$>Ծe&Fb^Q10~ܞߧ\0\n\0G!\0f?ڊq4xX):rёk9:Wygx	_x}տfIτ3Ϭ|1/to./d	>\r;6\ZkcK(êZt/\0߀^. \0|&h\0&n\\cP\n7_/j{w-yRktߡ(O6nR\n\0h\0-3\0??#u_7W\"<6ڜ}Q]O&%CfnUb/$h3dmCi>aXMKCK[P52S	ߺ	}a}ޕiZW\rV=疡ЍϵH-W\0Kx;/\0&0|iggZ4z>-@/ϦiWIo_.E]<h\r#!>#?~\'|uֵ=]~<\0nJ5kf\"	%#kﴇhCO!8~!Go	ixLݥ1Y@4L#́7<\Z94;O3/e?ٮnt#cEo.H`z_IAO?>0W{X5{AekZڜZBMj1\'\'Ҭi\'\0Ʃ0\Z>x^ᇽO&kΔMsggh:ZsDb;bZ\n	iw7𕝝M=}qA\Z@U\0IK|).YoWvwq,Oo$sFu`e _$tKF?.5ٖzԺƫ|n,T$EEjʖ6S46_Obǚ$\Zm~)z,;ТhLLĺ^6b:\0ﵽ[MJ,ڎI%O,^6\0uV*X$t.Ʒ^]xO}[ÐBld_DGQ*H(!\'3R9O4}n~;x||%Un6^m+(v\Z6r	\0_G✟FZ&7ɽMzD5e,-Znٔ6 Vl\na/CCm.jU\"Imn$\r\"I(+)+O~\0#ޙoj\05]kuK>.?.vb|+ڳgD֢/!xL/1[]r`$71ˡQ:gyhxG\"j53h:mm<qͤYi^$\r	F-@O_	tͿë}?&A+cHtwR}m)WȎ~Vɩh\ntoh\Z}k?=֕M\r^p$TIPB\\\"#?fO6xIk>*>):Ӽ)iȵJG\"y\"P0	G|.O_n-m&|EZ|2\0l>`a7SU`L>f(l&@>>:~ \Z.UҤ&d2ɷr`@¿4u7p}K-w!|gbö\0ox\nŨ7\Z:sxx=S#\\O@j{,Io][?m\nq۝^QhN<p`\"$Ңøڤg!h?Wi\Z6þ#քgNҵIK$8d! (6k>xĺ\\Wwe8&+kibA*y~_k~׺<uX|F1h<>	S93[,k{vefh$s\0Z8]\\hJ%vSm@w\rs@\0\n[)xg\0p5~\0	(\"%`CmD\"*U@P\0\0+Ϳg˕_L\0OQ6?5C.??\05!8/CK?TVw%\0X爛ڀy\'PjO?t|~?٩>!ĿqGojRC{/\0o\'\0O~@ll!\0v.??\0559oK?PVo88?Y4#?wv.G}[,a<K7	xn_Sz\0?ca?+ElfqD./!?E59o\0q__t$t-dؿ1K\r[Qv8	+~!GXmz=3PC5I7tEo~Os9UeާWEx7<_?i%\ZEǁZ\rӡ`,2;78L<nFi.%֓6}}4tId}I5(x.eG=fLżB7*QN?>!	/Ë-bQxk%O~.̺S48F#ts+\">\0|:ck^4z:KR}m*5ekXg3y HvK3&(+ǵ|Miw3}缽{;/n./I2@#C(R	J\n4\0\0	2jzM+MHqڋi%[}\'1Yhs䰐44WQ>cx[#POSUOx-8!dR\"F`0*3~H/M5ޅk+F0闖ڧ|&Uh	Ո\\H#\0\"A\0\rKk\\]jŤIU5Ǿ[Sxm\0M\r3?4:yl\r*QAI 0-}u\r,	Y#`\"I\n E|?Α\0HocIjĚť0Wn\0yHLc;-W\ncxO$_\\gY<9o6.\r$vF[SdaNNp\0>Uk\07*4knSCZm6[\"aZtLd>XS]}EL[x!ծ<C\n:eA#ksyQ蕝0h\'V<=vw?_Gдi6-WN\"e iW7JH,cI+nO߆^61I֯}_4ztV2iH9#2UGQ\0XX\0+P6}Zx~W:}a&;CSƉsfʓl{IpYk\'G,\\\\x^2|1izLwV_m}JAo4(yW	`W_#iU8WYxEǃ?CޮT{aov=bU#3ԿnB/\Zx?˭}tTvřJd1Pk?U?Z\'~c>?xyԟה|Bg\0g,`kZk1[)-W8$WWot%M\0<	sc6c\r$>Ծe&Fb^Q10~ܞߧ\0\n\0ON]?V1]c8sr9?7o\0]m7o]N)䳾ޯ2啔RھkaëiW6k)<2Ӯy=,kuyySO	fs7o\0v\0Q\0\Z|\\.}	\0I(ٍ\0Q?bg3}s\0%\03\07o\0v\0Q\0\Za\0\0\0E?ԏ=?(g\0{LWKg\0n?\0cG&\0>\05q?e|\0jl߱`%7f}˞y&\0>\04n?\0c^\';f7F\\\0w0ϋ\0\0\0Qy&\0>\04n?\0c^;?o\0R?\\8\0wBo\0\0=\0L=yG?g?ʿ_<v\0Q\0\Z?7o\0O7K?/.o>4[4kqq؆\0H7Z\\D<K#u\0\0~\"úLvvXy-ܵOi!H\ZL\0f`g3=s\0%\03/v\0Q\0\Z?7o\0J\0w\0\\\0l\\H\0YsxQy&\0>\04n?\0c^?a\n\0\\0x	\"S}fgؿ-\0<=(g\0{LWKg\0n?\0cG&\0>\05~þ.6c\0ge\0?\0.(g\0{LWKg\0n?\0cG&\0>\05þ.s\0#ec@|\\d+\0\0Ys?ڏg3=s\0%\03\07o\0v\0Q\0\Z|\\.}	\0I(ٍ\0Q?bg3=s\0%\03\07o\0?d뙮>hrGp\ZB7SאxG&֓VN\\\ZzM$ʂ^3|J_v-m x-lk\Z)!GN\n1TM,-\0\\io$(OŝV\0fԞ/8RS}C~MxO^.	\0TOjD63f8\"CK\\(\0j+k%sJ7q	q~hG~,\\04Y\"xc\"oj>!ĿqGoj\0i2_obIyFfs(Ӛ\0|M\0~u\0.O~$AWca\0.W&ZĖټi7ߟ-qh{&\0V~m\0׋j#G76,$ô1l:ִ/k\ZoYџ%6\0z\0WxмG$r)WFԫy܊-l\rYۤ0>#(\"\"Cj8\07\0\n[-@,,?h)c̏vU|7nq]X9O$rm6%p6_h8@Ũ,eum2)]$L\"<M\0~x~\r_B˶}7ɼnM	dn5@Dh{&\0V~m\0P>\0/շ\0G7\0,\0OxмG$r)WFԫy܊rU<J\0x>}nbmZSFG8$~&\0\r[ފ\0#G7\0h{&\0V~wex?ƙ\'8g\"-I3$`\r^@@t\0h{&\0V~!\0^Z@Z~ xb`ƩXwܹ-	=^6\rwm}epA$rPÃ_E~3|d?:owP\\<t/<91OhC4KĄ\0o3K0&/q\0<\0\0q	q~j_\'\0¢E/<D>.\0 \0*_3@bA/}\0X\0?\03^V\0ɴO\0GQ\0Y뻳9#f؊1ZQ,`EQUt\n0WumMUfCU?{\\XJ[s8$:b)Ǜ?7[izeH[[.#=ݘrkV)V+EǍ^y:ω-?gA$0RX猚ݠ_\0_ٓCյxNt2\'zjWoge$5bK<r/\"nʪuVt-S~/i\ZUwh!VwrCo/comXyy R@:\n(\n+k\0.w\0ٶίgZ`DkɖhdΑ|.PH,3|F>&\0>\r.X+-O\0o:W>!|4\'cWwᇁ|awj2k{G\\{k(%im<Ō`*rGloKǭ\\_ϧKN-u5V&[=7\r(A@6|Ws*M;YP.<)kj\Z56-ż,q+!o2=׼gY?}?:ޯLG8\\b鲵ƨٕ`iB*\0=\Z^\Zе\rJkfn懶6pՄPę5yW?oO~%j%Wf77#mKNZ.Y8>iΠd\r<>.IxMu-Ś5lc,?dGDVY#BG>Շtx2(K2C\nmPݽ33y%<m;\nQP:ɭxMBUf<sܥ+D{%t8WGm{_ƕ~&kwymsLRZݣG2#,K$NT@y\0$X\0ĿzF6-boØп$%;\0j\0\0zMCc\0G\0\0TVv04\'0x4*BOͪ\rS??*JrXoLX\rժ\rJ\\~A\0mj>;tw5)u߈~1_4{aoxVҭhwE2F\n#c)\0j\'k91ieȖi%!<@\0R\0f\0?W|7\0~?[as\'O-oa3/od$Hfwlxxwx^Khie4X0q@s?so_2x\nE\Zl|GE\"\0W񖗡\'-5llDiJZJ6Tg籮{?F}OƯuN}@#-,Ō\0\Z\0_\0{IHXx_J	;dm\"\"R:\Z¿uCd^$nRZd0/#i\n\0}p8?Mg_E^OR	MM!r\0gj-x^*ww^1-ҭ5-&[x|G6H	7ތ)hx	4UCcmԂɭKmdLIkѰqco	ngYE#S>LFr1@ςnh.,|KkEbJo5$RD|hErZi7z?4ۏK6^$|Cy6~uؠX.$$.etFS?m@G\0Dj4OM;hdYE\"^-vo2ImDdu[\0\rTtMgQԠHȱEJ[hNgi%FfvE@CQ@_Mψ\Z|sa3LkxS/.|:e \'{)EjL#;]S	iuMԼuqxJE!נPmddA\0+|V}_i:Bh\Z\\63H>4+;/*\0~F$zޅwFo+\"In},}^E\0|%/ᯄsKOĚOz-i%q$\\H>JƬ-#Go\r/Z`hִQ~R:5Hd1iײ(W#-/TP\0{/#?h\ZF{XxnK%WVmJ)\'OȪ\"Ň;\'\0NĚut]k\Z|dI%Z-aH(O|/\0^\'ux~ŚEqeqreL\nW|7bh|+\0a>GomGIރs\"𖏦sYjd9id#ݴ1	/_	j_h?é&ћD^\rnxg,Bɹ&(\0/Ox<[Qe?d|Eh[)Rk5ݗIQ0e\\WPZ/Oh<-kxo43%>v2[J\n1ʭ=jnui?d\"љI5T	s:N\076WTPζ/MOi\Z$:ǆ5cU7חa*Kp!A\0+uOӿ\0+?~%ث$jV0-bu%\0\\?soSUKb!A8Ϸ\0\0\'?hOI\0\\EgcBsG9ABXoLX\rը[\0\0\rF\0 \0*C2~A_3@bAn\0R\0f*+;\Zb?q\Z\0?!\'sO\0w|%9,`7&,Rc.n? RPGA\06U5T,f\"*_(\0\0R\0f\0?TVv04\'0x4%Aŀ@=Z???\rc~.ԼxjΙ]k^\Z:խxrHt2=g-T;\0b\r~1\0xwǺum2uk%FͳϸiTPp`H|1῅߱~E\0|\'o^kVz]İw2*QP+ټ5\rloχ<1\0ݠ37Mn-FQP\0?\03G}\r	18\0JjT\0;0)`jRotC7s(\0 \0*_3@bA/}\0X\0?\03BBOͪ+;\Zb?q\Z} bE l@\0\0\0@j5\0\\TW0,b~Vb#B8u\r\0]\0C4g\0QYМPx\0!	?65Oӿ\0)cy1`\"6V5+O1spA?.j?򩪥	c1F qR\0g\0@\0]\0C4\'$\0iڢ9#,`7&,R|s\0EO^\04߂<Y\0n%ߑ2k}cBL\'={[Q-ƛwQZF6mP;qzm|gv;m\0a`bTSIv[%bKk+t&m#lѰlmwӌg7Oa<2pecttQmy~%\0	m\0\0UO\0\0mBYtw].*(?.@\094\"n$TM\\{i0W c\r\0Q\0	m\0\'?0??=g_mGȴ|N} nᝀqcyo?1UW\0GOEsvo*Lo?m\0|7\0G63?a\0\\&7ݶ\0\0\r\0QOn`tW1\0	m\0\0Tcc?_ۘ=cyo?1UW\0GO^=5\0ŏ3xsO}oEZjf8A8;AһLo?m\0|7\0G&7ݶ\0\0\00\0?\0/P֖6V(-\n8oW\0\"n\0a_V\0U=o-\0]N@ԚHYdQhYsr0|FU\03\raq+\0T{MQ\0|\0ͿEqc!? j/`K B1 ;Ku\r\0]\0C4g\0QYМPxnc1?#pBҥ3\0ߒ5lfqDڗ̸\0P\0\0Vva?~;xKQ\'!y\0Eټ\0Xd??U?\0ȥxeڀ54xWSt[\'lKg#b;Fq$ם~~]]_ZRhWQ}-=y${q^EnT<6\Z>MzۿC+ߎ/ k/:ݝ7W1鶑̷?hvCp-dFéozbMNݬ[x7{^a\rQaugogmoMG\"Iۚy\rr}eIlt4UL$IrI?MXS_△in4߄z-A񍿊<e&ľ=o^X\\2`rL|gH+]k3O,JRI\"]K{mZ\"IDn_>)E\0~y\r׼S2Zڍkÿ-9nuKM`6as;-dm7H~Ҷk_7Ok\0=\0eoi>ǅ.o\"t;-_T773Xw\\򈮢6=XO%]8>#A[k?\r<=ைw,2,5[J+KHZHb:[FDYv_ž|Ŗǅ44B-UV67w09KVfp#:n(\0ߎ?ֿ	<Gꖾ\'A}ݥ~v2Ig2C)`M;ҿe\0>TxK|?_I%kG$h\'_:F|1\"zQ@xOo\0\r+ZK?RVyi|7/ILKƧiBX)gÿOߋ,Kn|Mk-ީb\0C|\"Y%#werۢMgl>1[oᮻx3UamƱ\0ZzJORK٭$C,ı@nrZSxCEԭ⯌:gn<W;صٮ4/Ú1I!iiK6([c|\0Ϗ?Oo/߇_xK&Lo5=>MJQ\nۖHH⾶S+׌_<K7|^Kx`Y7WO6qwMJw=iqu)`$K_jS%ᐼh&ޅ;dz?@!xumC\0Լ|,W.\\͠ocg(8b2*`YY٪%?h/]ZEχux<Ҧ)ftY$PNл%yl\'eW`d\0>̦x<PFH?כ~ϐ_7 q\0!\0l5߳J>D\0	?y.s\0!fO&s	/K\\(\0j+7Bq_\0 [ڠԭ^\0^?u\'N?ۤYعaoj\rIn\0u\'4\0ÍsgKLWWmo	xe~n.<̿QfO&73F~\Zu\ZKX1j*74sYz1].??\04O~}Kwtϗ/8^yoj,q	q~hG~,\\04|d|fo	}B</+OZ}M5}Ѷc;@=e7M/iKKu˿^\\\\*HƸc\0~c]A\0Xq~@ll!\0v<?<=߆[XALqRǅo>ti$Ҵ}͸ڮ2s9Ö-i	m<\'\\H A^w/mV_mb=5iǗSjouNߟ\n!qeǞּ;4OUҭh6RJ\0h|<5/,|w5φbuc[!m-/my<A!by#b-.c]:kmߎSx}lRD?w#@v~N|4\0hKM;OOiKD/\"8yeH8ˢ[I_\0z΃^?Gxo<W.k\\XDfhżz)(ſcOgOx\'^\05o-iZ,ryz4{rѲ#3	/ExÚ5=AľQ}rw+ox~#xG^ǆ--uy+;\"oaemn4$G& IE@0\nxoƧK,?5_#	\'WGe	r\ZYioAOwwkD*ǦdofZAsdgL7r\ZJh|U+jZ_jr	[qi.y1*0JbC[D\ZO>!M>\ZawԠkKӆ}ə)%hy2(9y\0[|5OZLw~A_Y{;{)7j\'Da;Hvo/*קxEOǈMrXw[ŤWgȾA)F2HҴZ6/h<Kj?\n[ME.mͬnr\Zp+FC`jj?Js\0ix7ڎe?.+q,$I\0hfQck4k?PO?.tm/7am~tw<͟\'i3S}\Z__?źSk@5&]B\"FQhʻXZ!{MF0i%Ʋ݇0sy>wo\0	^k7xw[be{+6-5&bI=PS\0Yue|v$,xQ|!eK|TZOpӮ\nl(_%|gÏZx{Y4].o:޻u%}NI\r\ZPDL*GbD۳꺏ᾧ_IxMke+2\0YQ|4ڜvǢ%Ĥ\Z~\0\\|6񯈵o|jO^:aoۛ9-t\r-\\5ޕ<N]\0s[ϊzmKͯ-S햳ecn|9{aU1< ȪBfo\0i+/H[X&Y#){緺~i;\0oD-<g{|}&,:έ61^KW5̊#`\0:^y\rߎ</W.b4z5-F⹵71ɘ4?>$~ԟ\r</Ox;Λ3+J~VPT\nyj\n1(Ư~ x2o\ZBPmjxL2#l\"32Ȓ*0gܬ[ܯ\0Լ\'<p.ѵ4I}n^zqo6-6Fʂb@hU]\0sxgOw>!ğ\rV IiEb E$oh?ioګsᇁ5,.ax\\\0_03i:,6[X.;<31 \no_~)]ZF>~څ?fI΍sE)q\0dg^8\"x׉!߇#fV|̚-Jak_Tx`𖝨Xm(\0zDBQbat>$I|/5ϋ>:]V]Q>n\"u\rNO.q\rcc!:e^ĢX!0,PRrBbZ\n~Z/v2x)mB{\nR{&{$7Ry@̑[_:q!1D<Pk?U?Z+w9=I\\a\0&+]S\0I%Ryۧ8I\0Onc1?#pBҥ3\0ߒ5lfqDڗ̸\0P\0\0Vva?~->_y彨y\'١Ir<qnh?)̇3>S7/<}(y3_?xy[/sc6c\r$>fO&s	/K\\(\0j+7Bq_\0 [ڠԭ^\0^?u\'N?ۤYعaoj\rIn\0u\'4=ϔJ\0?~I\0W91Oj_2yC\0O\0@Y۹QڄH<~G!\0fy\'@qf|	?d߉\rDo> SWսaⴒ{u@%T	53>S7/<}+\0z\0om%{+?~&vI`t{\0*A63f8\"C\0Kg\0$\0j+;w0?x\0xTe&y\'٠->_y彪\rJNneR{TOŝV\0fԞ/8R@ۺ|O~\07ME~@ll!\0v.??\04O~}Kwtϗ/8^yoj,q	q~hG~,\\04\0\\[s!|EϔJ.:Ï~V\0f͘cd/ٟ~&\0(RG!\0fH<~5+w9=IS?wv.G}[Ryۧ8I\0Onc1?#pBҥ3\0ߒ5lfqDڗ̸\0P\0\0Vva?~->_y彨y\'١Ir<qnh?)̇x\0H.>jbOy\0dx{]A\0Xq~@ll!\0vZtMٙUNy*+ow?S\0۩>d\'>f_z?緵}#\\(\0j+7Bq_\0;9?p9\'%P6]~-m=Z$1+\0]_G?wv.G}[Ryۧ8Iژa\0h	[\0\\-쮸\0\0w?S\0۫͘cd/q\0<\0\0S?p7A\0iKH\0\Zg#\'7Xh博9\"wGs$o\0zkyOq	q~k¿o\Z|:\0;xV?mua$vW7S$Wp0ɭh&0g/d\0>b%r.56oM\nDoK{o̘v\\1}\rq\0h-\0.bW\\js5k?xR{:,\0Pi-VRiUX$_w91Oh\0;Gf\0\0S \0}O%|̿\n$ojG̸\0P\0\0Vo88?Y4jb\0N}5\0}d\0|?^\0˯OKAD<\0e}ߑ?ky\'PjO?t|~?٣S?p=\\>wKإڟ\0o\nu}~@ll!\0v.??\04jb\0N}oI5\\\\٫0{@×p:wk|7{_\nYEYYApƁpqӟ\\I$j!8/COŝV\0fb*w+40ԨRAqnh?)̇3>S7/<}(y3_?xy[/sc6c\r$>&fO&s	/K\\(\0j+7Bq_\0\0\\f/9FJ;R\0n\0\0\\TgBc-%\0fڧX_ٯh	uKQQi?eWkҬԟ\0?~\'\0أ\0,xƖФ$\Z29;X6hlnMUU플<WSهVwriwK	ۘ2[\0g+ʿa\\3\rO^*\rN?>b,/<iNQQ-=Zt0O:Q뫿oסO5_u}:/u[}U]m2΁D np=i!\Zy/^\r֦ml+cj8\r_?iSJׇ\r\'IVW^uˤX.>+	&vU\0@џߍs_Qxb¿S׷>M\"E[N6ǌ\Z<5ۇᆇ~]cxZ궒/BGnX.䃜by7\"\0>3𧆬t⵽u{{8lC#Gu f/Ǌ\rK\0m~6.$4\\-\0ƆLZGgL\nM7w\0]澷l#*ZɡC\Z]$1+L2\n{nG0\\id<)IXAsHB2R9#`F?|5lzo/tKgdS5K[H&-$eL#1ApUNU[W+-᧓ck]4ƥqekms$rA8H2yaY1n|h(տ	\087:]/5\"tPHI[|lP0EPڗᖝ\r	͢RkgK]M>APj_OM7[-tsMХt/ⴆy:M4An*qC_%=Ǿ!ִY<3x:M&_MZ],s\"[TF[lee85ğٳJ(	j\Zo5kVf-\"b\0~+GoNK/ڧ*h4NV/ن|-ؙÝͳP\0\ZO<&ngMIiZ\0g	ZZHT_-w6?c:7|gYW?$>mKS6].!=)ܥ*+Å߅IK\'υ-<gxؼgmumit=B??s5U}6ڤX={E\0h^8%🁼xmbVta5]GiAvᄎyu?	\0lώ)ᨴ/zMoZeWFe[\\#~O{!S;|M:-<y/k61i\r)첺Z±C*n&#(-G~?|i}/\0?i֍*æ\\zscojV(ZXO.$bF|a\0۩|Ot\\ho5o(n.tK٣\nD};m\0w[?mWƭK\Z[fxgN]׆fR{-7ڍ#6rq8Nrد/{Zh75}&{^֮YEի\r*X%PJ(wꚵ?\Z\'~6Ѿ3m{=\'\0%:\\y\0=o(O!+#j~/E䶴t\ZG@$Yg_4EpH5/ۄ^\'~Q5w?/RKHc)K< P<awtj^uYO\'3\Z,pbH+{8 l5\";&xW#weI/i\ZA;UY	%`\0>SxS[vot+!,̪	b6uZfoŏ\n-+\0iZozNnd6W8*ܰ_h\01G-f2\'(ε}AqקW_JK\0\0`\0Vz+	/?9_kJ\0R\0f)ۤ;/>տ٨uj;.Y9)/={VBOͪ\rS??*J\0?\n׏rZGŗ^%[_\ZP+L6é۰r\0\0\0kÿlVO0EE}2BqWd}ވ<nE=@~=ri/4&ۤ;/>տ٫?OtПj\0qBfB_4_됵e(ÛIGojQ\0|\0Ϳ\0p_t$_߱X˟i,[3F?kZS>cP?>ho);OoRjϑ\0Wz+⿊\0Swௌ-i?-jrkrYizM-6;Fi%a|Z$̒[K\'Ou]/N{\ZC4z[<$	$8er\\Mn}3E|Ug\0s<M_(uSº|G6G4x%xVXD&FV/v\0U<%ƹ&ԡ[k-lž߱#әÉ2|/{_\0%<[;f657HRK\r\"g*\Z]_?>~)kZx]{ji⳴qi,b=J7XUO/!o>ĺG\0l.]:kX&u0IL<@.//V	|).tNJX_Ŗڂ6F]Ǥ!mФH\0\' W¿Xo\'\0|3Ak^0vQ_/+e97(wGF{ß>=~~N|!Լq]5--5\ZH͵͓lVb۔Wf\0F(\0jxvž񿅴}:]z\"ݴg~?1^o\ry([BL_~:$ečV+k入O\\$}VTP\"k3lb\0=ʊ~*v>?um\0Q__,}\"Ox]2O15Rcn[\0N\0/\0>+g\Zǌ5)|!eE=\"M,V76Q,\"{DNJ\0n(((??~%ث$j:/y`v]sk(\0R>^z_\0Y\0b\0g\0_\0EI@_됵e(ÛIGoj_?y\0r\05>\0 \0*3lV^sŤ?К?n?_V\0fX\0?\03BBOͨƹ		\0IB3\rm%ݫ?\0\0\ZGA\06Tܼ\09\\a?%<ZKiT6?Ot4!teQ\05Be9\'6e jOI\0\\A\0_\0EI@_됵e(ÛIGoj_?y\0r\05>\0 \0*3lV^sŤ?К?n?_V\0fX\0?\03BBOͨ?kx\rكN{gTEيh>˥c:]ɼ&Wl\r!#]X6^r9v\0v/\n\0(x\0L\0 \0*\0v^MEgBc-%\0f\'?hkC(\0I}[Q֡{圓YGq׵i\'$\0iڠ?N\0\0Zaaͤ/ܼ\09Q\0|\0ͿM@z+	/?9_hMrHv^}/W,ԟ\0?!\'sON\\yĄ\0Ǥoh!kQ6˟\0\0\rF\0 \0*\0v^MEgBc-%\0f\'?hkC(\0I}[Q֡{圓YGq׵i\'$\0iڠ?N\0\0Zaaͤ/ܼ\09Q\0|\0ͿM@z+	/?9_hMrHv^}/W,ԟ\0?!\'sON\\yĄ\0Ǥoh!kQ6˟\0\0\rF\0 \0*\0v^MEgBc-%\0f\'?hkC(\0I}[Q֡{圓YGq׵i\'$\0iڠ?N\0\0Zaaͤ/ܼ\09Q\0|\0ͿM@z+	/?9_hMrHv^}/W,ԟ\0?!\'sO៰mO7mWPׯ-RGtFdVik!zEo1,`\0\\f/9FJ;\\_I1#E\0,<_MvK]Σ\ZͿ\'uVz\0 \0*\0v^MEgBc-%\0f\'?hkC(\0I}[Q֡{圓YGq׵i\'$\0iڠ?N\0\0Zaaͤ/ܼ\09Q\0|\0ͿM@z+	/?9_hMrHv^}/W,ԟ\0?!\'sON\\yĄ\0Ǥoh!kQ6˟\0\0\rF\0 \0*\0v^MEgBc-%\0f\'?h+b!A8Ϸ\0\0u򟑸!yR\0o?\0rƸڮ~\'b(	j$aG]O~}a4NI^g\0zU?$%L$4:g$+&c,`VA,gTΖ;\ZJiNZ\n\0?9Dn52X,d42Bg;fX]#⴮oV\Z\\\\hƃ^NfF%&FH~y|*诛<O\0L]]Ҽ7oޝ<zĺwYZg{i\ZʿU\ZG>+~&~j:ֹs_ŦKiM~ZHiqlcFŊhӨ>6\0X<Gl.MtxX3i\ZׯMPEiQ<ӀbWh%T<w:ĭ;K\rޠZǃo|gc6pejRirLۙ>z\0OO~\0隆yc^^g0yMolRn&?Rχ>$<3z͉[*Z]wqXE;\\451\0io	xRM񞉩j\Z][MNy򶳂h\'*On~þa\Zv\\\Z\\q]0tGd~XH@>V\0|3Qǂ_:Hk~,\'cn5HKe]:\\*GBpMZo_OG¯\Zsƚ寋G&4aE$p1Y4{a*b\\(\0~\0_P_\raӾ^/-X|M[Z^yr4LBm<tՌ`(/D\'<YӤi& W|ܶI\0$:-љyEH4WߴğcZxςzy	\0k}?Taa\0gIҕ7Jf2M½\\L|Em;8n҂I}{5g2\\kqe)v)Iyg E|\0GIx^s\0	o\0𴵍2MxYJXmhaqsv;,Qw|ڏmDX[.7v]ZݦUHWWt*FUr\0f\0\no&_9\0OSפכ~ϐ_7 q\0!\0l\0TVv04\'0x5/ٟ~&\0(@XoLX\rժ\rJ\\~A [ڠԭ^\0^?u\'\0p\0+}K<M<v{FPzRG0dp?u^o\0<!\0|k@V7]CWПfO&\"9#,`7&,RY۹QڄH<~C2~A_3@bA\\[s!|EϔJ\0\0f6\rcJukuOo?Ē7WSgAý~SYoBC+Ċ0|o:Ot[Ms^( S(E@U\0\0\0\0`U\0NC\0C\'os\0ӻpZ|E|/f[C|\04KGhݯ7e?2;Kq=^Tf&o_[YSu\r^V-\'XVUeCNC\0C\'os\0\0	߈d7\rE\0z/)uxZneiԚκDo7kr%Ieg;wJbmj\rJ/뷣J-{/Z1g|\r\0	߈d7\r?;&\0\0@A|`~|}n<_h|Cd\\\r2y,E\ngTMv7\0\0|q{]n]?zFgs]E\0\Zz\rRkiIcw<sKgj6%»Uyϋw<M\0{.NC\0C\'os\0x\ny$ڌ>{3I-~#xUK[m溆koKKfI!6V\0b5]?Lfb/6lm}%H݊>5y%7]|\0	߈d7\r?;&\0\0@/\'¯kv>+du׈_kSiIiy[=̍BGE J`IP:Zׇ<+=ܰIBCUR6đFT(NC\0C\'os\0\0	߈d7\r\0m#	93IIܞNn|)iax_2AdW=oO0WK73h׍VKk[5=CHdX,nodMJurN+?;&\0\0G\'~!\07\0[	n+;w֞!OSZ/okKV1UaTȮg͵|1i\0ڦ~bM,wM;$jHD/767\0	߈d7\r?;&\0\0@jQ_\0w<M\0{.NC\0C\'os\0ڔWO\0\0o\0tS\0_7J$b\0tx|K\0.>?~%ث$jV0-bu%|]:u[s^)SXFBe A _hV/t\0sp{/ڀ\',f\"*_*+w[)>/ٟ~&\0`hNa(?hK\rɋzva?~->_y彨\0f̄s0%C!q&{/+{Qnc1?#pBҀ%Ϸ\0\09#~\07MEgnG_j\0} bE lPjV0-bu%N/^pnO7={b!A8Ϸ\0\0u򟑸!yR\0o?\0rƄH<HQgnG_j [ڀ<\0~߲\0?:ZjO<\08+e~`G<b!A8c\nI\\\0ok>!7Z]!<۩8s*gu򟑸!y@\0g\0QYМPxԿfO&s	/\0	cy1`\"6V5+O1spA?Kwtϗ/8^yojRq{SxԞ=	c1F qR\0g\0Q_ۺ|O~\07M\0EgcBsG9ABXoLX\rըs	/	n\0ny-@Ō4.d ,f\"(q4Cx[ڋw[)>/}\r	18Kg\0$\0j+;w0?x\0xP\00)`jRotC7s*tH<~5+w9=I@3@bA/}ϔJ\0?~I\0Vv04\'0x4%Aŀ@=Z;w0?x\0xP/^p\0\\XAbB9Zb!A8⋋wANd=u򟑸!y@\0g\0QYМPxԿfO&s	/\0	cy1`\"6V5+O1spA?Kwtϗ/8^yojRq{SxԞ=	c1F qR\0g\0Q_ۺ|O~\07M\0EgcBsG9ABXoLX\rըs	/	n\0ny-@\0ݳzp~Q\0^0%C!qy\0C\0,,~.%^@vCKwo/lf>|n^xP\0TVv04\'0x5/ٟ~&\0(@XoLX\rժ\rJ\\~A [ڠԭ^\0^?u\'\0OcXD1!T\0TW3>S7/<}*_?M\'\0@YМPxЖ0)`j,(B[ۤ|qy{Pqc!? j/`K B1 .-M9^>Vc~F珥\0Ko\0<!\0EgcBsG9AR\0o?\'?@>\0_l$H}?ݩ|ˏ?MExc0ļbaR=&\0O!8/Cp[\0;)ZpYE/<D>~wj߳O$Zj\0~\'|<OZ\'{Bԙ,4FGu=\n|\0n>:ԵbAdA>V=zv8eXA{D&~|4\0]x7kJѢRl?37K]q<8/!v-[۾>~ů2Ҽkh4Un>Z6]WB>76O(s	#ox7N-\";DH&~o5YdK\nf:\0`V_n+7\']άȒFsCk&%mK烼:_huس*tq[x\0>\Z.597}y}p\\[,Q5j-b&Pۈo/\0~+CÞ/uψj/pl4Mm6K3m6$܌\"[S\06\0;ƭGHeˤZvX[:wkk{BX\0Gi#PU<KO#2i?.n$6<ӺǪ_lx&Dgp/5@,R碀<O>	oZ[;_\Zx|X^@wgٴSŏ\"#/]h&ӣ\\Fl[$	*\'~g$σw6\rzgtkoqHt/Ouhdwds|8~&:\'_\0E$?gKHuD;+H%VDpOՔP|t\0|IMjOw\nZĶI{$\\_Ip巽jYd<O(S\0\n-:φ?1~բ/\r,q4Vn\n\">mJ(Zg|`g\r?>+[[4~9\nBiDwyΝ2lyy\0k	,<yYS6ɤ2Ń#nN6F_>R\0>!A?F=V^}ƧmD)\\цic\0H`Tץ~ekSZMdѼ)ۻi4.@6:Fy)mрE\0߳J>D\0	?y.s\0!5߳ʯaq&\'(\ZPG!\0frzM\0~*+;XO\0sM@<\0nqgbyտ٨5\'~c>?xyԟxn_SzA^!7ڀ8o_xvj7>?=΃܇Sqj-q.yx~RG]|ˏ?Mxa_g}CKӯ/,\'UHWW>Sqwm^5nOI\0\0EfN#c\0x\0B<\0nqgbyտ٢ĿxP%?7{Ppf8~4_l$H}?ݢq/_#X1/(ØvP\0\0?~wWowMd}4T7bLI..v5ֱV6 UO\042x&Fo\r`2-hG\0i\'TZ­\n6WL]>̩vRG\0\nCZn:4q2@ݧ\'_UUˋ啞٣T\'\\`ɿm73y;Ȃ@&*\n:p<umS8d`Qlns@Um?i\0?Vƀ,Um?i\0?Vƀ,Um?i\0?Vƀ,Um?i\0?Vƀ,Um?i\0?Vƀ,Um?i\0?Vƀ,Um?i\0?Vƀ(|C\0\\\0}jk\0<\0ȍ7}v?޾}ZD*60ApEX>\0\0.\0 {\0	\'~c>?xyԟ\Zk&rsn0\0H2N\r}ϩ^!7ڀ\'yَ͌ 66HR\ZayF÷ҥrzM\0~(+7Bq_t;#>w%\0X爛ڄOHq/Q[ڀ΃1٢63f8\"CfxM\ZayF÷Ҁ%.??\05!8/CK?TVw%\0X爛ڀy\'PjO?t|~?٩>!ĿqGojRC{/\0o\'\0O~@ll!\0v.??\0559oK?PVo88?Y4#?wv.G}[,a<K7	xn_Sz\0y?_\0b=<k\\/\Z]Z3]<jH=q91Ok\0lӟ_φ7|@/gⴒ{e1HFb^Q10	|ˏ?MEfN#c\0x\0R=&\0O,\'9&Ir<\Z?1\0<OjtOHq/Q[ڠԯK?yI@߼l$H}?ݩ|ˏ?MExc0ļbaR=&\0O!8/COŝV\0f;XO\0sMB^\'ۤ8(\0Tޭ@A\0Xq~@ll!\0v3AļHO{Qxc0ļba@G!\0frzM\0~*+;XO\0sM@<\0nqgbyտ٨5\'~c>?xyԟxn_SzA^!7ڀ\'yَ͌ 66HR\ZayF÷ҥrzM\0~(+7Bq_t;#>w%\0X爛ڄOHq/Q[ڀ΃1٢63f8\"CfxM\ZayF÷Ҁ%.??\05!8/CK?TVw%\0X爛ڀy\'PjO?t|~?٩>!ĿqGojRC{/\0o\'\0O~@ll!\0v.??\0559oK?PVo88?Y4#?wv.G}[,a<K7	xn_Sz\0xGJt?7RZL\0!\\$s9|cIvnѕ\r{lfqD^OO<6@i:E&H#Ivg`83K0&/q\0<\0\0q	q~j_\'\0¢E/<D>\0#?wv.G}[Ryۧ8IN%?7{T\Z?x\'S)={͘cd/q\0<\0\0faL;}*_\'\0\"y\'١Ir<gx	_x}Ktս\0y3_?xy[/sc6c\r$>qxh8	\0Toj/faL;}(_2yC\0O\0QY\0Xd??ԿnOI\0Egx	_x}]GA\06U5T,f\"*_(\0\0R\0f\0\0i\0b\0wgcBsG9A\\Wg\n?co0Y-VMGQ.v>8&ܾ)U߆5\"mj/G$C	yqWWY\0|D}|3Fvo {\\\0O;u{~2jΠ妽|;\0;jNi};=Zya:rVxW/zg<Gxst/t^J&FK-cw͏ː8īF@	_\0w~\"࿈v	Ck,\rBv_/yJs^]	*m_em\"k{/x}[ii$edO=X6ό\06nW\0*\0g:c-@ő9|c\"ES\'3G|+∾jz\0	ޟ_6F.w?(j??Pm<a\0j	GhXxaGDC3>y##=q}7Lִsa^g:D\'n_-cU)p	o.g_K_{4i[ h!1Bv)?|5xDgxs>:]v[{u_9n--mm	.Qs>׋?/xQҥt;x7Z:ºEGTus\rA%t#h=?Wz牼Mail륿:ŭ^g{[}f%O4O\0>7/u=3ZXjڕ=[Im?naY#*W`U߇>(W:&moC{-P]: ծ峵k,)\"	c!WafP5r4\0h熮|KaS\0$WbȞ!L	5a:1Dh)/^\0;\'Xƫ`״J`]\"K%BI,sX\r\ZN㏈l[\rhboE:Dj&\"04I~`_pUo@zw&z&kg;;Z+9Pbt8JWO%JxE?m>Iգ\Z=e^LyREIw)<??`#\0,{x0Ŷڶl[fKEnCHʱٙ%kd\nn<M.{n֓rװ$:$X*o\'1\\J!_\0|\n|8I_5Ak{H4Q.~eg`CG\0G>2M>(\'_vJ<OK_\\]J}\\i[Hl-\\L\0?~01^ii<=ϠzFiowi43M<pg٭о\0X/x;N5;^:cԦ[k\r:QTH<\n`^Y]\0O_Ɵڽt?Qx᮵@?ǈ4 5X%t]B!%grr@U4(|;Y݇3?i6ڻEO^̈́&1ͺBs&ŏxWO{?On7;:y.5/OWK/͜}P\Z6%`;7)*uh_	~[[<QY/~ӻj3]ݷC;\0|+<-9~3k}>\"IyC2>S6^Hr\nO?,|x$^cxw+[>_ԢwKxݭY#،^	5s4W~|k\'`OҴim\'gY@-$UW_N߳?wz\0/o5-B&me,ѰF\0)X?mx?|!Z]\\x3m}[__=\rkdk``t-21/|(>^\\^cUѢs݋d{X;	IQXA e-^_F^$ͯ5+ŖZu:RD5jF#\\\Z+%4;+kŗ|Ao%U)/#S_#X8RH~ߴ/=kvr[LִE*ntJgE,ؐHPp%|Uּ/]x_FCiկ˳$c\',V6MޣOk|8kFilrZNnR&~)|J|AoßK4K!(|jW%+\ZPDyh>5^IxVXQ>O42.lUc\0G\0|<\02uؿ\0\"?\0~%۴چZڍ3rI(4X0inH9`iH\0D\0?T\ZiT5c=/ZHL.ЛY[|r`7xQ&(coz4XUGbc0v8\'~u>h\\%h\Z %~׵ѧ?zcO^v0,WLNӾplE*q{Y(\0\0R\0f\0?TVv04\'0x4%Aŀ@=Z%\0]o\0]j?,`Y1s!E	c1F q@|p5RN#~}ѺFl`Hg+~uAo\0<!\0EgcBsG9A^:j)GQQԌ/~u60)`jRotC7s+o#f_Q/nb#B8\0?c?՚_\01}GGѻ;\Zb?q\Z} bE lGS4bΏ1}G_w0,b~Vb#B8c?՚_O1}GG*+;\Zb?q\Z?:ȃY~ty?:K\rɋzAX~!9Ԕu?K/~u7cXD1!T\0QD/g\0_Qݝ\r	18	cy1`\"6Vc?՚_O1}GGѻh1\\A?+QcXD1!QD/g\'_Q}\r	18OAv|9;o:>{ʭй\03+S??*JrXoLX\rժ\rJ\\~A<k5\0\\TRb#B8\0?C,ԟ\0?!\'sO\r	18	cy1`\"6V	n[\0C\05\Z\0m+h1\\A?+QcXD1!PI\0\0?\0?`hNa(?hT\0?T\ZiT䱀H<HT\Z{ I@5\0\\TRb#B8\0?I\0\0B4mQYМPxЖ0)`j\0*u3?h[+,{{$1ݲV^\0>ʼI0|C~\"OQΩk⋰oc:ɽAe	\0HGJ`K B1 \0P\0?\03G}\r	18\0JjT\0;0)`jRotC7s(\0 \0*_3@bA/}\0X\0?\03BBOͪ+;\Zb?q\Z} bE l@\0\0\0@j5\0\\TW0,b~Vb#B8u\r\0]\0C4g\0QYМPx\0!	?65Oӿ\0)cy1`\"6V5+O1spA?.j?򩪥	c1F qR\0g\0@\0]\0C4\'$\0iڢ9#,`7&,R~\n5Ե;]kĺ\nY]5񶱪Z)*ʤ2yoz6 \0v3H?ysէ|2#%>$xTw-˩OO;x&ٌg,f\"(f͟5;<_떺lb\"[9<\0NoMxKkreEw&HxX܂&>xC\0|\nrƀ<gVz]:CkምY$zmJp`8\n1蟳q/@֭-1do\0MPFJX1aK\rɋz|8GcQ\0e^6K?*\0/Q\0|\0ͿMU/`K B1 ㊗>xC\0|\n\0,ԟ\0?!\'sO\r	18	cy1`\"6V->k?ۥc]OzjI񷻄$vW?so^#	xRSU5˧`*9\0Y݊cQֽb#B8u\r\0]\0C4g\0QYМPx\0!	?65Oӿ\0)cy1`\"6V5+O1spA?.j?򩪥	c1F qR\0g\0@\0]\0C4\'$\0iڢ9#,`7&,R-Q\0|\0ͿEqc!? j/`K B1 \0P\0?\03G}\r	18\03>S7/<}*_?M\'\0Q_l$H}?ݩ|ˏ?M\0EgnG_j?j~?}!ǄrY]!8/Cp[\0;)ZpYҨK⿎}$[ͪHХ܃v.w W?xQq}<OPsַXyNZ#˩aia_m/$zN\0v|}wEͯ?i.fη%-ˑ$v~7\0xֿê|5]7:D;EmJRfEnh0ma诃|y\0P񖙮Ƒx$X|,״\Z~b)<Cms[d\\M\Z,ې0\rnOL|.m|Ik}HYEkv@d:̶<{ĨH]Rv&P\0i?׈E(]|(6p\\ZC~,\Z^5M\"\r2#Dgt!ھ#%x.qc7b;-..uk&8?d6	dj+ۏ+h~zjw\Zg\r5q,:\06k\" &\0xg~)^geB[<IY.Tyb0|!\0ÿ!t~Qk>;/A_x(4hڋy\r`젘%ln(AN\0Vg\Z5ZEo%[Km.VR$xM2bp`VG\r9\0>K\0Mጺ=$V.*`\"˲gm\Z\0?%h>,}ZthzhVQ[A,ȾjH),A E~oWoߍZ>.\0i^[\rJidQ]^8P}\0d/%\']nRVm\ZuHS4R˴vh\0o/[[K­GDӵSBmK\'?xUnhYQZ0eI	?_\n\r;麷|Iŕ:\rWlj[\0(\0+ͿgX/͐IK\0\0Zo\"l\0ļ9\0\0lZ\0??M\'\0QY۹Qڥ.??\05!8/C\0	n\0ny-PjV/t\0sp{/ڧG~,\\05Oq?\0c~F珥Kg\0$\0j+͘cd/q\0<\0\0(B[ۤ|qy{QfN#c\0x\0B<\0nqgbyտ٠~Seoj/lf>|n^xQpf8~4_l$H}?ݠ	~\07MEgnG_j/=Rd4)(\0I ko{+cVIf;mVpk;S+iQW$ [ڠԭ^\0^?u\'|PF\0BW?ޙu5\0gɏ_2O_t\0e\0?lf>|n^xTfO&n\04JW?(?[\0?MO~}Kwtϗ/8^yoj(#B\"\0!_ROࠌ.\02鏽xa\02~Seoj/lf>|n^xWr\0A\ZG\0\">F\0!^\0<}\04JWxa\0G\0?~I\0Vva?~-\0B\0\0iA\0hPDA+I\0>e\0~#ķH<~5+w9=I_=/?\"#P1]~s=\0$2cW|\0SG^/k`\0>u򟑸!yR\0o?\nۺ\"+^\04\0xKР?m\0h\0#lG6va?~->_y彫8?ࠍ\n\0?37}I?ޅ\00g\0D|ھ\0>e\0~#ˋwANd=u򟑸!y_9\0i3\0wzG\nۺ\"+^\04e\0~#?M\'\0QY۹Qھv\0\n\0?\nL7ai	:$)yRW`\\#v%->_y彪\rJNneR{Vg6_4X}!5*0-a!>5<\0m_q\0fO@c~F珥Kg\0$\0j+͘cd/q\0<\0\0(B[ۤ|qy{QfN#c\0x\0B<\0nqgbyտ٠~Seoj/lf>|n^xQpf8~4_l$H}?ݠ	~\07MEgnG_j̸\0P\0\0Vo88?Y4\0%A/<A[\0)~OjIr<\Z?1\0<Oh{w[)>/ٟ~&\0sc6c\r$>Ծe&\"s	/	n\0ny-E!8/COŝV\0f<\n\'7ZpB\0\Zڽc~F珥y\0qzzx+\ZSokc<W0#b63f8\"C\0Kg\0$\0j+;w0?x\0xTe&y\'٠->_y彪\rJNneR{TOŝV\0fԞ/8R@ۺ|O~\07ME~@ll!\0v.??\04O~}Kwtϗ/8^yoj,q	q~hG~,\\04\0\\[s!|EϔJ.:Ï~V\0f͘cd/ٟ~&\0(RG!\0fH<~5+w9=IS?wv.G}[Ryۧ8I\0Onc1?#pBҥ3\0ߒ5x_G}RLmķ7b%,A\0\0o\Z<\'\0hs	/	n\0ny-\\ͧƿ$G*\n<>/ƿ?WQ\0!qջ>~\0~\0\0gIS_~mEiQt)Au-IXK?g>(moxD\ns$iE7kEW܁[1E|l?k!on<ObRskjVW3%\n[KG0)[{ícƯ=/CӒQmjy>cv<fO&s	/s|-\0CG\0s\rEi\0¿}:#\0M7º\0<\'iL֧H~ϫ\r>kw7dr^zoP+o?<M\n/g֍P7J.#>JEa}5mg=?jW_x][:\rw<0]L-Ṹ۝4i,Q9J??eofO=-{Q%cx+47j/Y	wFň W3>S7/<}*_?M\'\0\\|t𞡤oT36>Vv[	\0\Z\0l(\\Ə:\Z]x3Q)l[WK+)2#)*.2|V\Z,+B?NQD12<%ivYe@ۣu$3Ǆ4KúǂCWOj{qeKwqx><}nc1?#pBҾ+\0^|[9[֭t7W$IdZّGhcpH|>5YW#bzv\0?~I\0Vva?~{oha~5U\"?TxWX->_y彪\rJNneR{S4Mz/4ovMor$,8esS\'~c>?xyԟ3>S7/<}*_?M\'\0Q_l$H}?ݩ|ˏ?M\0EgnG_j [ڋ7Bq_t;#>\0&{/+{Qnc1?#pBҋ΃1٢63f8\"C\0Kg\0$\0j+;w0?x\0xTe&y\'٠/Zaaͤ/ܼ\09Q\0|\0ͿM@z+	/?9_ku&_?sYx*I\0\0\0ڷM:@+cMM`[Kݽ=kM7B7ipT.]HdcYInOۗ?浯ݯkǀmKŗ0j,mv_d3v((Tcc߉\07ï?źͪ?~\rykavmR^LY<oC\0X\0K߂ڌ^\Zo-5[g&:]IU*eBv&\0V\\J/]YQV]zKf,Lo?h\0ځ	@\n*\r\"(üC\0GMt5K\r*=BvWu1`/4ksIф1*ݧւ4rqMNW6{Iuh\rR{V0	\n\0f٨_G7k6>+K;?PCY[6ԙn_$3.aص\0q|\"xR\rIaqַ	s{\ro.g8&5\nr>{\0ߊzNRJ/59,2$E\Z+*S\0;>ζz^1XvæydDe+4spI7<|Bሯm<CNτwt4M^\0K6<CAÿv<B9=Kÿ\r4O	:ej+	YM\"b58h0\0og|aj5|ykMe_X\\ͪ}qo2Mo$GL+<c0c>_xFԬui<Kw_IAM\"4?(z(~xMehmQgxaXAmB@\"FXME\0QE\0W\0#ᖳ[emeZ kӫg%z%\0\0w?۰r\0\0\0j+=ri/5P\0?\03@\\qGzK:X,?唃I?!\'sO\0w|%\0EB3\rm%ݩ`\0\0mj\0ͳ!XOy\0x\0BkC(\0I}[c\0G\0	\0!	?6\nw\Z&h>K$\'=%EX6^r9v\0v\\\0\0\0@j5\0\\P~05KqD+C$k*`N=TzW_|~Z$:\rM\Zo[m1ZI#S搭.8㌷}[{\0!\03L?Zmδ5jv\0eWӴ/W#q<pjh:e$޿$|tנV&|?Hy`qÜy9Ǖڸ/[<Guws}j:d\\?3os$Qne$֖q2%_NX$ɃK,`ze(\0k}q=ͷ_D4R4RI\"1VU\0W+#֩oO1Vm\0~#yKq .kMF-\nWRFy-BlpO˵K_VoZ_|TԵ^fӯL|Ly2H`^&xn]/gn|}yzWΑKyx#V\0D`\0?46ޟ\0Wv<|O׈&>}RSiyw1s?Ro\n\0>xW<uMEaMt!8#ry88?	U\'D5mVZӭشUn-E7B#<NC\0lG>&Y0w{˫_xwvڕĉ!mоTȊ|RFY\0L\r|wOO\\6sxJ_(Qq1M,Bc\r0F\\5<Zk׹<\'wӧc>~vohru&qugC\r_-<6r@;NxϳWɿ	\0zÿ\"/SxDX|9{YŨ3q}Ųfk*ʫ\0ɉ%%]տ+\n(\n(\n(\n(8/\0Veu^j6wrZX@\r\r\0t#|vүot:Q\n;>2qѷ?\n>$\nw~\"UǺ᷀#NG,\"_2\Zܶ֧g6>iᑮZ֒$iȪLA!WzW:/y`v]sk(\0R>^z\0{\0n+}S??*J[;w>*m)߱X6^r9v\0v݃/\0S?򩫄3lV^sŤ?К?n?_V\0fX\0?\03BBOͨƹ		\0IB3\rm%ݫ?\0\0\ZGA\06Tܼ\09\\a?%<ZKiT6?Ot4!teQ\05Be9\'6e jOI\0\\A\0_\0EI@_됵e(ÛIGoj_?y\0r\05>\0 \0*3lV^sŤ?К?n?_V\0fX\0?\03BBOͨञ.\0>~8WzfxĿCiv0I^O]EIG=ٯZaaͤg~/ÒA|s_!,Iuk	d<2rQzƣ\0 \0*\0v^MEgBc-%\0f\'?hkC(\0I}[Q֡{圓YGq׵i\'$\0iڠ?N\0\0Zaaͤ/ܼ\09Q\0|\0ͿM@z+	/?9_hMrHv^}/W,ԟ\0?!\'sON\\yĄ\0Ǥoh!kQ6˟\0\0\rF\0 \0*\0v^MEgBc-%\0f\'?hkC(\0I}[Q֡{圓YGq׵i\'$\0iڠ?N\0\0>2|L~+kڞj2ٚt\"(ʷATԖ s?ш߇l#%Cz}ξwd\0~#o1Oӑ_hhBwn/?EZ+ݴ\0L|??Þ9\rj{8kE\"YUCHsLWc\\7]Jkڟs>IW#uŹ?ω1xQao\0FM+VԌ:1ZlH&<a!cIJu#֑k\r	Pk\0X=Z>,(O\\hwzw۬!W4|k\0[\rP~j8oj7:I޾-g3$,X+Ξ>Q\ZzyC.~㏊oz[ԣ^4&7GcytcyCh `|k\n4\"J~Y-tZ5-ngtgz{y0\03+\0DO\rǁ/fԡ\\aIyV3[q`;\0\0?_\0/C\"е_U⯊^)?jZ}-KA^`eoHR)lo<q}P	7i\0DOEtui4u\",O\r.k?_ W~}s\">.xkK5.noz֗456;{$\ZdIc!^ vfRTi\runmk*R+\n(qs\r,F,U_\"js3*$AZԴ5:{Kkk)ca`A5wo\ZIx~A.#._LEj#N7Mn\Zr+83ًeßdp<aeyl{Wۃ#0#$dwuj;.Y9)/={WxS6=+MS??*JLaU]g</go_됵e(ÛIGoj_?y\0r\05>\0 \0*S3lV^sŤ?К?n?_V\0fX\0?\03BBOͨƹ		\0IB3\rm%ݫ?\0\0\ZGA\06Tܼ\09\\a?%<ZKiT6?OtW0%C!qKo\0<!\0Enc1?#pBҥ3\0ߒ4\r	18p]+4NQHg;w0?x\0xWUi<%\0J\0	ָgw|mF󑿢\"?$ b4kȮRwC㡯k}gO緸BFu<EexᾋLkM+(O]\nMV<z~&y1jT-o}*\0M|;i4\0g\'LnԴXcDOg)HLx|V{Ş\Z?,;@|Cyq\ZjsbXH,@GgfؒzF\0M|fưx\'}Z:0h?&p\'U9`K\0\0R-?ïnƠZic̆6d,y(̤Hs>^\'įZw/|+V3ssw6u-ս2@zH0}JoQ\03(AvVi۾BU1ʶ;b3XHo\n~|i=~4k9lm{xHgd	, #@&u1|8=2xFNnY$7VRoIeYOY;@<{kথc[wwݭKY`&CAl-7l|(~_GW_zW|=5w׉d֥{k\\\"5ȓyJ߯/¿^\'7jxz7(]\"kk(%WY3PN#P7>t/FJkK;eo%!$\n\0gú\0<	:Z<[xh>|kwzCqywmej~\Zvj	-|4FYXI\n%j٣^#կ<oxVkj+]HٚՒ˷xt\nsp%P2GY|^|oyf{cmt(y7y>w;I#~?4Gv<\rׂcH|?2vh㕦-Ʊ\\@+|c#=wVnú/B\rRg3vLr~H>3<MⷋA|,kD7*7ۨ<h.<Ngx\"̱_fd?<G[|9<:.t%q9gs-u	ñWATdX\0R7?/\ZEE^\n\0o|h\n]>5_M&|\r𶩦j2}uycVGKpI<c{uǌ:_>\"]|_=kGO7X`	c﯌O9c?\n9c-JE,h-`L6p#`T`\0ɭgzP?q[Ju+*9d>ly!,#3\0\0n/7z]\Zo\0xjpi־O-c+ܷGl$?_?u_~?EXk:ԭ5;{{-F:2DCX$leAk-Ğ4]2) -\"9-#D*M\0\01J~V q\08\0g76sw#:h$8hDIUb2,o(uҞ3w!ͨi?`4i72mgHwyld8U#G3:~*xO/ֵ\0~u]4m~;A%`ZOZ@O\n˿	ZYhY-[AcZnR^[TM4K+ᘓ9W0h:4\Zme\Zj0Ay1M(]$~l\0r/+!ȉ|{}|n:[Yv]IuDR^\\KHEhm/&k:5/_Wck]P\rwaku8IZwrA#ȷj^UX4:PivǤe0!\rڼ֥T\0!vG?oػƭ?\r+𿉾!Ϧ\"4-u{\']w*1Q@G?|djlfVc=R\r\\[1LFҰ\0gX~4/\0	?N?\Z^&oggV֖,0CH@\n\0\0\0ڼ|a\0\0Ŀ(\r_gCϷ\0\09#~\07MEgnG_j\0} bE lPjV0-bu%N/^pnO7={b!A8Ϸ\0\0u򟑸!yR\0o?\0rƄH<HQgnG_j [ڀh1\\A?+QcXD1!Qqnh?)̇3>S7/<}(?k?/k	%\"RA m<ۑ?~1\0&3^~?e\0⪟\0@MW\nKҳݽk{|ÎWqj:pbը]HQq1$>\0\0\0~1\0&3^oLY6|Fz\\v\0h\r4b83UUG%GzQ|x>?ZU]f\r4vEWRKw{HTH752QRR漋?d?~1\0&3G0_!	\0_\nehoh1h\r޹I/PĭGF4p熼Eok\Z4;sn!Ұ>{l[k;E&,!$k?_x_?~1\0&3G0_!	\0o~=Am\0_\\}*]+iV%\')oB\nv\0TwixLבKki=mc2V%(|wG`l?_x_\00_!	\0\0xg\0g\05Z\no\03<S_\Zi.v=nitֿifkD/α!+AG_V5/`wXvDcFthO?#pOg\03c\0A\0L\0f`\0C??\0^/\0~Nվ7Ul/=iV0>Bům02u/)ĺ޻.)|4֫&yh\ZS:^3tMb6C(???=/?\0h\0<3\03\0~A\"|oЬ9:׉|C\n:-K}Oңf̎c-@<%OsJ\Z|Yo\\Xx^״=\"n/u\rFY嶸yТ;`8?e/`\0C??\0/?\0k/_\0\0~5\0n\0@Y]wwi4-r4r.egkSF<I\0Itſ\'ĿxU%<7{(,uHӭԀZ\04l?_x_\00_!	\0\0xg\0g\05~$3o-<:ڟ!&yaj\Z.|,`I\ZX\Z넊fsO:1.L_O;\0x¾+X5-fQKM6n#1H%1gdqo3g\0\0 \0\'\0o0_!	\0\0xg\0g\05~߶<WFl%Z!yw,0Ki$9Xlylм,xBg\03`\0C??\0/?\0k(???<Pcu;D=2D#KeN+ͩX~!9ԕh1?joG)]^\rv:?>YTgJ)ASD0%C!qKo\0<!\0Enc1?#pBҥ3\0ߒ5\r	18	cy1`\"6V\'?@>%A/<\00,b~Vb#B8~Seoj/lf>|n^xP\0TVv04\'0x5/ٟ~&\0(@XoLX\rժ\rJ\\~A [ڠԭ^\0^?u\'\0OcXD1!T\0TW3>S7/<}*_?M\'\0@YМPxЖ0)`j,(B[ۤ|qy{P~ٟ\0d߉\r.l߈>5K	WU䪴0%C!qx?N@\0fзwM=H$]єr;s^nc1?#pBҀ%Ϸ\0\09#~\07MEgnG_j\0} bE lPjV0-bu%N/^pnO7={b!A8Ϸ\0\0u򟑸!yR\0o?\0rƄH<HQgnG_j [ڀh1\\A?+QcXD1!Qqnh?)̇3>S7/<}(_*+;\Zb?q\Z\0?~I\0Vva?~,`7&,Rc.n? RTn\0ny-PjV/t\0sp{/ڀ?9;6\"l^ss/h7s;㌻ xAq_.#;ٰ2O$\\k\r;q\r0fO>\0wOqtʒ4c}Z]fx(ʼ%.[OO~}u-g֯ux#Q&QX/nvqһ1}G_W\rN͟1}GX>0ikZi:,ss_%j)%v[5ד$DKdjEVj=\rSZg_Q~~\Z4}J%ӵ[i,.WΊE( # ~QGS՚kU6~`>zw|7hErpԒORI\'[bξӟao7Ũv>m\ne!&P啡ˣ(kXPq2(\\EQ+(!\Z/~uMX_\r%hi^hi*Aq9#\ZOB\0Vi;?=bοI~<~>\0amm;astF}ܟ/v\0  \0Vi;>~ty?:k_<=vukn/h3xD]Eմ^$+8ey\0:©b\09\\/_P|/^1mKQi 7M4sE$mEv?:ȃY_Q/?~g[7:=+{{#DI\0,\\?܍m1([r*C)5~sT߉lu/n}lֺśη.ݍ2q\"Bnc?՚_ώ>W`u0GҾԬ`[?Jiqƞ2GU^v\0ݍuڕ?\'*%m,{~8Jn]OcXD1!T\0TW3>S7/<}*_?M\'\0\\Gq\r	18	cy1`\"6V\'?@>%A/<\00,b~Vb#B8~Seoj/lf>|n^xP\0TVv04\'0x5/ٟ~&\0(@lfqDڗ̸\0P\0\0W3K0&/ۓo\0@Y\0Xd??U?\0ȥxeڻ;XO\0sM\\Wv4NN|%}gI-dSL)XnWFܬ=A{ot\r2ϣ+m<s;=^y+C|S[m>E%eqs=Lۢ]iE\\0a{97(s[V\0[\0+G/߳QE5\n.e#xNPeHҊ~Do\"Kx\"?zπS^լ~ |0\'-|9%7i|rY.cCb=s]8+Ogcڃ񇆼Cῂie\'V\Z|g_HPRK{YTi0BA7]|D$|L7-1FFfy6qr\0W&{xGo5|tҾ%\Z\"2kZzNhT;7B1c\Z\"I5%L |k\0~Ǌum3RoXi͌L7,nlDYB\0>ݑ\rЃ_g)E̟\0z\'OG\0Ѿ\0?寓n|ѹIڗ.&7[{[}E|05[q٥y\rQ1ZlP$SGW\\9g{xbx|\r/!DfF`ͱw~Ǽ\0\Z)j!g|tkmaak?۶\r3N;5\\\'/?i5~1\Z^QOk/h\ZA,ڄ, a^~7?i/k<\r\\lOoAiijo;\"y$IHUNh\Z+࿄^}Y`Mj~+kOV&{}xWXn\Z;<REȬYntek!~5Ffڣ_؊0]G3__a_YxT7x^2y{oG#gyzEb1	I\0Kw5\no\nQvo$v\Z$WWU(¨QE\0߳J>D\0	?y.s\0!5߳ʯaq&\'(\ZPG!\0frzM\0~*+;XO\0sM@<\0nqgbyտ٨5\'~c>?xyԟxn_SzA^!7ڀ\'yَ͌ 66HR\ZayF÷ҥrzM\0~(+7Bq_t;#>w%\0X爛ڄOHq/Q[ڀ΃1٢63f8\"CfxM\ZayF÷Ҁ8)z\"J\\jµ0,⿇klbdݷpe%qVO?5N~de\0&+h<6*<v~M5)U9sٜo7\0߁uֽJl$R760B: ;Ov~$&W\r\rw*hך<6q%vӸXXݨ3/	IѴ_K;E{Y/4\"++\rnby$yR`ѺQ3YK+ox\0ǺƯw-ǈu!Y-&|hdL`JM}IE\0|y\0nǳ_xxx_#G}CP Ko-^5%p\"&#&|M&]U/1é\'qi^\rn^DȋD]\r}QE\0|(/k\'!Z{E-صlbTN@\';/_t/\n]6qqx;F\ZY\n9fڪcQ::(,~;nਟ<u>oe]Z:Zpul\'ß\n|y|yo0fkH-!-m4V u]\'pi-5WmqHE\0xO?`_$Oc\Z͞ih:zEl3Y[K*FIRh>W>0WMKkQ%կdn4UX\"KhH(R<<jZO3(\n?1_x)ugе58h\ZXGilJs.%n~@3\0/?XͿqz>ޤ*Ȧm)wh?r<\'?ϋ׼\'wuucg}ө2`ǐcr\" #Gn%G7<Uxi<agԭh60%x<|;U8elE\0x7ÿ|;ૄ5;z߉-I:DF\"$^ TEeTh\n(<AiF\0WA>ƻIn\0u\'5h3jo?>~\0gWc^!7ڀ\'yَ͌ 66HR\ZayF÷ҥrzM\0~(+7Bq_t;#>w%\0X爛ڄOHq/Q[ڀ΃1٢63f8\"CfxM\ZayF÷Ҁ%.??\05!8/CK?TVw%\0X爛ڀy\'PjO?t|~?٩>!ĿqGojRC{/\0o\'\0O~@ll!\0v.??\0559oK?PVo88?Y4#?wv.G}[,a<K7	xn_Sz\0y\0sO?=3=ZwG\Z}K{Mꤦpp+/sc6c\r$>׀Z.O%\'u=faL;}(_2yC\0O\0QY\0Xd??ԿnOI\0Egx	_x}\0G~,\\05Oq?/KoV5+7pO\0R{P91Oj_2yC\0O\0Q_#X1/(ØvTnOI\0\0EfN#c\0x\0B<\0nqgbyտ٢ĿxP%?7{Ppf8~4_l$H}?ݢq/_#X1/(ØvPe&y\'٩~ܞߧ\0\nĿxP\0?ۤYعaoj\rIn\0u\'5:^\'ۤ8(\0TޭPjWot%M\0<pӿ?cZn<F6QY߲ɼ=?k{/(&\"?n\0k?\rU\0*\nk8j,ħ	mkMŷ].LqS	aͧ_\0~yx.$4N-fմ:;u\0ǹ{Ÿh\\cW	Y;°i\0m-|U|?yt,+5\'\0gK%;A$Ihh?\">:?ya\Z凍-|C⛭Vb7	YA_-NiHm^4;d]\"ugR_%/~$ͨ%!$y.[_\'M=}cڬEo\ndq E\\N\0IjIbYduWGYXd0=A9ٟ)o;^k(d6^i\Zg^LUk?a/ OK<[-7w4CP45<,%.ߥvVPq[ (@\Z\0\n?6\0h\0\'7ρ_5._Mhviw[ľ>/1i1)eH[y.aiD{ee\"v=~\n\\-߆|	\\i;{h\\b0YwPׅ+\rZW\0KxR[yqd]tXAk\0~`uƋOVo~+ܰU̲XiLQ1,Y?;\0g\'ֿ}ɬV>]fºi}QۥӬfcBI7K\0w>\0:<uCkB_\0¥׆s{M(?{\"\0w?_/eܹ\0?QIcķ:<5z}6mOs(+$\'bj\0G{	\0-|gEG0D\0ܳF6\r=#\0d%G\"ta`x <c~\0M>eoo\ZxcÖ0̢ռ^	#vB@3\0ǐkֻ}Y{14\0Xӭx[]?OUyT}(ȸnvWW\0`\0oΒC,`_A@>$|8\0Ø\0nƺIn\0u\'5ƞy^<\0nƺJ\rļ\\甞=lfqDڗ̸\0P\0\0W3K0&/ۓo\0@Y\0Xd??Џ?ۤYعaohE/<D>%}C~M\0\\<t/<91OhC4KĄ\0o3K0&/q\0<\0\0q	q~j_\'\0¢E/<D>.\0 \0*_3@bA/}\0X\0?\03^V\0ɴO\0GQ\0Y뻳9#f؊1ZQ,I\ZV#*xvȱdH!S]GelLQgv8\nRMAk~$Ӓ;y>}dbf@szd\\ď~<7Ԗ>m;.InmIlD,)9Q[*D\rskO	1-\Zΰ5{i2Z%\\Oˉea v\nej?Nۿ>vɧh_,LP`wJEym߃>&0M\rmJ9fD$	7lσ3?4\r_[]\\X?YOqn̳!I#RB0hУh噦A)oXw\'zԶ[Q\"Ejj\0\0+R2e\'_	3i=zK7/1y\'͋v83S_ྒྷ_ï\nX.uYŬB2[<(M,%Oz=+~\ru\r(hڕlՑH%UH<W@_xKFaŽod{-DzHʹ \0l4}.Cm6HH\"NO5b=xMֻ[xYOe/X-3$aArFEfy>{Ķ2v֫Yh.>Z$AL\0uUMg]j64V-īebbufu$P\r&j^I)Sr:A\nNRnvTɆ\"7FV4>\ZFZssu,-<NFڃE¨\n\rSg_oۜ\\gb|3o>]wthsHGڌ7p%	SⲼH;u{<{M߮y]no IN1ph\'Yiztka@Щ$E\Z(UPO<\0:\0Lg\"\ry.\'{v<yec[TPEP^s=+?f/ѫͿgX~4/\0	?N?\Z@P\0?\03G}\r	18\0JjT\0;0)`jRotC7s(\0 \0*_3@bA/}\0X\0?\03BBOͪ+;\Zb?q\Z} bE l@\0\0\0@j5\0\\TW0,b~Vb#B8+\'_\05O\0=V|Yqi]i6׍.	Rc#okP|GPR4C\0	T*Ut_z:d*.G(Fu1UG{q?eك~?gfCifʃUyV|*\ZcIW~ۿſ\'|\'6?5ZZ]y\\I`#d3ەfXHPk߄|OkQ[xWVk2Z?:&8t!чUu!T	V6.ŮK>{xQoNpI9ɱ\"b5T#94UهJ0.i$k.T7\'8Y|3=~K,?A[ivSI\Zhȇ̺q\0y\'ώẜjw[DCkt,āC9Qj~яa}\0\0ڟ5+=CY<?xCJdCsmY4ҖGfigdPVc*I0~^\nx>\rwvI,?PYcley;rnTm\nɱ?(?~_\r|Kҵ\r	A{XSPK\Zނob1q\Z7b|Uڐn/>;>\r\"?\0Ǥ-mX%(LzbFݼ]x῎%}\0h_/.uBoD\Z<p͉C\"ٱp?e/K\r\03xP\r<o/߅(Pe\0xOoC>2gҤ͈eGḴ}jM4M3/~,qH.BԈ31\0߳ҷ/\0O\0D?-ı\0}ۿ߿ݿᆡ4M/[xM|E..	V7eY	H2\0gk/ǉ?/n?)f\0\0f(_R+U|3\'sjZ/\"[ӭ!}AlEllCTyfQ쵨_Cbx\ZF˟웫Ky^)I\"w,y5}k%|>ax:-g/=2}sj1^9ܳr$$Wd/\nᏆ\roOnoI;>d.,g		l\r\0|/O_	y_{>]Y0%hD\n#`ue]#wxWë--.$VEGC׬[\07<	)ǅ|Iw)a>]x|Ɉ4˳k4f%I3#0b\0hG<Ai0,FPK>a:\r\0jɿ3\0u_Csj\nled_FR\'\0ףW#--d:Eˋ#ܻ\'egB\0\0(\0(\0(9\0\'M/t+k?N\0\0\'AGǅtn\\/YRotC7s(\0 \0*_3@bA/}\0X\0?\03BBOͪ+;\Zb?q\Z} bE l@\0\0\0@j5\0\\TW0,b~Vb#B8u\r\0]\0C4g\0QYМPx\0!	?65Oӿ\0)cy1`\"6V5+O1spA?.j?򩪥	c1F qR\0g\0@\0]\0C4\'$\0iڢ9#,`7&,R~_π?\0/zG$\Z73^\0i[<\08+č|^\0>ʼO\nIS\0o\ri/Civ6mUpĹ2Ԋ{b!A8-6?Oto\0<!\0EgcBsG9A@$\0iڠ?N\0\0%Aŀ@=ZԬ`[?J\0\0>ʦ0%C!qKo\0<!\0\0?OtПjrƄH<HP?\0\0\ZGA\06UŌ4.d ,f\"(Cc\0G\0\0TVv04\'0x4*BOͪ\rS??*JrXoLX\rժ\rJ\\~A#hm?#:azYf?WAோ>04֎]?R|m>O\06mjn-gQ&Ui#A<Wu<MMtv6ϕ9=HlpAt){<^#m\ZT)IߞM\0}v:F\ZhڦkO~	}ďUovjꗩmmpV/F˸8l	wBѼIo	h\Zr1ioku5J$vB9f\0)ߵwo|YÚ·6~-ڛi:~jhic%®Vy=c~*-3OVxiGq&%s>BXOc$sN$	%FpϑI9\\\0So_ƭoO/躋BNl^t<r$]w2@ꬠ67yr~\0\'+ᾪ+7cHּ7뺝\rj[\06#.75&wPkz=z/uM6[kMR1vۢx4Os3p?L\0?/<,฼/\"f\ZcF#c$`\r\0_Y~sQ>+5ҤH`=RYDY8*c$9?xk6jڐi14[nv`n=+O&6Ei\'j`S\n$V$a\0fx~kZ^_xU\\CqlpBVm[kE}wttCswmëCt붍>s\\@~=~)\'cZށ:Ɵ\0::$gy,cծ16#{-͍Bز.٥\0aJ|)қᮿSO55{ +YZ-n5<劁|sί2_jNׂ4\ZI<\"[v*h\\|M1w_\0zos⩟ok.L\Z;i`˳eC..U;_om?~&U/t_\Zx]zw-[nXx!dPu(\0NWώώ$YjԴkQҵ{_14;#I!]WO\\4o&%gǟ/<6&׭5[XK\\r&<h4g18TOkW¿~9xkzm7]a2}E\\(W%_0Ǚ<|;59.nF\\KWR\r+g{䀬	S7|p\0FY|o{Rfώ0D1ip5؎0R\"I\0GR2IE/7_<E߈>!uiA!m26p/o(PTH3d]GOO\'s|;1hiGS[}Z,/\'5I#q_io/]?M+3&}oa5D01HD<`\0}	1/{W-5֯ΚtOInЕ1	H߈I2%w|,aJ|JNsxI:kwiq\\DdPK}U|Y\0|[\Z|uc n<Epoo࣪\\5z%d`f	$)W>vgsj:rK.Ug7\nHxJ	M/\'^:<7amN}Rn<=t<6Qn6+xBa>1}E粃ƾ6-fBqcO O3r=E\'\07i_\'Zw^\0vziT~ƞ>* \0ݍuڕ{ I@5\0\\TRb#B8\0?I\0\0B4mQYМPxЖ0)`j\0ut?Q\0>ʢf̄s0%C!q\0[lԟ\0>xC\0|\nrƀw[)>/ٟ~&\0sc6c\r$>Ծe&\"s	/p\\?f߾Z9,tG!\0fofW~#Zo=ׅE,Ӂ\0u=_u9<?oweX\'޹\\0B3~U$k˧xZvRp?w#~T\0^\0wjI(W	ΣJJ!.yrzu3f.rSJ7u涷/H0xOz<uȺLMbC@[ma^\"0=ǈt=9\'otG|qxov{o6EKXKi,ǁCfO\0᪼\0A{\0?᪼\0A{\0=sڻe2hwzxcZ\'fx3AnZ	Hcsѱ\\U<!Ꮝ/ƋI|04qbin&o\"U.dq#w}I\0\rU_\0\0Q\0\rU_\0\0P9__\0?ީ2n/<9WbRL}R||\0\'|~(|2n\067-]\0Mnmm-nEImeQl\"\0/Ww\0ƨ\0/Ww\0ƨ\\3@Ǿ<>\'xF}7CׇmY&k9yOEi$2ƓW-Iֿh8w_	<E	\0	t)öT{%D^hBBXX\0\rU_\0\0Q\0\rU_\0\0P\'\r7Ʊ7\0|1g}hw\r-P˶.oJJ~Y-m%W.?dI\"\']v}OIpjɨzj闾s?X-+Cr˸\0\rU_\0\0Q\0\rU_\0\0P|Ft>\na.$fck2Yq&Q{7m[tf\\,j~l_xG\'HD>!}Fk\\4w!u\'!o?/_ik^x H.Vh%I~IcGSِүUx?+\0T?>&hOğ>)Þ7WbLЬڕ޵wie1$Ї[,{TV%~K?\Z4>G<k;C<#75]mu,i7\'jmi~]2I%!g.SpvGz~п\r|JP7es6v)9I\01crA@#\r\0z^\0\n\0^\0\n\0\0z^\0\n\0^\0\n\0\0zyy\0	?~P\ZSUx?+\0U_t^Fm~f*ڵ䱶22g@g\0$\0j+;w0?x\0xTe&y\'٠->_y彪\rJNneR{TOŝV\0fԞ/8R@ۺ|O~\07ME~@ll!\0v.??\04O~}Kwtϗ/8^yoj,q	q~hG~,\\04\0\\[s!|EϔJ.:Ï~V\0f͘cd_d\0UJ~#(ވW\'`?>֮4Nm*ū_79\n25N;s*9~X\0wW?m_|1y>MOڼM;ZꈮHØԂr{c8#5\n|kEn\r>=\nZql%m՛yϹQ(:ZkFOUgt>\n\'w(7K+ˍRᡔim16)n-_o^9|9SE,`4]#O[S7-+Ο$(㆗I\'㯌HiaxFottY3O<Fĩ+S7_	ş\'-<P񞭫ͪJ/.&eN[{C-5ö$[rݴW=>\r~>*>*h\ZxSNΛoz	B<DM|\0??qqX|Mw\Z,SǱjwVdm.n~tw%(o$д/duO_)tjMgk\rayC\'\nLQ-~ؾ99X\Z\0ğ_g?<KwxRjK+Bƾtk$!*E\\n`k_7KÿߏxT?u<UV-cĺElM\rwB$h8u(~x/oQ!ߊﴘ5nKmu)HLE>iӄG2-E~^㏁\0\"_xwQxg/BU.Aa#Ag k{$1MАǵ^⏃\r\\Ҿ x\0\nÿ5	-n}C\ZfDȊ\rJ>!kX1\0~E\0QE\0QEFOڛ8\0WAs]nO7=ZEcQs\0/zϱRyۧ8I\0Onc1?#pBҥ3\0ߒ5lfqDڗ̸\0P\0\0Vva?~->_y彨y\'١Ir<qnh?)̇3>S7/<}(y3_?xy[/sc6c\r$>fO&s	/K\\(\0j+7Bq_\0 [ڠԭ^\0^?u\'N?ۤYعaoj\rIn\0u\'4=ϔJ\0?~I\0W91Oj_2yC\0O\0@Y۹QڄH<~G!\0fy\'@O~|V?g|;t>5-!IbMɌ2rQ^nc1?#pBҼ\'~gφwVzU	\ZZI{a=\0%Tɸ+zx?Έ]R\0th&JIZɎ+]2Ky\Z\0ϳ?M\'\0QY۹QڸO΋\Z>:?={:u\'_Pq\0(z+?ॾHSOHw?@/^pnO7=\0iß	y>4[˵Fuu]\\VM |`+\n3ms_-b{x ̎ti*@\0H\03>S7/<}*_?M\'\0^g?gk-H}&n\Z<M(O&cp7HsT~~8Be}$O0_eA\rɹ@gnG_j [ڼcƿxRua.)ҾxVvuuiގFWO>5hޱi^:Q~s@\n{(f(~\0zŻ2_ۺ|O\0\n[&><cq@W/xt:Ҽt#NuTy\\vM}́v }\0o?\'?@>W{Ωmi~9$R(+1\0􀈼B \n1z}ei\0	u,7Dd $ln&EP%A/<A[\0)~OjObĞ4s\"~}H5	<C:ŌHCOMv+8%z6)-\0i?x⮳w_z`kY[?L\ns 0h?Mg_E^^_;x_\'kq\0q,\"֯~5E-RRU2ڪɺ;UO 0GS䖈嫍ҫ\Z&wtW,YK?ħ/jOm>4z\"ӽ-d!Qh\0ट~,E[s6er2u[\\mo$6=ΊF\0xk\\E_x7|E^xTN5{}&:hYC~Yc7vR\0sd׼O-,/uz6qNmm[\rH(Vq\0\0\ZG>w>\Z=ծXx{S]@-E%mn2+GT*	O\'|3\nx	ŶV:6ro}!XV^|.\"R\0^qx--m蚖a^XIdєg+k8*6|V3׉WVkxYk8uٳj\Zdb\\M%>d\0n(<CxouvO?$on[quҿ4fw\0cj?5|*aaw>iZrhF\ZRKkIwK,%诟\0\0x-;ퟂ=Շյ癪K-D({VwIX}\0YOό?:FmrpW\Z-i$OBAsYb@GT}E|m@\0Q<I[?\Z\'azO&_GF\Zot)]Aa3tic++V?|}Ǥiwv?n5}ut{3jy)[ZY.(rUn\0#Gu)|3xUO\rxo}\"uKfVfc=L4{T|ڏmDX[.7v]ZݦUHWWt*FUr\0f\0?iqƞ2GU^v\0ݍuڕ?G$|8\0Ø\0nƺIn\0u\'4=ϔJ\0?~I\0W91Oj_2yC\0O\0@Y۹QڄH<~G!\0fy\'@Ż2_ۺ|Oq8ohyَ͌ 66H@\0o?\'?@>/q\0<\0\0q	q~hrlsi(K/?_&?soSPm\n~Kx1kK%ϡܨʹ&^^I\0\0~3+L򯅼/qIm IlhXڞa-rΒ?d|cAץI7\'tqt\0nbS˽94`\\ya6|\0l`]|;լ<8Ŭ%v,NJΌʥy\\)Zs]RiMKu*I,&*o\Z=Sz[^tDUn4Jt{zn[;שZI1dIGWQ\0y\"MT;n۸s^x{Pn籼TBV#DǥDu$MlIv\'ѷH1dc5_:gH_n!A\Z\"B_E%ހ8\n(\n(\n(\n(\n(\n(\n+Sڀu6n\Z0b|ẏ=kЫ\rG_OumOb*tC\0}_K~͚p|+p[}|äPhz]yVֱQ&UF\0<z\07֟O@ܼ\09\\a?%<ZKiT6?Ot4!teQ\05Be9\'6e jOI\0\\A\0_\0EI@_됵e(ÛIGoj_?y\0r\05>\0 \0*3lV^sŤ?К?n?_V\0fX\0?\03BBOͨƹ		\0IB3\rm%ݫ?\0\0\ZGA\06Tu(>$(T[Gg?<@v\0W]㟇?ĝ\ZՌ7Å}g\'_\05O\0=V˛,\n($rxRIKc:h~\0_aki7>#FH;pA	\Z_>\rY?x?ÑXɩ[.Ao{!$\n+#Cß/+#fks8<4omK,b٘H]	&~.JK|!yl}*#%)\\,QHXk|\">EG	i3\\5ܖMvK3*\0Q\',j\0)Z\0<=}:O{qC%F2t)L1CFq@+7l_?-umkʑUg\0\0M\"tOhz߈l5kJt{;+#	>(#r$T[H\r&A1(|i\0\nh.m;[Pj֬i& !L\n|&|\"Ļ\'<=	`	5-6%i#S\"ོ,yH\0s/?/:冧[ú楥[+CM{06j#wRɋ;I1-B2~.^ãKyYzŕm\Zn\rՓK]>%lɓ93A`Z\0/ \0\0aC!@53D|̘;m+_ػƝ<#ZâiY\0lqSQ3\"x(/ڽJY\0,8<\n)3FgJ\0Z(\n(:=Y~0&;+c˅\0gq]vBe9\'6e j9\0\'M/t+k?N\0\0Zaaͤ/ܼ\09Q\0|\0ͿM@z+	/?9_hMrHv^}/W,ԟ\0?!\'sON\\yĄ\0Ǥoh!kQ6˟\0\0\rF\0 \0*\0v^MEgBc-%\0f\'?hkC(\0I}[Q֡{圓YGq׵i\'$\0iڠ?N\0\0Zaaͤ/ܼ\09Q\0|\0ͿM@z+	/?9_hMrHv^}/W,ԟ\0?!\'sON\\yĄ\0Ǥoh!kQ6˟\0\0\rF\0 \0*\0v^MEgBc-%\0f\'?hkC(\0I}[Q֡{圓YGq׵i\'$\0iڠ?N\0\0Zaaͤ/ܼ\09Q\0|\0ͿM@z+	/?9_hMrHv^}/W,ԟ\0?!\'sON\\yĄ\0Ǥoh!kQ6˟\0\0\rF\0 \0*\0v^MEgBc-%\0f\'?h|7FJӯ/+]oOg/ɍw8|%|3mN\0]5,s\'n戬vʘQ\0$\0?T\ZiTmͅɒ<[JxAiS؏υ?5M]TjvyM=c]½mwWS\'\0ɬ5\0WK\0H+H֜`駣⫗aj!BX61\0m~+\0oپѿh\0/hǘxm	\n|Fgt*\Z74ylt-kRJ%yHe@s䉥1fW+3\0M4׵U񞱦:K{Yx\\We_9y$E]ǖɃ!\06xYuq:}ݟ-uKsEq{>Oy-+;Eu6$ȱǖ>so^xW>u?^jZ/-t/lfE)K($\0>\"ӌ~-еMJZ<ܭ̲-	!O1y%kz(\0oOc^Mӵ;Qqq!QK5|pmO	Y>0񜗗>OhZMΛREᤖqhX!]fOPΞ\0xZ\0{|TX5~5ռ3e%Q$kmK$6?a_Ή_Qx#Gg/OY8u+]Q#\'d	U%)e_\0`+ĻxZE炼=-^&.,\\9mrږY(O ``<\0Te\0»|D{}3ᦏL{_haeek,sKCr+M)OfR\0o$֙\04COO_±Ex{PÚf@s}̛mkv~;_8t=kIoGm\Z^}GMgcsc-Ht//b!12ha\0bxCu]Nx,<a|<,a4zs[}56̲LJ+3{?6_<u94&KM\rfM	3cigFtP~RX1>\'\0\0!rku^g$Q\0,|\\+\0$N\0ß|T\0;\"!kQ6Կ۰r\0\0\0j}GA\06U5\0f됬\'\0XI١5~!yǤ\\\0R\0f\0?P;r4%\0\0u٢\0\\f/9FJ;W.[\0C\05\Z\0m?y\0r\05\n~KxҨlԟ\0`K B1 ㊗>xC\0|\nc~F珥Kg\0$\0h+;\Zb?q\Z1\0\naLTϓ/O~۹QڐZ^Ji?ծx^yoj\0x\0Q\0\Z?7o\0o	\\ɯlog\n譹x895MxYΡ ,qs?oc^(Rsm>\0emA&7o\0v\0Q\0\Z`\0C??\0xe<5s?bG=Q\0#?i\0*\0M}G\0h\0ݿƽ8~132hxk*S\'_o,(u\rw()\0i\0*\0OM}G\0h\0ݿƽ:oC0Bu\rac\Zw0_!	\0y&\0>\04n?\0c^!#P+ځxᬨgcG??9U\0\0?\0\0	Ϩ\0ztcdPGL\0j&<c,P8\0i\0*\0M}G\0h\0ݿƽC/?\0i~1r5\r}ؑ\0<}yG?g?ʿ_<v\0Q\0\Z?7o\0NL̟\Zʀ&~\0>\0ao\nCy..ff>hyG?g?ʿ_<v\0Q\0\Z?7o\0NCX@X~Ɲ\0xg\0g\04{<A3_/_\0	Ϩ\0\0קExe<5s?bG~132hxk*Qy&\0>\05w;@9^Fnf#~zk\rWaәOwi:(^o})mC%<6Vbv*/LcX[Ӗ.I\0?`hNa(?j_?M\'\0QY۹QڼH<HT\Z{ ISA/<A[\0)~Oj\0b#B8\0?lf>|n^xTfO&\"9#,`7&,RY۹QڄH<~C2~A_3@bA\\[s!|EϔJ\0/#D?N25Zi// Άmbi7nS~?e\0⪟\0@MW\nu}_6@Hcr9USyٶX$Ш}>qh_|4{}f\0EiWw\ZV|wPFfx$db]C0s[ž\'		Zw7>>1[\r%ZkA	le9Y۬Qh6\\x~aŕj&%qPcY\\r:(һ|+[Vu\0o\\xT>}¿G	:5Tq*\"Hj6$~ \0|+cz	t?^?yyZ6o-:}J+;Hg[^[3w\"FΤ~IgQFD\nAd\0ҋu+W!Dߐx6?9B\"eEm\ZI{/\r.l%RQev\"GsJbc,/L_o+jW\Zg~\'蚦|Dֻ<icAl|}@ZIʽ^8ES<s<SEc%#<hcYJ\rzq(I^(bm FoSO\0|7Uܺ~x?|eSx\'/l5-m5/tݰ3Lo\0	\nkkϋ\0&j?f741j)W}θt/r儱Z?B:Jฆ+dᣑ+w(_>#_ؗ\'5{|Cj:7eɡj\n\Z֥-̑0|#*\'\0|Fo>\rm۽Rz<Agkyo5K\0}? OBcH?Y@?O?^#<M/x^}j6ְxj/,Y#ԃrc9/oO<O+-cW}o\Zs]%weE#G\0aVSGP	o<	uEj^</;Z}j#\\f%	(f+k\0fszN\'kyqx[y)	dYnt}IP\\A7 laцzSP^\'~<\0ïj0>x[6a巴A,b\'5rbFFJCOe|lǁ}?V1,i~iw@k|ʠ\\x$z(ڞI\0xGğtk>$ԴU--M^kH]^ny%6@0+o|W,ueF{ZFefP Q 0;+1{/:FMk^m\0m-;,w~&u-RHEYvͼ&;r\"+J펔_x⯏=p0#Z-u#@yf\0˷Wb~_	LV]@RĚ)˽TP)$Xa5ֶ4x?joD|xWA?u+O1spA?#\'MH\0+9\0K}ARq{SxԞ=	c1F qR\0g\0Q_ۺ|O~\07M\0EgcBsG9ABXoLX\rըs	/	n\0ny-@Ō4.d ,f\"(q4Cx[ڋw[)>/}\r	18Kg\0$\0j+;w0?x\0xP\00)`jRotC7s*tH<~5+w9=I@3@bA/}ϔJ\0?~I\0Vv04\'0x4%Aŀ@=Z;w0?x\0xP/^p\0\\XAbB9Zb!A8⋋wANd=u򟑸!y@\0g\0QYМPxԿfO&s	/\0	cy1`\"6V5+O1spA?Kwtϗ/8^yojRq{SxԞ=	c1F qR\0g\0Q_ۺ|O~\07M\0EgcBsG9ABXoLX\rըs	/	n\0ny-@Ō4.d ,f\"(q4Cx[ڋw[)>/}\r	18Kg\0$\0j+;w0?x\0xP\00)`jRotC7s*tH<~5+w9=I@s0\'@gs\"eZM@͕ڤݏ(3Ilךi,\'ad#PW<ޝ:j\0:=τu?=<Q*^6uIKyykxE<DJJit<]<X2*:kW/n9\r_\nK-+\r\Z)k&mҺrg\n-Ĭ#3ʌ\0Nt_~+{\0|Y	ߡOީokqjh?OF\'8ن;\0	\0L\'tյY|A6kiWS{_KV0yc	C 5&|V|I=\ZVִ?.52Kж당`kIYY¤Hz\0Kw!4-^S[H&NRY>!TgQK\0;x+?Ǉ	\"HׂѕʂfVAJ?	/[/k\'GcX[iPA4t\'1ΖbrE&x#\0о9k#[~\'_׶ZŤvf_i}i<\\FeAR0;(\\ǠŞ S6kJcb\"-	8ļ3B?3ZT>6h^:4蚆CEaծ7k,6q1ز|%?xǾּ\'hz𸴿6oKHK{XYgP8qV~WÍ[Zí&w,q\']ב\\O<1 t`~	~ҞuO4uhƧ*OeD9}Tj}l$6?\0ા7aψ\rRżkkŚ	<?5h\"͑%S>FPQ~߲n|ͦ=7bI[kJBf淓%PT+O\0<}xZcZxy,a-R cF!9T(~\0P|O$|)k\rxIlw(njk0֚̊(M\0`+{W;]\'O^ki~<Oq\r&5MV	f]:dPIyܷPfc-&h<T:ω<AS33^Zi<l3s+jWV	\r|7\0رYo\n\0~\'I\r׆x}GO:eƷe/@JxFĬx\0v\0o^_6>|Gm&Whx3D8ٷHNs<W/x[r<f\nO|E&Ge:|7odm2>H-S_\0f/MSDOCr܉I{p|ƝQ)[{\09a\Z+?i>0Z_ͧZug3,BFЪ៵O?,|x$^cxw+[>_ԢwKxݭY#،_Rо\'o/\03;]ogiaPB5\nDeO:<~2\Zji ԵwԘ/t4R$\n)ᔳFy\0c^\0C\\Bsg.\Z|:uUci(`9y_~?|kg7xS>|Ems%-4@@fK3vi^z׈䷊aiTZm$Y .l7m^/şM\0k?#7>K|9NZo4B-hV7MC]?_<C,Vgi\ZEi:}KxfLʃb@.ƞ>* \0ݍuڕ{ I\\.7|8H\0Ü;Rq{SxԞ=	c1F qR\0g\0Q_ۺ|O~\07M\0EgcBsG9ABXoLX\rըs	/	n\0ny-@Ō4.d ,f\"(q4Cx[ڋw[)>/}\r	18Kg\0$\0j+;w0?x\0xP~@ll!\0v.??\0559oK?PVo88?Y4#?wv.G}[,a<K7	xn_Sz\0?ca?+ElfqD./!?E59o\0K\\(\0j+7Bq_7a<K7\0OŝV\0fԞ/8RS}C~MxO^.	\0TOj\063f8\"CK\\(\0j+k%sJ7q	q~hG~,\\04Y\"xc\"oj>!ĿqGoj\0.:Ï~V\0f͘cd\\^!%B7[ڋk%sJ\0̸\0P\0\0Vo88?Y5/ۓo\0QY\"xc\"oj\0t;#>A<\0m_q\0fKtս\rJ\rļ\\甞=lfqDڗ̸\0P\0\0W3K0&/ۓo\0@Y\0Xd??Џ?ۤYعaohE/<D>%}C~M\0\\<t/<91OhC4KĄ\0o3K0&/q\0<\0\0q	q~j_\'\0¢E/<D>\0#?wv.G}[Ryۧ8IN%?7{T\Z?x\'S)={͘cd/q\0<\0\0faL;}*_\'\0\"y\'١Ir<gx	_x}Ktս\0y3_?xy[/sc6c\r$>qxh8	\0Toj/faL;}(ҟ\0\n7(\0~U\0&+׼IcEP\'q\ZX\0=$+r|GP\0F̌}EE^O*u_Fm\Z6<&?j<b*58G4aVW*<g{.kx]Et+HBL$M۔30!\n;<n2]Ms\r;SbkGe*Ȋ]99EI3	\0U|_b?\0n[|MUta\ZGnڌ3s1] h0Υv:!r޺/,lbԓH8k[\"nw\"[]QggxWa5=?J[˄% ,@2K,\Z(@$_<W@}C	<9ՒiMs\"\\6s	\"koŽ>CW8F&|r񾛥xAz8TY^7mdB3\0~?ȼOڍ3ZvE̖0;j[g$Uύwo\0txk|x?WnޞmkhyBe;\\~-|\'xoI>+|aoqwɨxaB#K!.3~#dL@wx㯂>Dο\n~#+l4CVUlż.95|c\0jifu>mVwa]s_Jċkh>\ZG\0ڟu%͆k\0(397K?R[?\Z|,\0WT񟍼	\r]6٧l5XB=3=J*F$61t߁ѦQ!/m^.DG-~%GZ$˩@@(f| U\rZZ~[-6[wwfXX^90&6ʚ_>*xC\'J`|FV_.\rE+RLiܲJ2F_7ߋ?[\03V~Yxৃ/\0ǽ4e\"\\\\ZH,>\\@>V/i5_d\'u[X-#@e% \Z괟sX\Z]ggm\\Ywmpe[y,`#2`?c-zF-]Gh:%M~B{{gy&a,Ѱ2-	1`t\Zj\\43t:$ZEki$>!\'M[̖q|	\0<x4O	G^\Zwf7GVDBom<J΢\"ŕKcny6_k\0>~1hmеjQ2$(4$lXHd0m#MZ;~DԾ3x+*x|\\g}[Z*P)w{\0>~ؾ(m<KB6=|\'`>Y6ҴSXn&hn!|1\no|^-;S\'<;MF}OR;fYZF4DtVld`	 \0W\0\0}[Ӧ\Z$Vdn0[l]KdwO!_]6\'~~SV4*OЯ[I;Թw	Hn_Q}/5\Z	Ǿ\Z?x\"_eY{Ao\0@?L4v\\ZNLF<0V_F/>\\#kˬ ]0n4\'U\0y/M\0͏{}v:?1\0<Ok|{B?\0kVZ!Ή\rxzψbUIΖNcV$#?RMo£i8Ɠ]xh?m1ZuY\nV hnZ>yَ͌ 66HRo5-Gg{-`*u==||hefK?V\0;]6H%^~n\0z!8/COŝV\0f/߇>2xSWt7#<W2}pq\0(~pI\0*w#!^7o\\<t/<91Ok\'7$<s>	[mm-vX]o#kmk\n3\0ZltQ!H\"Vny$ҕryf!@h<ˏ?MEfN#c\0x\0\\Ưڻ\0\0;+MwK}.Mxs߈<K*$uDދ!V#_3t-#Gg{ a.\rU$n`\rM4OŝV\0fԞ/8R^G\0\r}hN+i_[;skލzk7ό4ڶB.G]nd\0Gqo}gbN(/sc6c\r$>Ծe&\0\nUf|s+kеw~=g߈rh<ko\0Z%F2+6h8\Z\0,q	q~hG~,\\05\0?o`[4<iJY}(\"/<$?YᏀ^ t7j6XAX+0\"GӬ&煐#?ca?+ElfqD~~Ԟ4Zrx)}`躵O@\r؊K[x\'YeR	59o\0K\\(\0j+7Bq_7a<K7\0OŝV\0fԞ/8RS}C~MxO^.	\0TOj\063f8\"CK\\(\0j+k%sJ7q	q~hG~,\\04Y\"xc\"oj>!ĿqGoj\0.:Ï~V\0f͘cd\\^!%B7[ڋk%sJ\0̸\0P\0\0Vo88?Y5/ۓo\0QY\"xc\"oj\0t;#>A<\0m_q\0fKtս\rJ\rļ\\甞\0k?\rU\0*\n\0~4>\Z,aO\ri6##=2z2\0m\'}xڸQm͵q-07R+Ebs.OVVKChu*Jk	tkxZSoiM*,Ng$|V\0ા2m-5-Gͦ-ە=ik{;I\0qH=3J+?U,~\Z]O:Zf[jױ&TFi>Ҳ$b[P$N\nWZoŏ@6/IgnYasoɶHg\\+ahW_oh>6x?aG1/v>!.{	eIXC(\'Q;]/|>\0|H/ O7[OTƑcqh\'52JKy ͛RW)ݲ	\0N<|5`P<C61țXWtMS\'43\Zսඵ{AQV/\'b+u֩*y|Qoi~*Ķ\Z>]Ioss:I/	}E|?C\n]:Wh#ƍះ5_>\'[5\rv6;&O|)%yn{\0\0_-Ӿ2_|>w|2U%xY짶kt#Ni\nA)P\Z?Le0zΩOڇ[=;Ķ\ZUzEK1&XkY{ſw7/xSZ|Ϋl\',p;dd@(R]Z+R/ځgYɺ}xO\0	>4Ӣ5<Z\07{|W~\0_~/dW.CkQ5i>L5)A]OQE\0#ƟO%^\'v5jO?t|~?ٮGm4*gcv5jWot%M\0<	sc6c\r$>Ծe&Fb^Q10~ܞߧ\0\n\0G!\0fy\'E,\'9&/KoVq8ohyَ͌ 66HE^$\'SuFb^Q10	|ˏ?MEfN#c\0x\0R=&\0O,\'9&	u\0\\TRb#B8\0?I\0\0B4mQYМPxЖ0)`j\0ut?Q\0>ʢf̄s0%C!q\0[lԟ\0>xC\0|\nrƀ%OI\0\\A\0_\0EINK\rɋzAX~!9ԔsQ\0|\0ͿMU/`K B1 ㊗>xC\0|\n\0,ԟ\0?!\'sO\r	18	cy1`\"6V	n[\0C\05\Z\0m+h1\\A?+QcXD1!PI\0\0?\0?`hNa(?hT\0?T\ZiT䱀H<HT\Z{ I@5\0\\TRb#B8\0?I\0\0B4mQYМPxЖ0)`j\0ut?Q\0>ʢf̄s0%C!q\0[lԟ\0>xC\0|\nrƀ%OI\0\\A\0_\0EINK\rɋzAX~!9ԔsQ\0|\0ͿMU/`K B1 ㊗>xC\0|\n\0,ԟ\0?!\'sO\r	18	cy1`\"6V	n[\0C\05\Z\0m+h1\\A?+QcXD1!PJ/\Z\0],ɵ2AAH%S\00MVF!282HTrϴsG$׊5z!JJ*Q`paKPi\ZńWV=9\\\ZJƯj֗\"{\r2_kN\\q!i1f\Zi^a/[]:)g}%XGvp;֥\0Wk<7x^0i_/<J˧\\0DfIYd+dٻp\Zg9]c~[kIWz@]X܁˨&e\"\0h\n\0?	u\0bSpiׂum\rxO{5$[FD^PK?o7ćή.\"iI(u6q\Zض%22噷yc`(@<\r|2u;I/\'\0k8Rgm<	N0<w~Wğ\r.IfJNtgot	 !$]ѳ(xBC(\0(\n\'\0!K@\0>|v>!O5%0N`f*Km<)jza/1B}u`M41͕,:(7P^eׅ4mr\0\\cxSJ݋)i1ExE*4)Q±	NׅoGPuXm*E=Օƀ4(\0-|IuGij]*bYxcQe|u5z(5ᱴյhf\04zaTdU\0z(9\0\'M/t+j0x\0\ZNAK\0.$	cs;on~\\U;ڛ;qsfJ\\~A\0mjcXD1!T\0Pc\0G\0	\0!	?6`hNa(?hK\rɋz\0Ks?soQ\\XAbB9Zb!A8-6?Oto\0<!\0EgcBsG9A@$\0iڠ?N\0\0%Aŀ@=ZԬ`[?J\0\0>ʦ0%C!qKo\0<!\0\0?OtПjrƄH<HP	^־%Pŏ5#x_$P:d˜ӣ1n>\\@?so^&n]3%\rC╜֯$R!]	eG\"dnFAw,f\"(Cc\0G\0\0TVv04\'0x4*BOͪ\rS??*JrXoLX\rժ\rJ\\~A\0mjcXD1!T\0Pc\0G\0	\0!	?6`hNa(?hK\rɋz\0Ks?soQ\\XAbB9Zb!A8-6?Oto\0<!\0EgcBsG9A@$\0iڠ?N\0\0%Aŀ@=ZԬ`[?J\0f6\rcJukuOo?Ē7WSgAs῅:A#72cƣ<E\'\0ɬ5\0WK\0H);[5Q̯g_Ǔ3O>ue}qzckưY6\0\'6wu~\Z.<76aкyӠϛq3o߇g\04R4>|\0^h$85+8l$f6ڋqHUpǷ4i|<ΏeIS67$jhbɆbpDW$(ɴkW^f_ʦys*I;	7s\Z)HQQZ?d\0|pƗO:֌ܭ;ն[pyw}66:eWZ(ξ&~0&5h:\'n\"EݘP(X..9*;8*|-|3սk MWj:<Mnn\'y|{\"&o2ME\0y\0eO|Gu\"&qwsd7=̃*rΥ_N=΁VWv߭(la²YUBYeM0cZ(<e&8ŚcxgeKY⼻N]\Zbbg؍&\n!9w^x}cAP$45+~@Sv۟9\'j㸢<W\"\0\0gW\">*\0GWz6D0ksOŢ\"Eoe^4\"i%vIOQ@Q@J\0:ӿj,k?N\0\03P\04FAWNkԬ`[?J\0\0>ʦ0%C!qKo\0<!\0\0?OtПjrƄH<HP?\0\0\ZGA\06UŌ4.d ,f\"(Cc\0G\0\0TVv04\'0x4\0_ۺ|O~\07ME~@ll!\0v.??\04O~}Kwtϗ/8^yoj,q	q~hG~,\\04\0\\[s!|EϔJ.:Ï~V\0f͘cd/ٟ~&\0(RG!\0fH<~5+w9=IS?wv.G}[Ryۧ8I\0Onc1?#pBҥ3\0ߒ5lfqDڗ̸\0P\0\0Vva?~->_y彨y\'١Ir<qnh?)̇3>S7/<}(y3_?xy[/sc6c\r$>fO&s	/K\\(\0j+7Bq_\0 [ڠԭ^\0^?u\'N?ۤYعaoj\rIn\0u\'4=ϔJ\0?~I\0W91Oj_2yC\0O\0@Y۹QڄH<~G!\0fy\'@Ż2_ۺ|Oq8ohyَ͌ 66H@\0o?\'?@>/q\0<\0\0q	q~h\0Kwtϗ/8^yojRq{SxԞ:<\0nqgbyտ٨5\'~c>?xyԟ3>S7/<}*_?M\'\0Q_l$H}?ݩ|ˏ?M\0EgnG_j [ڋ7Bq_t;#>\0&{/+{Qnc1?#pBҋ΃1٢63f8\"C\0p\0h#(&Y*`}\0xVq;iRu?u@\0&8;iSFEOʹ?}z4gV:|࿊G|G/<\ZGt<Ak,\0V;V\\Frď{&M]F?EYi>\Z-R?&[\\\";nY6mݎ\"9\'ǰXj0k_t{W΍Eg.xM2Fum>wSI~A\'?\0ďߵ#^XI<C<ixnw+KėWac+$k<Pb1.R,|g?ۓAѴyxH Jqm5mNT2ZN߱|z;4|I|H5Zh:ǤO}($_Ks-k?o񞡬Y|x,ՓhD:\\Q4\Z4(Ǘ]?sKFxj7Vxfm*YP{cR}!D UD>ɢ?>\n>{}E<Vw(L?/I(ȾLʫ198?b??15]\'/S>\"[EbUĺVcxR[Qݷ`bs@\0ɿO_~~Wz-sW{i,汬Y^i\rgݫ\"lWj9%?go׿\n]\'߉W]hӼ\ZDgm\05bqcL;U\"80\\\\e?RNM\0|i1ς~\'6ҼAkC0-7mg&ۈi$i˒ >CWZ]֙%Ycu$Rm_\\\\T-ep@#n	K)QdE**A8\r:\n\0Z(\n(\n(<ASx<J?tPkԭ^\0^?u\'qH7v*7Rw6?Y5O?t|~?٠	lf>|n^xTfO&yَ͌ 66HR\0\'?@>%A/<o88?Y4#?wv.G}[\0.-M9^>Vc~F珥?ca?+ElfqD\0\0?~I\0Vva?~|ˏ?MEfN#c\0x\0@[ۤ|qy{T\Z?t;#>A<\0m_q\0f\'u򟑸!yR\0o?63f8\"CK\\(\0h+;w0?x\0xP/^pY\0Xd??Џ?ۤYعaoh;|gSs\nZƐxjX-y5S+0>$xmORkolf>|n^xW|6w\\\'&:bX\r̰q4FpM;+[YKPp1\0c\0}	g\0$\0j+;w0?x\0xW	_GxOHt^:楏izCw~l2+W%\0[a͟-c{rͬjO^Ug<~\'oh [ڠԭ^\0^?u\'y/ƿ\r<}6\n[E\'O\rAfmgܽF5cO|W\Z!2ѼnK7ޱ@ci]UqГ\0z}ϔJ\0?~I\0ׁ_G+qo-$QUl<=Z\"֑yWn\rݤ#~Iet;\'?@>%A/<x-b8<?~	9\0\0SA5{{$iҴ-CDIʖ__B$dW@q4Cx[ڋw[)>|/\Zf6|bϗ.oUg\0q;Z?\Z\0h\Z75Ɨ|l$l`ro[Y/|}\0o?\'?@>>:⾭{o|XD]xRn\"bpci*.:1<W{^Gk_㎥2Ɨv׃+kOQUFT( [ڪk{=gI\n*Ģ	bq\0_|e/h_6_^(ko]sz=\0m {>Ղg	lhOGǏ /7_><= W(&ƾ.eewF8mG!\rOMiPUM#gumqז~?nIwxj\ZidrOĄWpkON5Ul)[^\09ᯅ]ZiV_%f95RV3R[竆a`Н%)֗z\nڏz<\n,l.n5~榤	&!(RvW߲ŏd5O\0~݋f-_^ 5\"O)8W#(#U\\/X_xSY\\?Xws.vV\0aL-\"\Z{;E	%K#B##\nXIx\nU?\r|5[_w_4	hqw&X0	E)iVjbk{}牒__Sluo\'Ix#KM,[xsX}}cmﷹp$V.dg$I!dXA?P]~ş/]M2Jlͬ0ϙ笀95.|\'O­/ڏ^?C<-LK9	B]p\'qo\\ᾏ}υ~6мia~&FOGyy.IjtmdME̓|F\0AC_AB?-M_:a0A+#(L+~	|m?h:/jZš\Z\r2cC2p*\0\0?G\'5!UDq9MU6wE\0<C	i|DCocLl\nXxLm}y{kKOFTg&x_m#U蚏Ԧ[#KFOg0mK}.\nT)\0x^{kr$FYM7j2{{`\r;\\H 59N`!8 7@7G\0NW\0¯xSS[Ogt캌Rss.iZnBZDǗ~5~Ⱦ-珼2:t\0ww\0gOw2I<ŕR#xZ;bnM:X!vS:A,P؏貣(]CKeZo3_ði~\nhöq鰭@H)av)\">K<?|*FmN\Z;\Z۝&{DӚGX9&F(|ia_fgKv{h^#m5K#y?mb7lVa$%y\',|#,y2\0zßh-<Z-ͺmҪ̌~~rl۽K/.<i=EɤZTBK=i\0<^?ۛ|\Z|Uy|T>5 w	>\rk᫝6Iy.#YO\'>u;_\Z\0|m?,4O|Eŧ/(WYtQS>|F͖[]Ѵet.b[9R8\n@\0\Z)Cb>\rxO⥴Ú6i7uh4vWwnczG2uRyi\0ߋ_ҿe\\x^}R@t˖I^j%lmʖU+\0_?1E֭{?M^0ٜi	R+VcX9M\0-m%<!\n-8kgHUvM>\\?d\00xm3z/5VSi滤ij3\'vskr([/o׋m>ox;X{}fJ`䍥ϥzޥnO7=44O5ZxP\Z$]j*\0\0\0c+Ԟ/8R@ۺ|O~\07ME~@ll!\0v.??\04O~}Kwtϗ/8^yoj,q	q~hG~,\\04\0\\[s!|EϔJ.:Ï~V\0f͘cd/ٟ~&\0(RG!\0f !kQ6Կ۰r\0\0\0j}GA\06U5\0f됬\'\0XI١5~!yǤ\\\0R\0f\0?P;r4%\0\0u٢\0\\f/9FJ;W.[\0C\05\Z\0m?y\0r\05\n~KxҨlԟ\0\niCϸ=%ojGZ,˿rNmeA^դjT\0;\"!kQ6Կ۰r\0\0\0j}GA\06U5\0f됬\'\0XI١5~!yǤ\\\0R\0f\0?P;r4%\0\0u٢\0\\f/9FJ;W.[\0C\05\Z\0m?y\0r\05\n~KxҨlԟ\0\niCϸ=%ojGZ,˿rNmeA^դjT\0;\"!kQ6Կ۰r\0\0\0j}GA\06U5\0f됬\'\0XI١5~!yǤ\\\0R\0f\0?P;r4%\0\0u٢\0\\f/9FJ;W.[\0C\05\Z\0m?y\0r\05\n~KxҨlԟ\0\niCϸ=%ojGZ,˿rNmeA^դjT\0;\"!kQ6Կ۰r\0\0\0j}GA\06U5\0f됬\'\0XI١5~!yǤ\\\0R\0f\0?P;r4%\0\0u٢\0\\f/9FJ;W.[\0C\05\Z\0m~,Q|IP\0~x5^\0?<oXsa|d\0Ʃ\0ǪGǏ^!{[mȱ]ZNW*6{GB=B4Q*sjغXICms<{k^݋P]%ak.G.N\08kl-+\")_,\\V6Eywc]oOmY|Wڋ!=%0N-IXr7ǃkōk>&>xAe.bQEL:ϛʪ-Ywr3ú]d>g<5Ig\0C id|[#v;Sß~&xCZίW4uvWh̀F22+7/7q\0f?ë~U&ԮWCIզ[W)Vvi\"(,(V\0n8]\ZkIyLGiIqm31#+6cm-~JuR\"Ze]\"f2>aȪ?i_\r|!UU.<Ig{-⸋LM<56GӬr-¶>d>\0k	\0e,]#O?[KJFR]jK\ZuΑ#{\'b̡k?b:O	kwwcVmPG{Ezm1\0Ov\0M¦L]AthmR\0P]iW̼2l}l9)x4\0?|e\nxǱoƗoyW3۫x\"	mc>e\0Ǒxc	+?	<xzUnusN&Ե8e۲mX|Ң\Zl8_f\0֏~^,|EŽOV/q:-拫F;[=U٢_QP|Bݏ?=ɵCǩhv&/J&o<`emx;u\0xWA,aukko3NG<%y!-ImQ#	\0wZUŷ~\"\\xZݪ]:C4MߴC/@\ncN___~1f<=;;nm/6x2]ܻܵH+2!o-|OqWῄ>/jZg/?NjggmZՎykmbP$yk	ysCVCx\'?q·~3t&mӭroQ$\rZr|\0A4\0|->(D0WoeiI#T{$6:Oş\nZxSW?x7Ez\n~k]V2miI,\0}\rƏxFO/<Y\Z[iwE64ډ#\"gi#y<;K,OHO~kI4gڼY.pEw2O|_s^?ٛşt	Mt3\reϾNԵ[mSGKX5\\8./	\rk\'<\rk]òX_Z+o^iqvky%1Jndw@W|7U4{wDյ%kVMKk)||Da$DWɟgk㧁g`Z\'%OE\raifV1FMc+aF~((91]\\/\'=vj;.Y9)/={W/:oث\0^]\0w|%\0EB3\rm%ݩ`\0\0mj\0ͳ!XOy\0x\0BkC(\0I}[c\0G\0	\0!	?6\nw\Z&h>K$\'=%EX6^r9v\0v\\\0\0\0@j5\0\\P۰r\0\0\0j+=ri/5P\0?\03@\\qGzK:X,?唃I?!\'sO\0w|%\0EB3\rm%ݩ`\0\0mj\0ͳ!XOy\0x\0BkC(\0I}[c\0G\0	\0!	?6\nw\Z&h>K$\'=%EX6^r9v\0v\\\0\0\0@j5\0\\P۰r\0\0\0j+=ri/5P\0?\03@\\qGzK:X,?唃I?!\'sO\0w|%\0EB3\rm%ݩ`\0\0mj\0ͳ!XOy\0x\0BkC(\0I}[c\0G\0	\0!	?6\nw\Z&h>K$\'=%EX6^r9v\0v\\\0\0\0@j5\0\\P۰r\0\0\0j+=ri/5P\0?\03@_ӯ?%]hʹf1ys`vc8Om}H^w>&ЮYѧckxu ܓk}ˈpJ|EzBOͪ\rS??*J\0?d\05*Iwv_FZcC,qAW4\0bOipȞ\Z\r/#<ic8_i׿t-ׇ^*mg>>\0~j:!C\0?^_~?şKL<	bb+M-ƣ-3%<oGSGǿJ)w\0	eΝ3@mf%Zd;S9GCI9\0X^j*<sy∴\raiick{&vrCm寒c>z_	A־8-<S~(۬XmuJ3V(24K&/=d\0-._\0t߲Ƌo~_hοBn/4i%5G{\"+yE$+\"JПn/g׼h4\0C|\rO!jE*PY4~CJ$V@yb??V1jӠGVo\r?#Q#??P_ϟ4X|sx3׋?Ad?6`n|dݭ`fkh8B7qK_߳O \0}>7</wo	oE>-Ċ/ #RvT\0>SYY\0ln/K/\'Sx	}ĹQ!r~QE|kMn5]wW|J-wDo佾0A9,VG?g|Lxq_{EPEP~RX1>\'\0\0!rku^g$Q\0,|\\+\0$N\0ß|T\0;\"!kQ6Կ۰r\0\0\0j}GA\06U5\0f됬\'\0XI١5~!yǤ\\\0R\0f\0?P;r4%\0\0u٢\0\\f/9FJ;W.[\0C\05\Z\0m?y\0r\05\n~KxҨlԟ\0`K B1 ㊗>xC\0|\nc~F珥Kg\0$\0h+;\Zb?q\Z} bE lEO~}Kwtϗ/8^yoj\0.,`Y1s!E	c1F qEŻ2_ۺ|O	\0?`hNa(?j_?M\'\0QY۹QڀH<HT\Z{ ISA/<A[\0)~Oj\0b#B8\0?lf>|n^xTfO&\"9#,`7&,RY۹QڄH<~C2~A_3@bA\\[s!|EϔJ\0>xC\0|\nrƥ3\0ߒ5O~}\0K\rɋzAX~!9ԕ:[ۤ|qy{T\Z?	`K B1 ㊗>xC\0|\nc~F珥Kg\0$\0h+;\Zb?q\Z} bE lEO~}Kwtϗ/8^yoj\0.,`Y1s!E	c1F qEŻ2_ۺ|O	\0?`hNa(?j_?M\'\0QY۹QڀH<HT\Z{ ISA/<A[\0)~Oj\0b#B8\0?lf>|n^xTfO&\"9#,`7&,RY۹QڄH<~C2~A_3@bA\\[s!|EϔJ\0/#D?N25Z:ϋ,\0T0_jV\'\rNuw(twؐP|*	N\\Zbq4jξ5Ok/x\\m?4BaHW@F}rg\n<F<1\0nٶ7B5J|ifiN*AT=-+QúNu)SoesYX\\ؕ5\"0[>Dy!T?\0MSuxZ~:b`5l7<c˲FYQgW̷|u[k6SVTZu#^<VIu(yR9BKsxso{6W|O}5ַ{\"ӹAy2CxSh\0~.xo\ZE]<Sgi{pQo!!Y|ݍ~~_~*Rf1{5{ִCv-nd`0J9DI1OW\0\0o7{\0/;ſ|ExwHI5ҥI|a{ymm9c_\0oM[#sCXM0_k6YiK;-Bq\'wbvW\0_0YռO࿇\'3i\'V>&r!ͪlNX0$&W>%Q%Ig7^zZXKY+#iv2\"NK4JW\0ਾI\r^/4;?CuwO;Ğbo{1nrs(c67C/ߴ\r#ṴK?^K2x˭:(/{9#sW@@(\0c.\0~c?x3:&xv׏XtYPm:ˉ!hHlB>`js|!cσ5\0:a*ݭRi-2KV|ڲ\0%piIS\0<1t]iuAwٴAu@i	_|7+/vVnN->H{ 4v(<mc]8\0KkԬ`[?J7q#\0@/YJNneR{P0%C!qKo\0<!\0Enc1?#pBҥ3\0ߒ4\r	18	cy1`\"6V\'?@>%A/<\00,b~Vb#B8~Seoj/lf>|n^xP\0TVv04\'0x5/ٟ~&\0(@XoLX\rժ\rJ\\~A [ڠԭ^\0^?u\'\0OcXD1!T\0TW3>S7/<}*_?M\'\0@YМPxЖ0)`j,(B[ۤ|qy{Pqc!? j/`K B1 .-M9^>Vc~F珥\0Ko\0<!\0EgcBsG9AR\0o?\'?@>\0%Aŀ@=ZԬ`[?J->_y彪\rJNneR{P0%C!qKo\0<!\0Enc1?#pBҥ3\0ߒ4\r	18	cy1`\"6V\'?@>%A/<\00,b~Vb#B8~Seoj/lf>|n^xP\0TVv04\'0x5/ٟ~&\0(@XoLX\rժ\rJ\\~A [ڠԭ^\0^?u\'\0r??_t$=\'v\ZVvb.\'$wɮ3PmRxY$\0D-&I,.H6A\0</й4)sG\"+\"i>xv_6/k:Ŧ	b,`7Q|SxPNlon[\\,ep$0l6;]N0E(5Mr\0Lln5-(Fom\"^{1 -ܛ%w(ao|ѳv\r3.,`7x)L^7e\0#-q?gԐkHkWq9A66x^w}\Z[guB-mdEdaBd Ӛ\0д!8%\nơU\0\0I-33|hzK\\?|%q;z?xu-N-6Q]Jiwu-ݱ{!Tw\\Y>~Gx\r\'?0?{vGW\ryoqqD\'@\rqdbH8-\0u<S6jzų\"°GSWRYCTaz4wMCAZu^V>$EPŧu1\0rn~SźUl9=>kRO{[ hRycΑ$o\\Vǀ4ψ}-4yTyY,	2G 7FڮT\ZB=7>skUNm<Yb1H@mR|2\r__h>ڦַ֚hT21XdaFzPwEqWûO_.?MvV}]i8~=9Axݮ덧_CO-M\'쯱پS\0uQE\0y\0.i]X~!9ԕwÍ<d9\0\Z+w9=I@3@bA/}ϔJ\0?~I\0Vv04\'0x4%Aŀ@=Z;w0?x\0xP/^p\0\\XAbB9Zb!A8⋋wANd=u򟑸!y@\0g\0QYМPxԿfO&s	/\091Oj_2yC\0O\0Q_#X1/(ØvTnOI\0\0EfN#c\0x\0B<\0nqgbyտ٢ĿxP%?7{Ppf8~4_l$H}?ݢq/_#X1/(ØvPe&y\'٩~ܞߧ\0\nĿxP\0?ۤYعaoj\rIn\0u\'5:^\'ۤ8(\0TޭPjWot%M\0<	sc6c\r$>Ծe&Fb^Q10~ܞߧ\0\n\0G!\0fy\'E,\'9&/KoVq8ohyَ͌ 66HE^$\'SuFb^Q10	|ˏ?MEfN#c\0x\0R=&\0O,\'9&Ir<\Z?1\0<OjtOHq/Q[ڠԯK?yI@߼l$H}?ݩ|ˏ?MExc0ļbaR=&\0O!8/COŝV\0f;XO\0sMB^\'ۤ8(\0Tޭ@A\0Xq~@ll!\0v3AļHO{Qxc0ļba@G!\0frzM\0~*+;XO\0sM@<\0nqgbyտ٨5\'~c>?xyԟxn_SzA^!7ڀ\'yَ͌ 66HR\ZayF÷ҥrzM\0~(+7Bq_t;#>w%\0X爛ڄOHq/Q[ڀ΃1٢63f8\"CfxM\ZayF÷Ҁ8)z\"J\\j R\0Q{Et^dλN><T\0Vo\0\n\09`CVtfLv2ؘB[|R~ȺN\0^ڵx *,\r,dɵV c\'r_7ŸQ#q)٫a-ٍیiiZ?9?\\Rn*VKDC?,u\0<lm\"zau+}\nk=wW6r]]ڴ^GWo4]AsuO)2<y>0]|Q\"ε7i\Z-&O-Ɇ-B72­:]#CdE&O	o>o^O.us\\Kn`KV}1&Q6Uf6G_O?b<9xc:oPk}Cf-KGyano(\0־\Z:F6>=Ү|<\Z-KY/ұK<`,eO&~_mִ-[Dh\r\"tamB~s%Ա*7 ` pᾬ<#9eSţ	 M_A[A$>%n]俾Wkny|D[Q?4?ښRsl,\rцk4e$Ğ[|\nTP?	^?lbujÑ\\xw:UսǗ tI+\ZIq-YF=H	WÏam?X!KKH5Kv\\G\nHpENB7ҴP˾\0i<)?x{zއx4//c/MQ$	/V|b¿\0xzޭgxIеۋۋ+uՖ[=6eRDRQ@x\'k߅u?\r\0)?.UoTSxrGnDrX{/J<HѺ»ߎj^_hFG{F\\*umԨ]#HҼD|YyxzW!>xb=\ZUTj;@6yV#pYB\ZC[τ|m;[OEѢ2[<H@z@Q@ySxb+sc^c]Oq??7r\n?u޳+ԯK?yI@߼l$H}?ݩ|ˏ?MExc0ļbaR=&\0O!8/COŝV\0f;XO\0sMB^\'ۤ8(\0Tޭ@A\0Xq~@ll!\0v3AļHO{Qxc0ļba@G!\0frzM\0~*+;XO\0sM@<\0nqgbyտ٨5\'~c>?xyԟxn_SzA^!7ڀ\'yَ͌ 66HR\ZayF÷ҥrzM\0~(+7Bq_t;#>w%\0X爛ڄOHq/Q[ڀ΃1٢63f8\"CfxM\ZayF÷Ҁ%.??\05!8/CK?TVw%\0X爛ڀy\'PjO?t|~?٩>!ĿqGojRC{/\0o\'\0O~@ll!\0v.??\0559oK?PVo88?Y4#?wv.G}[,a<K7	xn_Sz\0?ca?+ElfqD./!?E59o\0K\\(\0j+7Bq_7a<K7\0OŝV\0fԞ/8RS}C~MxO^.	\0TOj\0򯅚N~ĿK&ImldB=ncK/~n\\i:FS3bQ\n=c:WA<~О_hqo>i24uܱl0#*H=?ڏQWUKiWc?\n!p*i-O#cice9\'NI;>ǚ	R4\0\'V\r]NYk[[c	Y}K\"чgӾ&h_5coL~\n>\0rR\0cQSz)s%)`]ʲ1	fپ᝕bb/tjK<;yV5W/s\05\\|LWZooڋ\\ⅿԾR@ӬgM,V̊|ɣYS,hpς~\n%;7=_V_\'MG]u衶6-ՙ|c<ء$Qj\0^\0wjj\0^\0wj<	/n<95ց<><A1kϫ)W	\'T[/~)7}ۿ\nx瀵W~gKqm{uwlȚ<AnWT).,?᪼\0A{\0?᪼\0A{\0\0S[~CV>xV>T#-5-_Mnf!w}G.֑~1&\rq/R\'o\Z\0HtGm2iwMK&Fle+\Z\0]\0\Z\Z\0]\0\Z?moZgc2P~\Z|ֵk[:<zDkX\r\n{dk$Oid6\r߳%xS_mGGSK=(<-0oV5X|ϻ>X#_j\0^\0wjj\0^\0wj?:72|<վZ}%vv+rW|Ojcimbub䅰O\0\n<u?ŋ^x??T\ZҴ<Qs\"x\\K;RH?a\0Ux?+\0UKĿ7ov\0HoYZϤ]<W0ȥ7S\n=A>*xsƺ[KO:dK&<1VcSԲyb?meCew\'KÞ\'\0<)4StoZa(Ĩ{`yoL.bƾ_ڣعL\0UK\\~\ZmFxo;m\"SFr\0b<؀G \Z\0\Z+?᪼\0A{\0?᪼\0A{\0\0.Hq\0	W0	\0ݍuړ?1\0<Ok~.qi:F}=ޡ7)#cqR-^i@\"1rq@ZԯK?yI@߼l$H}?ݩ|ˏ?MExc0ļbaR=&\0O!8/COŝV\0f;XO\0sMB^\'ۤ8(\0Tޭ@A\0Xq~@ll!\0v3AļHO{Qxc0ļba@G!\0frzM\0~*+;XO\0sM@?򩪥	c1F qR\0g\0@\0]\0C4\'$\0iڢ9#,`7&,R-Q\0|\0ͿEqc!? j/`K B1 \0P\0?\03G}\r	18\0JjT\0;0)`jRotC7s(\0 \0*_3@bA/}\0X\0?\03BBOͪ+;\Zb?q\Z} bE l@\0\0\0@j5\0\\TW0,b~Vb#B8u\r\0]\0C4g\0QYМPx\0!	?65Oӿ\0)cy1`\"6V5+O1spA?.j?򩪥	c1F qR\0g\0@\0]\0C4\'$\0iڢ9#,`7&,R-Q\0|\0ͿEqc!? j/`K B1 \0P\0?\03G}\r	18\0JjT\0;0)`jRotC7s(\0 \0*_3@bA/}\0X\0?\03BBOͪ+;\Zb?q\Z} bE l@\0\0\0@j5\0\\TW0,b~Vb#B8+\'_\05O\0=V#}Ιsioޞ-RFp{?b?JU`O] i\ZsxToQzEmAUnmdW8_+س7-@:\ZE8m;)W\0,	mV|!Ź\0|?.5\r3u\ZWW%]1BR6v\'/yO#~\'|W{14;6Qtsue\0rAeadi_M?\ri\0o<\\(V}cSM+M셤FuR+0,;(s.fT(9Y]dVA\0h?4\0c3$7?׊wҭ! n*c6Nπ\0UG][;񆭯OhbzY\"˴#VqO8ǃ_k<%I>D|=˙dc3\0G\'\0\'#o%Ή|yWH5WNOh+]hjŭȇlЇjMS~j\ZNi/u~EapӠ7>lXͭϙ\Z#bB\03G5L[Y.+}Jݍ[CtWe&Qn_#d yd~~>N}A;_\rO뺢EXIY.\Z}	o\0aٴ߲~ϨZxmcTwgm[S{6Y[g:\r֑\0\nFsa]S[J%ԋd*Gemq4U&؆Q\08xs\nw:8~Sz/wesXi6AiwynQPEs}F{ *7\0	9|K]_x_;ibň$HXr7;9\0c|,Wl\'MQŽeXkVOqh,|ASܯdx<c?RkGǺ65Ihg\nCtLc5?hߌ?;wix:uWu=rOԡO]̾tL$TD|D\rxOgYCQHǛN&ѯ/Bؘ+XlѲ	ߥxSix5_Kx-Q5K+8b#$0l~XSt;oq<W	~*ߦ_Ww:Mgr,-w \'_Si߳ÉuwG~ ]SiVM\ZZ4u]J)m⽆f1Zżl W`~_MKjuh|;mhm3SC/8ftky~P\0_|)M寉\"д[PIt\\I泵#d\0y}-goMMĚ6uiZ坾5;뿱q,pj6\ZWVf91[n\0|+?\ro3GOtmS.		+xoKk\nUfE21g{7Ł>uWW.t4V0<\ZU7%^|K&|1F-`kׂkbts`qӸ]x|yKhv6ڵ>8eq|>YeVS~x\"\\$.۝[6>.fh￳mtX(Qxmd@?w1$\0(\0(9\0\'M/t+k?N\0\0\'AGǅtn\\/YRotC7s(\0 \0*_3@bA/}\0X\0?\03BBOͪ+;\Zb?q\Z} bE l@\0\0\0@j5\0\\TW0,b~Vb#B8u\r\0]\0C4g\0QYМPx\0!	?65Oӿ\0)cy1`\"6V5+O1spA?.j?򩪥	c1F qR\0g\0@\0]\0C4\'$\0iڢ9#,`7&,R-Q\0|\0ͿEqc!? j/`K B1 \0P\0?\03G}\r	18\0JjT\0;0)`jRotC7s(\0 \0*_3@bA/}\0X\0?\03BBOͪ+;\Zb?q\Z} bE l@\0\0\0@j5\0\\TW0,b~Vb#B8u\r\0]\0C4g\0QYМPx\0!	?65Oӿ\0)cy1`\"6V5+O1spA?>.]Γ۴i=i		8*σ[kig:}ZÒXWvcgڙW^u+hu\0:dƻ7jm\05 h{Gf*݌\r˓׎9{o\0jwPFy1aXgVo	jIjU@2\\}:eҤ/SP}Ex\0!}Tץ;+mEᶽR8{.E v ppGUvT5dLmOcң\0{P\r3>Ky91^eJMF@naԕͲLS}WLԼsg7^X(XV1	iK\0G2{QE\0QE\0QE\0QE\0QE#ǖ|\rk52B@;A gZ>1h\0ڥ`25;f\'G=U;o{@x#mf+\ZÖ otwQj\\j\"T3#$`bO(|	\0%\0Ҙ}S??*JY\01z{ I@5\0\\TRb#B8\0?I\0\0B4mQYМPxЖ0)`j\0ut?Q\0>ʢf̄s0%C!q\0[lԟ\0>xC\0|\nrƀw[)>/ٟ~&\0sc6c\r$>Ծe&\"s	/	n\0ny-E!8/COŝV\0fwANd=u򟑸!yEA\0Xq~@ll!\0v%3\0ߒ5O~}_2yC\0O\0QY\0Xd??\0/^pnO7=ty\'PjO?t|~?٠	lf>|n^xTfO&yَ͌ 66HR\0\'?@>%A/<o88?Y4#?wv.G}[\0.-M9^>Vc~F珥?ca?+ElfqD\0\0?~I\0Vva?~|ˏ?MEfN#c\0x\0@[ۤ|qy{T\Z?t;#>A<\0m_q\0f\'u򟑸!yR\0o?63f8\"CK\\(\0h+;w0?x\0xP/^pY\0Xd??Џ?ۤYعaoh\0q4Cx[ڋw[)>\\<t/<91Oh_?M\'\0QY۹Qڥ.??\05!8/C\0	n\0ny-PjV/t\0sp{/ڧG~,\\05Oq?\0c~F珥Kg\0$\0j+͘cd/q\0<\0\0(B[ۤ|qy{QfN#c\0x\0B<\0nqgbyտ٠~Seoj/lf>|n^xQpf8~4_l$H}?ݠ,.;wCimewJ>l\0&\0?i\0k\0l?w(NU\0ka^y^/Q\Z͝thMX~T\0\r\n\0\0\r\n\0֭­T\Z}ݴn\"ry\rS07nqֵuz&,Oaai[\\n	ygC;# c-/L+\0\r\n\0\0\r\n\0=.+j]vJM\\\\Nr1S_Ѭd;G5koIWsE\\3Kdd\0`\0Ck\04Ck\05[w-<%sb{O-L+!V*v:!H9/@4?f\0+O3G4?f\0+O3\\u\0Ck\04Ck\05Q@4?f\0+O3G4?f\0+O3\\u\0Ck\04Ck\05Q@4?f\0+O3G4?f\0+O3\\u\0Ck\04Ck\05Q@4?f\0+O3G4?f\0+O3_~|]/W>}ݛجfhOg+>\rx>3-G5I>$00r;߲-u[cq!1$P/\r,88-JNneR{Wŭ\"+ب߹\\\ZIn\0u\'4=ϔJ\0?~I\0W91Oj_2yC\0O\0@Y۹QڄH<~G!\0fy\'@Ż2_ۺ|Oq8ohyَ͌ 66H@\0o?\'?@>/q\0<\0\0q	q~h\0Kwtϗ/8^yojRq{SxԞ:<\0nqgbyտ٨5\'~c>?xyԟ3>S7/<}*_?M\'\0Q_l$H}?ݩ|ˏ?M\0EgnG_j [ڋ7Bq_t;#>\0&{/+{Qnc1?#pBҋ΃1٢63f8\"C\0Kg\0$\0j+;w0?x\0xTe&y\'٠->_y彪\rJNneR{TOŝV\0fԞ/8R@ۺ|O~\07ME~@ll!\0v.??\04O~}Kwtϗ/8^yoj,q	q~hG~,\\04\0\\[s!|EϔJ.:Ï~V\0f͘cd/ٟ~&\0(RG!\0fH<~5+w9=IS?wv.G}[Ryۧ8I\0|	e/9x7o\09~sWzles=ե˿\\代*2y*A\'Ҹ`\0C??\0v%M:?yj5I\'~\0M}G\0h\0ݿƽ:/C3.F᯼W?珵񉙓CYP\0?ڶyG?}s\0%\037o\0v\0Q\0\Z?aᯝ	\0>MxYΡ ,qs?ocG??9U\0\0?\0\0	Ϩ\0z0_!	\0b<c2j\Zy#xQy&\0>\04n?\0c^?a?<5L\0L}/:;\\\\}y&\0>\04n?\0c^7!!g:;/?\0hyG?g?ʿ_<v\0Q\0\Z?7o\0Nˑxk~ď@<bfdT?31\0i\0*\0M}G\0h\0ݿƽ:OC1xkm&B珵~1sxk\\y&\0>\04n?\0c^\0xg\0g\04ȿa̄C]Js?bG\0i\0*\0_[5/_q\\\\!6WZ?!e&S/ZQ aXd\0c={Ryۧ8Ixa?3eno\"{w[)>/ٟ~&\0sc6c\r$>Ծe&+;w0?x\0xP/^pY\0Xd??Џ?ۤYعaoh\0q4Cx[ڋw[)>\\<t/<91Oh_?M\'\0QY۹Qڥ.??\05!8/C\0AB3\rm%ݩ`\0\0mj\0ͳ!XOy\0x\0BkC(\0I}[c\0G\0	\0!	?6\nw\Z&h>K$\'=%EX6^r9v\0v\\\0\0\0@j5\0\\P۰r\0\0\0j+=ri/5P\0?\03@\\qGzK:X,?唃I?!\'sO\0w|%\0EB3\rm%ݩ`\0\0mj\0ͳ!XOy\0x\0BkC(\0I}[c\0G\0	\0!	?6\nw\Z&h>K$\'=%EX6^r9v\0v\\\0\0\0@j5\0\\P۰r\0\0\0j+=ri/5P\0?\03@\\qGzK:X,?唃I?!\'sO\0w|%\0EB3\rm%ݩ`\0\0mj\0ͳ!XOy\0x\0BkC(\0I}[c\0G\0	\0!	?6\nw\Z&h>K$\'=%EX6^r9v\0v\\\0\0\0@j5\0\\P۰r\0\0\0j+=ri/5P\0?\03@\\qGzK:X,?唃I?!\'sO\0w|%\0EB3\rm%ݩ`\0\0mj\0ͳ!XOy\0x\0BkC(\0I}[c\0G\0	\0!	?6\nw\Z&h>K$\'=%EX6^r9v\0v\\\0\0\0@j5\0\\PڔwU!tq݀Z~}[˻elE3 ޹\'k\0τo=rv軚*2}HIP;\rV N+`r\'4yyeF}OJ.a-yY<&a}Nq׽YOijf!9s L92IL-?*<\0W*:<3ӗź0#SVw\\?9ջ5-ma:b`t*3Ҽ_ʏ-?*?ʟ΃fsĚڍ琹Q3کWGGOARFwWGGOARFwWGGOARFwWGGOARFwWGGOARFwWGGOARFwWGGOARFvRz}r=MQ#w-2Ƅ䪷P	뎵r-?*UG!GID憸vPgYk*&;ǗW=vGZ,˿rNmeA^_{\0x[U/DT~f78tP{״j\0RWR*3qN})I_X6^r9v\0v݃/\0S?3lV^sŤ?К?n?_V\0fX\0?\03BBOͨƹ		\0IB3\rm%ݫ?\0\0\ZGA\06Tܼ\09\\a?%<ZKiT6?Ot4!teQ\05Be9\'6e jOI\0\\A\0_\0EI@_됵e(ÛIGoj_?y\0r\05>\0 \0*3lV^sŤ?К?n?_V\0fX\0?\03BBOͨƹ		\0IB3\rm%ݫ?\0\0\ZGA\06Tܼ\09\\a?%<ZKiT6?Ot4!teQ\05Be9\'6e jOI\0\\A\0_\0EI@_됵e(ÛIGoj_?y\0r\05>\0 \0*3lV^sŤ?К?n?_V\0fX\0?\03BBOͨƹ		\0IB3\rm%ݫ?\0\0\ZGA\06Tܼ\09\\a?%<ZKiT6?Ot4!teQ\05Be9\'6e jOI\0\\A\0_\0EI@_됵e(ÛIGoj_?y\0r\05>\0 \0*3lV^sŤ?К?n?_V\0fX\0?\03BBOͨƹ		\0IB3\rm%ݫ?\0\0\ZGA\06Tܼ\09\\a?%<ZKiT6?Ot4!teQ\05Be9\'6e jOI\0\\A\0_\0EI@_됵e(ÛIGoj_?y\0r\05>\0 \0*3lV^sŤ?К?n?_V\0fX\0?\03BBOͨƹ		\0IB3\rm%ݫ?\0\0\ZGA\06Tܼ\09\\a?%<ZKiT6?Ot4!teQ\05Be9\'6e jOI\0\\A\0_\0EI@_됵e(ÛIGoj_?y\0r\05>\0 \0*3lV^sŤ?К?n?_V\0fX\0?\03BBOͨƹ		\0IB3\rm%ݫ?\0\0\ZGA\06Tܼ\09\\a?%<ZKiT6?OtW0%C!qKo\0<!\0skw2eX`S\0:?6l`hNa(?hK\rɋzbGƸc~NOjr$-|\0NgŌ4.d ,f\"+e&Or>QI+Ia6G@}\r	18co\0_t6=n5GRr{PXoLX\rժ\rJ\\~A܉y1\0t5\rr6e$|ǧ\0t70%C!qKo\0<!\0skw2eX`S\0:?6l`hNa(?hK\rɋzbGƸc~NOjr$-|\0NgŌ4.d ,f\"+e&Or>QI+Ia6G@}\r	18co\0_t6=n5GRr{PXoLX\rժ\rJ\\~A܉y1\0t5\rr6e$|ǧ\0t70%C!qKo\0<!\0skw2eX`S\0:?6l`hNa(?hK\rɋzbGƸc~NOjr$-|\0NgŌ4.d ,f\"+e&Or>QI+Ia6G@}\r	18co\0_t6=n5GRr{PXoLX\rժ\rJ\\~A܉y1\0t5\rr6e$|ǧ\0t70%C!qKo\0<!\0skw2eX`S\0:?6l`hNa(?hK\rɋzbGƸc~NOjr$-|\0NgŌ4.d ,f\"+e&Or>QI+Ia6G@}q:̗WЯnv\r4|RH1,T\0\0ǭƸc~NOj\0>x<H?).V\0f~\rxA/,\0y`4~aHp~_P?*5!o3 v>桽^Й>줏pv81	hA\Z\\qK\0\n[)xg\0p4I+Ia6GN߻\0\0\n\0ǃ	h:\\?П<okRǭƸc~NOjr$-|\0NgW<A	k?+٢\0ǃb<\'B1ipq+kw.Lt|==[6V*mʀR\0K?+\0x=9🆏sOw\0=LrOI@\'\"~\ZE e:%9<VƷr$-|\0Ng7\'ݔ\0\0<3?\r#K?ݩKx;/\0&5cei20F\0@Y{Bs?\r8Kǃ?\r`\"?ojXLrOI@DϘ	:{\0ǃh1?\rs!%ps4_zXG4F .8\0vmnIppGkw2eX`P\0\n[)xg\0p4#,K|1视fhM6xs\\*O\0ǭƸc~NOj\0K\rɋzAX~!9ԕ5!o3 v>桽^Й>줏pv8b#B8\0?~MnXZLr?*w\0GP͝\r	18	cy1`\"6VHLrOI@DϘ	:{\0۸f̄s0%C!qb6rNG88#މ5cei20FϷ\0\09#o\0ǭƸc~NOj\0K\rɋzAX~!9ԕ5!o3 v>桽^Й>줏pv8b#B8\0?~MnXZLr?*w\0GP͝\r	18	cy1`\"6VHLrOI@DϘ	:{\0۸f̄s0%C!qb6rNG88#މ5cei20FϷ\0\09#o\0ǭƸc~NOj\0K\rɋzAX~!9ԕ5!o3 v>桽^Й>줏pv8b#B8\0?~MnXZLr?*w\0GP͝\r	18	cy1`\"6VHLrOI@DϘ	:{\0۸f̄s0%C!qb6rNG88#މ5cei20FϷ\0\09#o\0ǭƸc~NOj\0K\rɋzAX~!9ԕ5!o3 v>桽^Й>줏pv8b#B8\0?~MnXZLr?*w\0GP͝\r	18	cy1`\"6VHLrOI@DϘ	:{\0۸f̄s0%C!qb6rNG88#މ5cei20FϷ\0\09#o\0ǭƸc~NOj\0K\rɋzAX~!9ԕ5!o3 v>桽^Й>줏pv8b#B8\0?~MnXZLr?*w\0GP͝\r	18	cy1`\"6VHLrOI@DϘ	:{\0۸f̄s0%C!qb6rNG88#މ5cei20FϷ\0\09#o\0ǭƸc~NOj\0K\rɋzAX~!9ԕ5!o3 v>桽^Й>줏pv8b#B8\0?~MnXZLr?*w\0GP͝\r	18	cy1`\"6VHLrOI@DϘ	:{\0۸f̄s0%C!qb6rNG88#މ5cei20FϷ\0\09#o\0ǭƸc~NOj\0'),('Motorcycles','Our motorcycles are state of the art replicas of classic as well as contemporary motorcycle legends such as Harley Davidson, Ducati and Vespa. Models contain stunning details such as official logos, rotating wheels, working kickstand, front suspension, gear-shift lever, footbrake lever, and drive chain. Materials used include diecast and plastic. The models range in size from 1:10 to 1:50 scale and include numerous limited edition and several out-of-production vehicles. All models come fully assembled and ready for display in the home or office. Most include a certificate of authenticity.',NULL,NULL),('Planes','Unique, diecast airplane and helicopter replicas suitable for collections, as well as home, office or classroom decorations. Models contain stunning details such as official logos and insignias, rotating jet engines and propellers, retractable wheels, and so on. Most come fully assembled and with a certificate of authenticity from their manufacturers.',NULL,NULL),('Ships','The perfect holiday or anniversary gift for executives, clients, friends, and family. These handcrafted model ships are unique, stunning works of art that will be treasured for generations! They come fully assembled and ready for display in the home or office. We guarantee the highest quality, and best value.',NULL,NULL),('Trains','Model trains are a rewarding hobby for enthusiasts of all ages. Whether you\'re looking for collectible wooden trains, electric streetcars or locomotives, you\'ll find a number of great choices for any budget within this category. The interactive aspect of trains makes toy trains perfect for young children. The wooden train sets are ideal for children under the age of 5.',NULL,NULL),('Trucks and Buses','The Truck and Bus models are realistic replicas of buses and specialized trucks produced from the early 1920s to present. The models range in size from 1:12 to 1:50 scale and include numerous limited edition and several out-of-production vehicles. Materials used include tin, diecast and plastic. All models include a certificate of authenticity from their manufacturers and are a perfect ornament for the home and office.',NULL,NULL),('Vintage Cars','Our Vintage Car models realistically portray automobiles produced from the early 1900s through the 1940s. Materials used include Bakelite, diecast, plastic and wood. Most of the replicas are in the 1:18 and 1:24 scale sizes, which provide the optimum in detail and accuracy. Prices range from $30.00 up to $180.00 for some special limited edition replicas. All models include a certificate of authenticity from their manufacturers and come fully assembled and ready for display in the home or office.',NULL,NULL);
/*!40000 ALTER TABLE `productlines` ENABLE KEYS */;
UNLOCK TABLES;

--
-- Dumping data for table `products`
--

LOCK TABLES `products` WRITE;
/*!40000 ALTER TABLE `products` DISABLE KEYS */;
INSERT INTO `products` VALUES ('S10_1678','1969 Harley Davidson Ultimate Chopper','Motorcycles','1:10','Min Lin Diecast1','This replica features working kickstand, front suspension, gear-shift lever, footbrake lever, drive chain, wheels and steering. All parts are particularly delicate due to their precise scale and require special care and attention.',7933,48.81,95.70),('S10_1949','1952 Alpine Renault 1300','Classic Cars','1:10','Classic Metal Creations','Turnable front wheels; steering function; detailed interior; detailed engine; opening hood; opening trunk; opening doors; and detailed chassis.',7305,98.58,214.30),('S10_2016','1996 Moto Guzzi 1100i','Motorcycles','1:10','Highway 66 Mini Classics','Official Moto Guzzi logos and insignias, saddle bags located on side of motorcycle, detailed engine, working steering, working suspension, two leather seats, luggage rack, dual exhaust pipes, small saddle bag located on handle bars, two-tone paint with chrome accents, superior die-cast detail , rotating wheels , working kick stand, diecast metal with plastic parts and baked enamel finish.',6625,68.99,118.94),('S10_4698','2003 Harley-Davidson Eagle Drag Bike','Motorcycles','1:10','Red Start Diecast','Model features, official Harley Davidson logos and insignias, detachable rear wheelie bar, heavy diecast metal with resin parts, authentic multi-color tampo-printed graphics, separate engine drive belts, free-turning front fork, rotating tires and rear racing slick, certificate of authenticity, detailed engine, display stand\r\n, precision diecast replica, baked enamel finish, 1:10 scale model, removable fender, seat and tank cover piece for displaying the superior detail of the v-twin engine',5582,91.02,193.66),('S10_4757','1972 Alfa Romeo GTA','Classic Cars','1:10','Motor City Art Classics','Features include: Turnable front wheels; steering function; detailed interior; detailed engine; opening hood; opening trunk; opening doors; and detailed chassis.',3252,85.68,136.00),('S10_4962','1962 LanciaA Delta 16V','Classic Cars','1:10','Second Gear Diecast','Features include: Turnable front wheels; steering function; detailed interior; detailed engine; opening hood; opening trunk; opening doors; and detailed chassis.',6791,103.42,147.74),('S12_1099','1968 Ford Mustang','Classic Cars','1:12','Autoart Studio Design','Hood, doors and trunk all open to reveal highly detailed interior features. Steering wheel actually turns the front wheels. Color dark green.',68,95.34,194.57),('S12_1108','2001 Ferrari Enzo','Classic Cars','1:12','Second Gear Diecast','Turnable front wheels; steering function; detailed interior; detailed engine; opening hood; opening trunk; opening doors; and detailed chassis.',3619,95.59,207.80),('S12_1666','1958 Setra Bus','Trucks and Buses','1:12','Welly Diecast Productions','Model features 30 windows, skylights & glare resistant glass, working steering system, original logos',1579,77.90,136.67),('S12_2823','2002 Suzuki XREO','Motorcycles','1:12','Unimax Art Galleries','Official logos and insignias, saddle bags located on side of motorcycle, detailed engine, working steering, working suspension, two leather seats, luggage rack, dual exhaust pipes, small saddle bag located on handle bars, two-tone paint with chrome accents, superior die-cast detail , rotating wheels , working kick stand, diecast metal with plastic parts and baked enamel finish.',9997,66.27,150.62),('S12_3148','1969 Corvair Monza','Classic Cars','1:18','Welly Diecast Productions','1:18 scale die-cast about 10\" long doors open, hood opens, trunk opens and wheels roll',6906,89.14,151.08),('S12_3380','1968 Dodge Charger','Classic Cars','1:12','Welly Diecast Productions','1:12 scale model of a 1968 Dodge Charger. Hood, doors and trunk all open to reveal highly detailed interior features. Steering wheel actually turns the front wheels. Color black',9123,75.16,117.44),('S12_3891','1969 Ford Falcon','Classic Cars','1:12','Second Gear Diecast','Turnable front wheels; steering function; detailed interior; detailed engine; opening hood; opening trunk; opening doors; and detailed chassis.',1049,83.05,173.02),('S12_3990','1970 Plymouth Hemi Cuda','Classic Cars','1:12','Studio M Art Models','Very detailed 1970 Plymouth Cuda model in 1:12 scale. The Cuda is generally accepted as one of the fastest original muscle cars from the 1970s. This model is a reproduction of one of the orginal 652 cars built in 1970. Red color.',5663,31.92,79.80),('S12_4473','1957 Chevy Pickup','Trucks and Buses','1:12','Exoto Designs','1:12 scale die-cast about 20\" long Hood opens, Rubber wheels',6125,55.70,118.50),('S12_4675','1969 Dodge Charger','Classic Cars','1:12','Welly Diecast Productions','Detailed model of the 1969 Dodge Charger. This model includes finely detailed interior and exterior features. Painted in red and white.',7323,58.73,115.16),('S18_1097','1940 Ford Pickup Truck','Trucks and Buses','1:18','Studio M Art Models','This model features soft rubber tires, working steering, rubber mud guards, authentic Ford logos, detailed undercarriage, opening doors and hood,  removable split rear gate, full size spare mounted in bed, detailed interior with opening glove box',2613,58.33,116.67),('S18_1129','1993 Mazda RX-7','Classic Cars','1:18','Highway 66 Mini Classics','This model features, opening hood, opening doors, detailed engine, rear spoiler, opening trunk, working steering, tinted windows, baked enamel finish. Color red.',3975,83.51,141.54),('S18_1342','1937 Lincoln Berline','Vintage Cars','1:18','Motor City Art Classics','Features opening engine cover, doors, trunk, and fuel filler cap. Color black',8693,60.62,102.74),('S18_1367','1936 Mercedes-Benz 500K Special Roadster','Vintage Cars','1:18','Studio M Art Models','This 1:18 scale replica is constructed of heavy die-cast metal and has all the features of the original: working doors and rumble seat, independent spring suspension, detailed interior, working steering system, and a bifold hood that reveals an engine so accurate that it even includes the wiring. All this is topped off with a baked enamel finish. Color white.',8635,24.26,53.91),('S18_1589','1965 Aston Martin DB5','Classic Cars','1:18','Classic Metal Creations','Die-cast model of the silver 1965 Aston Martin DB5 in silver. This model includes full wire wheels and doors that open with fully detailed passenger compartment. In 1:18 scale, this model measures approximately 10 inches/20 cm long.',9042,65.96,124.44),('S18_1662','1980s Black Hawk Helicopter','Planes','1:18','Red Start Diecast','1:18 scale replica of actual Army\'s UH-60L BLACK HAWK Helicopter. 100% hand-assembled. Features rotating rotor blades, propeller blades and rubber wheels.',5330,77.27,157.69),('S18_1749','1917 Grand Touring Sedan','Vintage Cars','1:18','Welly Diecast Productions','This 1:18 scale replica of the 1917 Grand Touring car has all the features you would expect from museum quality reproductions: all four doors and bi-fold hood opening, detailed engine and instrument panel, chrome-look trim, and tufted upholstery, all topped off with a factory baked-enamel finish.',2724,86.70,170.00),('S18_1889','1948 Porsche 356-A Roadster','Classic Cars','1:18','Gearbox Collectibles','This precision die-cast replica features opening doors, superb detail and craftsmanship, working steering system, opening forward compartment, opening rear trunk with removable spare, 4 wheel independent spring suspension as well as factory baked enamel finish.',8826,53.90,77.00),('S18_1984','1995 Honda Civic','Classic Cars','1:18','Min Lin Diecast','This model features, opening hood, opening doors, detailed engine, rear spoiler, opening trunk, working steering, tinted windows, baked enamel finish. Color yellow.',9772,93.89,142.25),('S18_2238','1998 Chrysler Plymouth Prowler','Classic Cars','1:18','Gearbox Collectibles','Turnable front wheels; steering function; detailed interior; detailed engine; opening hood; opening trunk; opening doors; and detailed chassis.',4724,101.51,163.73),('S18_2248','1911 Ford Town Car','Vintage Cars','1:18','Motor City Art Classics','Features opening hood, opening doors, opening trunk, wide white wall tires, front door arm rests, working steering system.',540,33.30,60.54),('S18_2319','1964 Mercedes Tour Bus','Trucks and Buses','1:18','Unimax Art Galleries','Exact replica. 100+ parts. working steering system, original logos',8258,74.86,122.73),('S18_2325','1932 Model A Ford J-Coupe','Vintage Cars','1:18','Autoart Studio Design','This model features grille-mounted chrome horn, lift-up louvered hood, fold-down rumble seat, working steering system, chrome-covered spare, opening doors, detailed and wired engine',9354,58.48,127.13),('S18_2432','1926 Ford Fire Engine','Trucks and Buses','1:18','Carousel DieCast Legends','Gleaming red handsome appearance. Everything is here the fire hoses, ladder, axes, bells, lanterns, ready to fight any inferno.',2018,24.92,60.77),('S18_2581','P-51-D Mustang','Planes','1:72','Gearbox Collectibles','Has retractable wheels and comes with a stand',992,49.00,84.48),('S18_2625','1936 Harley Davidson El Knucklehead','Motorcycles','1:18','Welly Diecast Productions','Intricately detailed with chrome accents and trim, official die-struck logos and baked enamel finish.',4357,24.23,60.57),('S18_2795','1928 Mercedes-Benz SSK','Vintage Cars','1:18','Gearbox Collectibles','This 1:18 replica features grille-mounted chrome horn, lift-up louvered hood, fold-down rumble seat, working steering system, chrome-covered spare, opening doors, detailed and wired engine. Color black.',548,72.56,168.75),('S18_2870','1999 Indy 500 Monte Carlo SS','Classic Cars','1:18','Red Start Diecast','Features include opening and closing doors. Color: Red',8164,56.76,132.00),('S18_2949','1913 Ford Model T Speedster','Vintage Cars','1:18','Carousel DieCast Legends','This 250 part reproduction includes moving handbrakes, clutch, throttle and foot pedals, squeezable horn, detailed wired engine, removable water, gas, and oil cans, pivoting monocle windshield, all topped with a baked enamel red finish. Each replica comes with an Owners Title and Certificate of Authenticity. Color red.',4189,60.78,101.31),('S18_2957','1934 Ford V8 Coupe','Vintage Cars','1:18','Min Lin Diecast','Chrome Trim, Chrome Grille, Opening Hood, Opening Doors, Opening Trunk, Detailed Engine, Working Steering System',5649,34.35,62.46),('S18_3029','1999 Yamaha Speed Boat','Ships','1:18','Min Lin Diecast','Exact replica. Wood and Metal. Many extras including rigging, long boats, pilot house, anchors, etc. Comes with three masts, all square-rigged.',4259,51.61,86.02),('S18_3136','18th Century Vintage Horse Carriage','Vintage Cars','1:18','Red Start Diecast','Hand crafted diecast-like metal horse carriage is re-created in about 1:18 scale of antique horse carriage. This antique style metal Stagecoach is all hand-assembled with many different parts.\r\n\r\nThis collectible metal horse carriage is painted in classic Red, and features turning steering wheel and is entirely hand-finished.',5992,60.74,104.72),('S18_3140','1903 Ford Model A','Vintage Cars','1:18','Unimax Art Galleries','Features opening trunk,  working steering system',3913,68.30,136.59),('S18_3232','1992 Ferrari 360 Spider red','Classic Cars','1:18','Unimax Art Galleries','his replica features opening doors, superb detail and craftsmanship, working steering system, opening forward compartment, opening rear trunk with removable spare, 4 wheel independent spring suspension as well as factory baked enamel finish.',8347,77.90,169.34),('S18_3233','1985 Toyota Supra','Classic Cars','1:18','Highway 66 Mini Classics','This model features soft rubber tires, working steering, rubber mud guards, authentic Ford logos, detailed undercarriage, opening doors and hood, removable split rear gate, full size spare mounted in bed, detailed interior with opening glove box',7733,57.01,107.57),('S18_3259','Collectable Wooden Train','Trains','1:18','Carousel DieCast Legends','Hand crafted wooden toy train set is in about 1:18 scale, 25 inches in total length including 2 additional carts, of actual vintage train. This antique style wooden toy train model set is all hand-assembled with 100% wood.',6450,67.56,100.84),('S18_3278','1969 Dodge Super Bee','Classic Cars','1:18','Min Lin Diecast','This replica features opening doors, superb detail and craftsmanship, working steering system, opening forward compartment, opening rear trunk with removable spare, 4 wheel independent spring suspension as well as factory baked enamel finish.',1917,49.05,80.41),('S18_3320','1917 Maxwell Touring Car','Vintage Cars','1:18','Exoto Designs','Features Gold Trim, Full Size Spare Tire, Chrome Trim, Chrome Grille, Opening Hood, Opening Doors, Opening Trunk, Detailed Engine, Working Steering System',7913,57.54,99.21),('S18_3482','1976 Ford Gran Torino','Classic Cars','1:18','Gearbox Collectibles','Highly detailed 1976 Ford Gran Torino \"Starsky and Hutch\" diecast model. Very well constructed and painted in red and white patterns.',9127,73.49,146.99),('S18_3685','1948 Porsche Type 356 Roadster','Classic Cars','1:18','Gearbox Collectibles','This model features working front and rear suspension on accurately replicated and actuating shock absorbers as well as opening engine cover, rear stabilizer flap,  and 4 opening doors.',8990,62.16,141.28),('S18_3782','1957 Vespa GS150','Motorcycles','1:18','Studio M Art Models','Features rotating wheels , working kick stand. Comes with stand.',7689,32.95,62.17),('S18_3856','1941 Chevrolet Special Deluxe Cabriolet','Vintage Cars','1:18','Exoto Designs','Features opening hood, opening doors, opening trunk, wide white wall tires, front door arm rests, working steering system, leather upholstery. Color black.',2378,64.58,105.87),('S18_4027','1970 Triumph Spitfire','Classic Cars','1:18','Min Lin Diecast','Features include opening and closing doors. Color: White.',5545,91.92,143.62),('S18_4409','1932 Alfa Romeo 8C2300 Spider Sport','Vintage Cars','1:18','Exoto Designs','This 1:18 scale precision die cast replica features the 6 front headlights of the original, plus a detailed version of the 142 horsepower straight 8 engine, dual spares and their famous comprehensive dashboard. Color black.',6553,43.26,92.03),('S18_4522','1904 Buick Runabout','Vintage Cars','1:18','Exoto Designs','Features opening trunk,  working steering system',8290,52.66,87.77),('S18_4600','1940s Ford truck','Trucks and Buses','1:18','Motor City Art Classics','This 1940s Ford Pick-Up truck is re-created in 1:18 scale of original 1940s Ford truck. This antique style metal 1940s Ford Flatbed truck is all hand-assembled. This collectible 1940\'s Pick-Up truck is painted in classic dark green color, and features rotating wheels.',3128,84.76,121.08),('S18_4668','1939 Cadillac Limousine','Vintage Cars','1:18','Studio M Art Models','Features completely detailed interior including Velvet flocked drapes,deluxe wood grain floor, and a wood grain casket with seperate chrome handles',6645,23.14,50.31),('S18_4721','1957 Corvette Convertible','Classic Cars','1:18','Classic Metal Creations','1957 die cast Corvette Convertible in Roman Red with white sides and whitewall tires. 1:18 scale quality die-cast with detailed engine and underbvody. Now you can own The Classic Corvette.',1249,69.93,148.80),('S18_4933','1957 Ford Thunderbird','Classic Cars','1:18','Studio M Art Models','This 1:18 scale precision die-cast replica, with its optional porthole hardtop and factory baked-enamel Thunderbird Bronze finish, is a 100% accurate rendition of this American classic.',3209,34.21,71.27),('S24_1046','1970 Chevy Chevelle SS 454','Classic Cars','1:24','Unimax Art Galleries','This model features rotating wheels, working streering system and opening doors. All parts are particularly delicate due to their precise scale and require special care and attention. It should not be picked up by the doors, roof, hood or trunk.',1005,49.24,73.49),('S24_1444','1970 Dodge Coronet','Classic Cars','1:24','Highway 66 Mini Classics','1:24 scale die-cast about 18\" long doors open, hood opens and rubber wheels',4074,32.37,57.80),('S24_1578','1997 BMW R 1100 S','Motorcycles','1:24','Autoart Studio Design','Detailed scale replica with working suspension and constructed from over 70 parts',7003,60.86,112.70),('S24_1628','1966 Shelby Cobra 427 S/C','Classic Cars','1:24','Carousel DieCast Legends','This diecast model of the 1966 Shelby Cobra 427 S/C includes many authentic details and operating parts. The 1:24 scale model of this iconic lighweight sports car from the 1960s comes in silver and it\'s own display case.',8197,29.18,50.31),('S24_1785','1928 British Royal Navy Airplane','Planes','1:24','Classic Metal Creations','Official logos and insignias',3627,66.74,109.42),('S24_1937','1939 Chevrolet Deluxe Coupe','Vintage Cars','1:24','Motor City Art Classics','This 1:24 scale die-cast replica of the 1939 Chevrolet Deluxe Coupe has the same classy look as the original. Features opening trunk, hood and doors and a showroom quality baked enamel finish.',7332,22.57,33.19),('S24_2000','1960 BSA Gold Star DBD34','Motorcycles','1:24','Highway 66 Mini Classics','Detailed scale replica with working suspension and constructed from over 70 parts',15,37.32,76.17),('S24_2011','18th century schooner','Ships','1:24','Carousel DieCast Legends','All wood with canvas sails. Many extras including rigging, long boats, pilot house, anchors, etc. Comes with 4 masts, all square-rigged.',1898,82.34,122.89),('S24_2022','1938 Cadillac V-16 Presidential Limousine','Vintage Cars','1:24','Classic Metal Creations','This 1:24 scale precision die cast replica of the 1938 Cadillac V-16 Presidential Limousine has all the details of the original, from the flags on the front to an opening back seat compartment complete with telephone and rifle. Features factory baked-enamel black finish, hood goddess ornament, working jump seats.',2847,20.61,44.80),('S24_2300','1962 Volkswagen Microbus','Trucks and Buses','1:24','Autoart Studio Design','This 1:18 scale die cast replica of the 1962 Microbus is loaded with features: A working steering system, opening front doors and tailgate, and famous two-tone factory baked enamel finish, are all topped of by the sliding, real fabric, sunroof.',2327,61.34,127.79),('S24_2360','1982 Ducati 900 Monster','Motorcycles','1:24','Highway 66 Mini Classics','Features two-tone paint with chrome accents, superior die-cast detail , rotating wheels , working kick stand',6840,47.10,69.26),('S24_2766','1949 Jaguar XK 120','Classic Cars','1:24','Classic Metal Creations','Precision-engineered from original Jaguar specification in perfect scale ratio. Features opening doors, superb detail and craftsmanship, working steering system, opening forward compartment, opening rear trunk with removable spare, 4 wheel independent spring suspension as well as factory baked enamel finish.',2350,47.25,90.87),('S24_2840','1958 Chevy Corvette Limited Edition','Classic Cars','1:24','Carousel DieCast Legends','The operating parts of this 1958 Chevy Corvette Limited Edition are particularly delicate due to their precise scale and require special care and attention. Features rotating wheels, working streering, opening doors and trunk. Color dark green.',2542,15.91,35.36),('S24_2841','1900s Vintage Bi-Plane','Planes','1:24','Autoart Studio Design','Hand crafted diecast-like metal bi-plane is re-created in about 1:24 scale of antique pioneer airplane. All hand-assembled with many different parts. Hand-painted in classic yellow and features correct markings of original airplane.',5942,34.25,68.51),('S24_2887','1952 Citroen-15CV','Classic Cars','1:24','Exoto Designs','Precision crafted hand-assembled 1:18 scale reproduction of the 1952 15CV, with its independent spring suspension, working steering system, opening doors and hood, detailed engine and instrument panel, all topped of with a factory fresh baked enamel finish.',1452,72.82,117.44),('S24_2972','1982 Lamborghini Diablo','Classic Cars','1:24','Second Gear Diecast','This replica features opening doors, superb detail and craftsmanship, working steering system, opening forward compartment, opening rear trunk with removable spare, 4 wheel independent spring suspension as well as factory baked enamel finish.',7723,16.24,37.76),('S24_3151','1912 Ford Model T Delivery Wagon','Vintage Cars','1:24','Min Lin Diecast','This model features chrome trim and grille, opening hood, opening doors, opening trunk, detailed engine, working steering system. Color white.',9173,46.91,88.51),('S24_3191','1969 Chevrolet Camaro Z28','Classic Cars','1:24','Exoto Designs','1969 Z/28 Chevy Camaro 1:24 scale replica. The operating parts of this limited edition 1:24 scale diecast model car 1969 Chevy Camaro Z28- hood, trunk, wheels, streering, suspension and doors- are particularly delicate due to their precise scale and require special care and attention.',4695,50.51,85.61),('S24_3371','1971 Alpine Renault 1600s','Classic Cars','1:24','Welly Diecast Productions','This 1971 Alpine Renault 1600s replica Features opening doors, superb detail and craftsmanship, working steering system, opening forward compartment, opening rear trunk with removable spare, 4 wheel independent spring suspension as well as factory baked enamel finish.',7995,38.58,61.23),('S24_3420','1937 Horch 930V Limousine','Vintage Cars','1:24','Autoart Studio Design','Features opening hood, opening doors, opening trunk, wide white wall tires, front door arm rests, working steering system',2902,26.30,65.75),('S24_3432','2002 Chevy Corvette','Classic Cars','1:24','Gearbox Collectibles','The operating parts of this limited edition Diecast 2002 Chevy Corvette 50th Anniversary Pace car Limited Edition are particularly delicate due to their precise scale and require special care and attention. Features rotating wheels, poseable streering, opening doors and trunk.',9446,62.11,107.08),('S24_3816','1940 Ford Delivery Sedan','Vintage Cars','1:24','Carousel DieCast Legends','Chrome Trim, Chrome Grille, Opening Hood, Opening Doors, Opening Trunk, Detailed Engine, Working Steering System. Color black.',6621,48.64,83.86),('S24_3856','1956 Porsche 356A Coupe','Classic Cars','1:18','Classic Metal Creations','Features include: Turnable front wheels; steering function; detailed interior; detailed engine; opening hood; opening trunk; opening doors; and detailed chassis.',6600,98.30,140.43),('S24_3949','Corsair F4U ( Bird Cage)','Planes','1:24','Second Gear Diecast','Has retractable wheels and comes with a stand. Official logos and insignias.',6812,29.34,68.24),('S24_3969','1936 Mercedes Benz 500k Roadster','Vintage Cars','1:24','Red Start Diecast','This model features grille-mounted chrome horn, lift-up louvered hood, fold-down rumble seat, working steering system and rubber wheels. Color black.',2081,21.75,41.03),('S24_4048','1992 Porsche Cayenne Turbo Silver','Classic Cars','1:24','Exoto Designs','This replica features opening doors, superb detail and craftsmanship, working steering system, opening forward compartment, opening rear trunk with removable spare, 4 wheel independent spring suspension as well as factory baked enamel finish.',6582,69.78,118.28),('S24_4258','1936 Chrysler Airflow','Vintage Cars','1:24','Second Gear Diecast','Features opening trunk,  working steering system. Color dark green.',4710,57.46,97.39),('S24_4278','1900s Vintage Tri-Plane','Planes','1:24','Unimax Art Galleries','Hand crafted diecast-like metal Triplane is Re-created in about 1:24 scale of antique pioneer airplane. This antique style metal triplane is all hand-assembled with many different parts.',2756,36.23,72.45),('S24_4620','1961 Chevrolet Impala','Classic Cars','1:18','Classic Metal Creations','This 1:18 scale precision die-cast reproduction of the 1961 Chevrolet Impala has all the features-doors, hood and trunk that open; detailed 409 cubic-inch engine; chrome dashboard and stick shift, two-tone interior; working steering system; all topped of with a factory baked-enamel finish.',7869,32.33,80.84),('S32_1268','1980’s GM Manhattan Express','Trucks and Buses','1:32','Motor City Art Classics','This 1980’s era new look Manhattan express is still active, running from the Bronx to mid-town Manhattan. Has 35 opeining windows and working lights. Needs a battery.',5099,53.93,96.31),('S32_1374','1997 BMW F650 ST','Motorcycles','1:32','Exoto Designs','Features official die-struck logos and baked enamel finish. Comes with stand.',178,66.92,99.89),('S32_2206','1982 Ducati 996 R','Motorcycles','1:32','Gearbox Collectibles','Features rotating wheels , working kick stand. Comes with stand.',9241,24.14,40.23),('S32_2509','1954 Greyhound Scenicruiser','Trucks and Buses','1:32','Classic Metal Creations','Model features bi-level seating, 50 windows, skylights & glare resistant glass, working steering system, original logos',2874,25.98,54.11),('S32_3207','1950\'s Chicago Surface Lines Streetcar','Trains','1:32','Gearbox Collectibles','This streetcar is a joy to see. It has 80 separate windows, electric wire guides, detailed interiors with seats, poles and drivers controls, rolling and turning wheel assemblies, plus authentic factory baked-enamel finishes (Green Hornet for Chicago and Cream and Crimson for Boston).',8601,26.72,62.14),('S32_3522','1996 Peterbilt 379 Stake Bed with Outrigger','Trucks and Buses','1:32','Red Start Diecast','This model features, opening doors, detailed engine, working steering, tinted windows, detailed interior, die-struck logos, removable stakes operating outriggers, detachable second trailer, functioning 360-degree self loader, precision molded resin trailer and trim, baked enamel finish on cab',814,33.61,64.64),('S32_4289','1928 Ford Phaeton Deluxe','Vintage Cars','1:32','Highway 66 Mini Classics','This model features grille-mounted chrome horn, lift-up louvered hood, fold-down rumble seat, working steering system',136,33.02,68.79),('S32_4485','1974 Ducati 350 Mk3 Desmo','Motorcycles','1:32','Second Gear Diecast','This model features two-tone paint with chrome accents, superior die-cast detail , rotating wheels , working kick stand',3341,56.13,102.05),('S50_1341','1930 Buick Marquette Phaeton','Vintage Cars','1:50','Studio M Art Models','Features opening trunk,  working steering system',7062,27.06,43.64),('S50_1392','Diamond T620 Semi-Skirted Tanker','Trucks and Buses','1:50','Highway 66 Mini Classics','This limited edition model is licensed and perfectly scaled for Lionel Trains. The Diamond T620 has been produced in solid precision diecast and painted with a fire baked enamel finish. It comes with a removable tanker and is a perfect model to add authenticity to your static train or car layout or to just have on display.',1016,68.29,115.75),('S50_1514','1962 City of Detroit Streetcar','Trains','1:50','Classic Metal Creations','This streetcar is a joy to see. It has 99 separate windows, electric wire guides, detailed interiors with seats, poles and drivers controls, rolling and turning wheel assemblies, plus authentic factory baked-enamel finishes (Green Hornet for Chicago and Cream and Crimson for Boston).',1645,37.49,58.58),('S50_4713','2002 Yamaha YZR M1','Motorcycles','1:50','Autoart Studio Design','Features rotating wheels , working kick stand. Comes with stand.',600,34.17,81.36),('S700_1138','The Schooner Bluenose','Ships','1:700','Autoart Studio Design','All wood with canvas sails. Measures 31 1/2 inches in Length, 22 inches High and 4 3/4 inches Wide. Many extras.\r\nThe schooner Bluenose was built in Nova Scotia in 1921 to fish the rough waters off the coast of Newfoundland. Because of the Bluenose racing prowess she became the pride of all Canadians. Still featured on stamps and the Canadian dime, the Bluenose was lost off Haiti in 1946.',1897,34.00,66.67),('S700_1691','American Airlines: B767-300','Planes','1:700','Min Lin Diecast','Exact replia with official logos and insignias and retractable wheels',5841,51.15,91.34),('S700_1938','The Mayflower','Ships','1:700','Studio M Art Models','Measures 31 1/2 inches Long x 25 1/2 inches High x 10 5/8 inches Wide\r\nAll wood with canvas sail. Extras include long boats, rigging, ladders, railing, anchors, side cannons, hand painted, etc.',737,43.30,86.61),('S700_2047','HMS Bounty','Ships','1:700','Unimax Art Galleries','Measures 30 inches Long x 27 1/2 inches High x 4 3/4 inches Wide. \r\nMany extras including rigging, long boats, pilot house, anchors, etc. Comes with three masts, all square-rigged.',3501,39.83,90.52),('S700_2466','America West Airlines B757-200','Planes','1:700','Motor City Art Classics','Official logos and insignias. Working steering system. Rotating jet engines',9653,68.80,99.72),('S700_2610','The USS Constitution Ship','Ships','1:700','Red Start Diecast','All wood with canvas sails. Measures 31 1/2\" Length x 22 3/8\" High x 8 1/4\" Width. Extras include 4 boats on deck, sea sprite on bow, anchors, copper railing, pilot houses, etc.',7083,33.97,72.28),('S700_2824','1982 Camaro Z28','Classic Cars','1:18','Carousel DieCast Legends','Features include opening and closing doors. Color: White. \r\nMeasures approximately 9 1/2\" Long.',6934,46.53,101.15),('S700_2834','ATA: B757-300','Planes','1:700','Highway 66 Mini Classics','Exact replia with official logos and insignias and retractable wheels',7106,59.33,118.65),('S700_3167','F/A 18 Hornet 1/72','Planes','1:72','Motor City Art Classics','10\" Wingspan with retractable landing gears.Comes with pilot',551,54.40,80.00),('S700_3505','The Titanic','Ships','1:700','Carousel DieCast Legends','Completed model measures 19 1/2 inches long, 9 inches high, 3inches wide and is in barn red/black. All wood and metal.',1956,51.09,100.17),('S700_3962','The Queen Mary','Ships','1:700','Welly Diecast Productions','Exact replica. Wood and Metal. Many extras including rigging, long boats, pilot house, anchors, etc. Comes with three masts, all square-rigged.',5088,53.63,99.31),('S700_4002','American Airlines: MD-11S','Planes','1:700','Second Gear Diecast','Polished finish. Exact replia with official logos and insignias and retractable wheels',8820,36.27,74.03),('S72_1253','Boeing X-32A JSF','Planes','1:72','Motor City Art Classics','10\" Wingspan with retractable landing gears.Comes with pilot',4857,32.77,49.66),('S72_3212','Pont Yacht','Ships','1:72','Unimax Art Galleries','Measures 38 inches Long x 33 3/4 inches High. Includes a stand.\r\nMany extras including rigging, long boats, pilot house, anchors, etc. Comes with 2 masts, all square-rigged',414,33.30,54.60),('S72_3213','b52','Planes','1:55','Red Start Diecast','All wood with canvas sails. Measures 31 1/2',1,2500.00,1000.00);
/*!40000 ALTER TABLE `products` ENABLE KEYS */;
UNLOCK TABLES;

--
-- Dumping data for table `users`
--

LOCK TABLES `users` WRITE;
/*!40000 ALTER TABLE `users` DISABLE KEYS */;
INSERT INTO `users` VALUES (1,'admin','123',1002),(2,'afshin','456',1002),(3,'helman','456',1002);
/*!40000 ALTER TABLE `users` ENABLE KEYS */;
UNLOCK TABLES;
/*!40103 SET TIME_ZONE=@OLD_TIME_ZONE */;

/*!40101 SET SQL_MODE=@OLD_SQL_MODE */;
/*!40014 SET FOREIGN_KEY_CHECKS=@OLD_FOREIGN_KEY_CHECKS */;
/*!40101 SET CHARACTER_SET_CLIENT=@OLD_CHARACTER_SET_CLIENT */;
/*!40101 SET CHARACTER_SET_RESULTS=@OLD_CHARACTER_SET_RESULTS */;
/*!40101 SET COLLATION_CONNECTION=@OLD_COLLATION_CONNECTION */;
/*!40111 SET SQL_NOTES=@OLD_SQL_NOTES */;

-- Dump completed on 2021-02-26 13:21:35
